ID,Hair_Type_Code,Hair_Type_Description,Hair_Porosity,Scalp_Type,Common_Issue,Likely_Cause,Symptoms,Recommended_Solution,Suggested_Treatment,Treatment_Frequency,Severity_Level
1,1A,"Straight - Fine, no curl pattern",Low Porosity,Oily Scalp,Dandruff,"Malassezia fungus overgrowth, dry skin, or sensitivity to hair products","White/yellow flakes on scalp and shoulders, mild itching","Use an anti-dandruff shampoo containing zinc pyrithione, ketoconazole, or selenium sulfide; avoid over-washing. Porosity-specific tip: Use lightweight, water-based products applied to damp hair; avoid heavy butters/oils that sit on the cuticle; consider heat (steam) to help product absorption.",Medicated anti-dandruff shampoo,2-3 times per week,Mild-Moderate
2,1A,"Straight - Fine, no curl pattern",Low Porosity,Oily Scalp,Dry Scalp,"Low sebum production, cold/dry weather, harsh shampoos, or dehydration","Tight, flaky, itchy scalp without excess oil","Apply a hydrating scalp oil (jojoba, argan) and switch to a sulfate-free moisturizing shampoo. Porosity-specific tip: Use lightweight, water-based products applied to damp hair; avoid heavy butters/oils that sit on the cuticle; consider heat (steam) to help product absorption.",Scalp oil massage + hydrating shampoo,2 times per week,Mild
3,1A,"Straight - Fine, no curl pattern",Low Porosity,Oily Scalp,Oily Scalp,"Overactive sebaceous glands, hormonal changes, or infrequent washing","Greasy roots, flat-looking hair, scalp odor","Use a clarifying shampoo with tea tree oil or salicylic acid; avoid heavy conditioners near the roots. Porosity-specific tip: Use lightweight, water-based products applied to damp hair; avoid heavy butters/oils that sit on the cuticle; consider heat (steam) to help product absorption.",Clarifying shampoo,Every 2-3 days,Mild-Moderate
4,1A,"Straight - Fine, no curl pattern",Low Porosity,Oily Scalp,Hair Breakage,"Excess heat styling, chemical treatments, over-brushing, or protein/moisture imbalance","Short broken strands, rough texture, visible split hairs","Reduce heat styling, use a protein-moisture balanced deep conditioner, trim damaged ends. Porosity-specific tip: Use lightweight, water-based products applied to damp hair; avoid heavy butters/oils that sit on the cuticle; consider heat (steam) to help product absorption.",Protein treatment + deep conditioning mask,Weekly,Moderate
5,1A,"Straight - Fine, no curl pattern",Low Porosity,Oily Scalp,Split Ends,"Mechanical damage, lack of trimming, friction from towels/pillowcases","Frayed, forked hair tips that look dry and dull","Regular trims every 8-10 weeks and use leave-in conditioner or hair oil to seal ends. Porosity-specific tip: Use lightweight, water-based products applied to damp hair; avoid heavy butters/oils that sit on the cuticle; consider heat (steam) to help product absorption.",Leave-in conditioner + regular trims,"Bi-weekly application, trims every 2 months",Mild
6,1A,"Straight - Fine, no curl pattern",Low Porosity,Oily Scalp,Frizz,"Humidity, lack of moisture, raised hair cuticle, or over-washing","Flyaway strands, rough and unmanageable texture","Use anti-frizz serum, microfiber towel drying, and leave-in cream with humectants like glycerin. Porosity-specific tip: Use lightweight, water-based products applied to damp hair; avoid heavy butters/oils that sit on the cuticle; consider heat (steam) to help product absorption.",Anti-frizz serum/cream,Daily as needed,Mild
7,1A,"Straight - Fine, no curl pattern",Low Porosity,Oily Scalp,Hair Thinning,"Genetics, stress, nutritional deficiency, hormonal imbalance, or postpartum changes","Reduced hair density, visible scalp, thinner ponytail","Use minoxidil-based topical treatment, biotin/iron supplementation (consult a doctor), and gentle scalp massage. Porosity-specific tip: Use lightweight, water-based products applied to damp hair; avoid heavy butters/oils that sit on the cuticle; consider heat (steam) to help product absorption.",Minoxidil topical + supplements,Daily application,Moderate-Severe
8,1A,"Straight - Fine, no curl pattern",Low Porosity,Oily Scalp,Itchy/Irritated Scalp,"Allergic reaction to products, dry skin, dandruff, or scalp psoriasis/eczema","Persistent itching, redness, occasional burning sensation","Switch to fragrance-free, sulfate-free shampoo; use a soothing scalp serum with aloe vera or tea tree oil. Porosity-specific tip: Use lightweight, water-based products applied to damp hair; avoid heavy butters/oils that sit on the cuticle; consider heat (steam) to help product absorption.",Soothing scalp serum,"Daily until resolved, then 2x/week",Mild-Moderate
9,1A,"Straight - Fine, no curl pattern",Low Porosity,Oily Scalp,Product Buildup,"Accumulation of styling products, hard water minerals, or infrequent clarifying washes","Dull, weighed-down hair, reduced curl definition, waxy scalp feel","Use a clarifying or chelating shampoo once every 1-2 weeks to remove residue. Porosity-specific tip: Use lightweight, water-based products applied to damp hair; avoid heavy butters/oils that sit on the cuticle; consider heat (steam) to help product absorption.",Clarifying/chelating shampoo,Every 1-2 weeks,Mild
10,1A,"Straight - Fine, no curl pattern",Low Porosity,Dry Scalp,Dandruff,"Malassezia fungus overgrowth, dry skin, or sensitivity to hair products","White/yellow flakes on scalp and shoulders, mild itching","Use an anti-dandruff shampoo containing zinc pyrithione, ketoconazole, or selenium sulfide; avoid over-washing. Porosity-specific tip: Use lightweight, water-based products applied to damp hair; avoid heavy butters/oils that sit on the cuticle; consider heat (steam) to help product absorption.",Medicated anti-dandruff shampoo,2-3 times per week,Mild-Moderate
11,1A,"Straight - Fine, no curl pattern",Low Porosity,Dry Scalp,Dry Scalp,"Low sebum production, cold/dry weather, harsh shampoos, or dehydration","Tight, flaky, itchy scalp without excess oil","Apply a hydrating scalp oil (jojoba, argan) and switch to a sulfate-free moisturizing shampoo. Porosity-specific tip: Use lightweight, water-based products applied to damp hair; avoid heavy butters/oils that sit on the cuticle; consider heat (steam) to help product absorption.",Scalp oil massage + hydrating shampoo,2 times per week,Mild
12,1A,"Straight - Fine, no curl pattern",Low Porosity,Dry Scalp,Oily Scalp,"Overactive sebaceous glands, hormonal changes, or infrequent washing","Greasy roots, flat-looking hair, scalp odor","Use a clarifying shampoo with tea tree oil or salicylic acid; avoid heavy conditioners near the roots. Porosity-specific tip: Use lightweight, water-based products applied to damp hair; avoid heavy butters/oils that sit on the cuticle; consider heat (steam) to help product absorption.",Clarifying shampoo,Every 2-3 days,Mild-Moderate
13,1A,"Straight - Fine, no curl pattern",Low Porosity,Dry Scalp,Hair Breakage,"Excess heat styling, chemical treatments, over-brushing, or protein/moisture imbalance","Short broken strands, rough texture, visible split hairs","Reduce heat styling, use a protein-moisture balanced deep conditioner, trim damaged ends. Porosity-specific tip: Use lightweight, water-based products applied to damp hair; avoid heavy butters/oils that sit on the cuticle; consider heat (steam) to help product absorption.",Protein treatment + deep conditioning mask,Weekly,Moderate
14,1A,"Straight - Fine, no curl pattern",Low Porosity,Dry Scalp,Hair Thinning,"Genetics, stress, nutritional deficiency, hormonal imbalance, or postpartum changes","Reduced hair density, visible scalp, thinner ponytail","Use minoxidil-based topical treatment, biotin/iron supplementation (consult a doctor), and gentle scalp massage. Porosity-specific tip: Use lightweight, water-based products applied to damp hair; avoid heavy butters/oils that sit on the cuticle; consider heat (steam) to help product absorption.",Minoxidil topical + supplements,Daily application,Moderate-Severe
15,1A,"Straight - Fine, no curl pattern",Low Porosity,Dry Scalp,Itchy/Irritated Scalp,"Allergic reaction to products, dry skin, dandruff, or scalp psoriasis/eczema","Persistent itching, redness, occasional burning sensation","Switch to fragrance-free, sulfate-free shampoo; use a soothing scalp serum with aloe vera or tea tree oil. Porosity-specific tip: Use lightweight, water-based products applied to damp hair; avoid heavy butters/oils that sit on the cuticle; consider heat (steam) to help product absorption.",Soothing scalp serum,"Daily until resolved, then 2x/week",Mild-Moderate
16,1A,"Straight - Fine, no curl pattern",Low Porosity,Dry Scalp,Product Buildup,"Accumulation of styling products, hard water minerals, or infrequent clarifying washes","Dull, weighed-down hair, reduced curl definition, waxy scalp feel","Use a clarifying or chelating shampoo once every 1-2 weeks to remove residue. Porosity-specific tip: Use lightweight, water-based products applied to damp hair; avoid heavy butters/oils that sit on the cuticle; consider heat (steam) to help product absorption.",Clarifying/chelating shampoo,Every 1-2 weeks,Mild
17,1A,"Straight - Fine, no curl pattern",Low Porosity,Normal Scalp,Dandruff,"Malassezia fungus overgrowth, dry skin, or sensitivity to hair products","White/yellow flakes on scalp and shoulders, mild itching","Use an anti-dandruff shampoo containing zinc pyrithione, ketoconazole, or selenium sulfide; avoid over-washing. Porosity-specific tip: Use lightweight, water-based products applied to damp hair; avoid heavy butters/oils that sit on the cuticle; consider heat (steam) to help product absorption.",Medicated anti-dandruff shampoo,2-3 times per week,Mild-Moderate
18,1A,"Straight - Fine, no curl pattern",Low Porosity,Normal Scalp,Dry Scalp,"Low sebum production, cold/dry weather, harsh shampoos, or dehydration","Tight, flaky, itchy scalp without excess oil","Apply a hydrating scalp oil (jojoba, argan) and switch to a sulfate-free moisturizing shampoo. Porosity-specific tip: Use lightweight, water-based products applied to damp hair; avoid heavy butters/oils that sit on the cuticle; consider heat (steam) to help product absorption.",Scalp oil massage + hydrating shampoo,2 times per week,Mild
19,1A,"Straight - Fine, no curl pattern",Low Porosity,Normal Scalp,Split Ends,"Mechanical damage, lack of trimming, friction from towels/pillowcases","Frayed, forked hair tips that look dry and dull","Regular trims every 8-10 weeks and use leave-in conditioner or hair oil to seal ends. Porosity-specific tip: Use lightweight, water-based products applied to damp hair; avoid heavy butters/oils that sit on the cuticle; consider heat (steam) to help product absorption.",Leave-in conditioner + regular trims,"Bi-weekly application, trims every 2 months",Mild
20,1A,"Straight - Fine, no curl pattern",Low Porosity,Normal Scalp,Frizz,"Humidity, lack of moisture, raised hair cuticle, or over-washing","Flyaway strands, rough and unmanageable texture","Use anti-frizz serum, microfiber towel drying, and leave-in cream with humectants like glycerin. Porosity-specific tip: Use lightweight, water-based products applied to damp hair; avoid heavy butters/oils that sit on the cuticle; consider heat (steam) to help product absorption.",Anti-frizz serum/cream,Daily as needed,Mild
21,1A,"Straight - Fine, no curl pattern",Low Porosity,Normal Scalp,Hair Thinning,"Genetics, stress, nutritional deficiency, hormonal imbalance, or postpartum changes","Reduced hair density, visible scalp, thinner ponytail","Use minoxidil-based topical treatment, biotin/iron supplementation (consult a doctor), and gentle scalp massage. Porosity-specific tip: Use lightweight, water-based products applied to damp hair; avoid heavy butters/oils that sit on the cuticle; consider heat (steam) to help product absorption.",Minoxidil topical + supplements,Daily application,Moderate-Severe
22,1A,"Straight - Fine, no curl pattern",Low Porosity,Normal Scalp,Itchy/Irritated Scalp,"Allergic reaction to products, dry skin, dandruff, or scalp psoriasis/eczema","Persistent itching, redness, occasional burning sensation","Switch to fragrance-free, sulfate-free shampoo; use a soothing scalp serum with aloe vera or tea tree oil. Porosity-specific tip: Use lightweight, water-based products applied to damp hair; avoid heavy butters/oils that sit on the cuticle; consider heat (steam) to help product absorption.",Soothing scalp serum,"Daily until resolved, then 2x/week",Mild-Moderate
23,1A,"Straight - Fine, no curl pattern",Low Porosity,Normal Scalp,Product Buildup,"Accumulation of styling products, hard water minerals, or infrequent clarifying washes","Dull, weighed-down hair, reduced curl definition, waxy scalp feel","Use a clarifying or chelating shampoo once every 1-2 weeks to remove residue. Porosity-specific tip: Use lightweight, water-based products applied to damp hair; avoid heavy butters/oils that sit on the cuticle; consider heat (steam) to help product absorption.",Clarifying/chelating shampoo,Every 1-2 weeks,Mild
24,1A,"Straight - Fine, no curl pattern",Low Porosity,Combination Scalp,Dandruff,"Malassezia fungus overgrowth, dry skin, or sensitivity to hair products","White/yellow flakes on scalp and shoulders, mild itching","Use an anti-dandruff shampoo containing zinc pyrithione, ketoconazole, or selenium sulfide; avoid over-washing. Porosity-specific tip: Use lightweight, water-based products applied to damp hair; avoid heavy butters/oils that sit on the cuticle; consider heat (steam) to help product absorption.",Medicated anti-dandruff shampoo,2-3 times per week,Mild-Moderate
25,1A,"Straight - Fine, no curl pattern",Low Porosity,Combination Scalp,Dry Scalp,"Low sebum production, cold/dry weather, harsh shampoos, or dehydration","Tight, flaky, itchy scalp without excess oil","Apply a hydrating scalp oil (jojoba, argan) and switch to a sulfate-free moisturizing shampoo. Porosity-specific tip: Use lightweight, water-based products applied to damp hair; avoid heavy butters/oils that sit on the cuticle; consider heat (steam) to help product absorption.",Scalp oil massage + hydrating shampoo,2 times per week,Mild
26,1A,"Straight - Fine, no curl pattern",Low Porosity,Combination Scalp,Oily Scalp,"Overactive sebaceous glands, hormonal changes, or infrequent washing","Greasy roots, flat-looking hair, scalp odor","Use a clarifying shampoo with tea tree oil or salicylic acid; avoid heavy conditioners near the roots. Porosity-specific tip: Use lightweight, water-based products applied to damp hair; avoid heavy butters/oils that sit on the cuticle; consider heat (steam) to help product absorption.",Clarifying shampoo,Every 2-3 days,Mild-Moderate
27,1A,"Straight - Fine, no curl pattern",Low Porosity,Combination Scalp,Hair Breakage,"Excess heat styling, chemical treatments, over-brushing, or protein/moisture imbalance","Short broken strands, rough texture, visible split hairs","Reduce heat styling, use a protein-moisture balanced deep conditioner, trim damaged ends. Porosity-specific tip: Use lightweight, water-based products applied to damp hair; avoid heavy butters/oils that sit on the cuticle; consider heat (steam) to help product absorption.",Protein treatment + deep conditioning mask,Weekly,Moderate
28,1A,"Straight - Fine, no curl pattern",Low Porosity,Combination Scalp,Split Ends,"Mechanical damage, lack of trimming, friction from towels/pillowcases","Frayed, forked hair tips that look dry and dull","Regular trims every 8-10 weeks and use leave-in conditioner or hair oil to seal ends. Porosity-specific tip: Use lightweight, water-based products applied to damp hair; avoid heavy butters/oils that sit on the cuticle; consider heat (steam) to help product absorption.",Leave-in conditioner + regular trims,"Bi-weekly application, trims every 2 months",Mild
29,1A,"Straight - Fine, no curl pattern",Low Porosity,Combination Scalp,Frizz,"Humidity, lack of moisture, raised hair cuticle, or over-washing","Flyaway strands, rough and unmanageable texture","Use anti-frizz serum, microfiber towel drying, and leave-in cream with humectants like glycerin. Porosity-specific tip: Use lightweight, water-based products applied to damp hair; avoid heavy butters/oils that sit on the cuticle; consider heat (steam) to help product absorption.",Anti-frizz serum/cream,Daily as needed,Mild
30,1A,"Straight - Fine, no curl pattern",Low Porosity,Combination Scalp,Hair Thinning,"Genetics, stress, nutritional deficiency, hormonal imbalance, or postpartum changes","Reduced hair density, visible scalp, thinner ponytail","Use minoxidil-based topical treatment, biotin/iron supplementation (consult a doctor), and gentle scalp massage. Porosity-specific tip: Use lightweight, water-based products applied to damp hair; avoid heavy butters/oils that sit on the cuticle; consider heat (steam) to help product absorption.",Minoxidil topical + supplements,Daily application,Moderate-Severe
31,1A,"Straight - Fine, no curl pattern",Low Porosity,Combination Scalp,Product Buildup,"Accumulation of styling products, hard water minerals, or infrequent clarifying washes","Dull, weighed-down hair, reduced curl definition, waxy scalp feel","Use a clarifying or chelating shampoo once every 1-2 weeks to remove residue. Porosity-specific tip: Use lightweight, water-based products applied to damp hair; avoid heavy butters/oils that sit on the cuticle; consider heat (steam) to help product absorption.",Clarifying/chelating shampoo,Every 1-2 weeks,Mild
32,1A,"Straight - Fine, no curl pattern",Low Porosity,Sensitive Scalp,Dandruff,"Malassezia fungus overgrowth, dry skin, or sensitivity to hair products","White/yellow flakes on scalp and shoulders, mild itching","Use an anti-dandruff shampoo containing zinc pyrithione, ketoconazole, or selenium sulfide; avoid over-washing. Porosity-specific tip: Use lightweight, water-based products applied to damp hair; avoid heavy butters/oils that sit on the cuticle; consider heat (steam) to help product absorption.",Medicated anti-dandruff shampoo,2-3 times per week,Mild-Moderate
33,1A,"Straight - Fine, no curl pattern",Low Porosity,Sensitive Scalp,Dry Scalp,"Low sebum production, cold/dry weather, harsh shampoos, or dehydration","Tight, flaky, itchy scalp without excess oil","Apply a hydrating scalp oil (jojoba, argan) and switch to a sulfate-free moisturizing shampoo. Porosity-specific tip: Use lightweight, water-based products applied to damp hair; avoid heavy butters/oils that sit on the cuticle; consider heat (steam) to help product absorption.",Scalp oil massage + hydrating shampoo,2 times per week,Mild
34,1A,"Straight - Fine, no curl pattern",Low Porosity,Sensitive Scalp,Oily Scalp,"Overactive sebaceous glands, hormonal changes, or infrequent washing","Greasy roots, flat-looking hair, scalp odor","Use a clarifying shampoo with tea tree oil or salicylic acid; avoid heavy conditioners near the roots. Porosity-specific tip: Use lightweight, water-based products applied to damp hair; avoid heavy butters/oils that sit on the cuticle; consider heat (steam) to help product absorption.",Clarifying shampoo,Every 2-3 days,Mild-Moderate
35,1A,"Straight - Fine, no curl pattern",Low Porosity,Sensitive Scalp,Hair Breakage,"Excess heat styling, chemical treatments, over-brushing, or protein/moisture imbalance","Short broken strands, rough texture, visible split hairs","Reduce heat styling, use a protein-moisture balanced deep conditioner, trim damaged ends. Porosity-specific tip: Use lightweight, water-based products applied to damp hair; avoid heavy butters/oils that sit on the cuticle; consider heat (steam) to help product absorption.",Protein treatment + deep conditioning mask,Weekly,Moderate
36,1A,"Straight - Fine, no curl pattern",Low Porosity,Sensitive Scalp,Split Ends,"Mechanical damage, lack of trimming, friction from towels/pillowcases","Frayed, forked hair tips that look dry and dull","Regular trims every 8-10 weeks and use leave-in conditioner or hair oil to seal ends. Porosity-specific tip: Use lightweight, water-based products applied to damp hair; avoid heavy butters/oils that sit on the cuticle; consider heat (steam) to help product absorption.",Leave-in conditioner + regular trims,"Bi-weekly application, trims every 2 months",Mild
37,1A,"Straight - Fine, no curl pattern",Low Porosity,Sensitive Scalp,Frizz,"Humidity, lack of moisture, raised hair cuticle, or over-washing","Flyaway strands, rough and unmanageable texture","Use anti-frizz serum, microfiber towel drying, and leave-in cream with humectants like glycerin. Porosity-specific tip: Use lightweight, water-based products applied to damp hair; avoid heavy butters/oils that sit on the cuticle; consider heat (steam) to help product absorption.",Anti-frizz serum/cream,Daily as needed,Mild
38,1A,"Straight - Fine, no curl pattern",Low Porosity,Sensitive Scalp,Hair Thinning,"Genetics, stress, nutritional deficiency, hormonal imbalance, or postpartum changes","Reduced hair density, visible scalp, thinner ponytail","Use minoxidil-based topical treatment, biotin/iron supplementation (consult a doctor), and gentle scalp massage. Porosity-specific tip: Use lightweight, water-based products applied to damp hair; avoid heavy butters/oils that sit on the cuticle; consider heat (steam) to help product absorption.",Minoxidil topical + supplements,Daily application,Moderate-Severe
39,1A,"Straight - Fine, no curl pattern",Low Porosity,Sensitive Scalp,Itchy/Irritated Scalp,"Allergic reaction to products, dry skin, dandruff, or scalp psoriasis/eczema","Persistent itching, redness, occasional burning sensation","Switch to fragrance-free, sulfate-free shampoo; use a soothing scalp serum with aloe vera or tea tree oil. Porosity-specific tip: Use lightweight, water-based products applied to damp hair; avoid heavy butters/oils that sit on the cuticle; consider heat (steam) to help product absorption.",Soothing scalp serum,"Daily until resolved, then 2x/week",Mild-Moderate
40,1A,"Straight - Fine, no curl pattern",Low Porosity,Sensitive Scalp,Product Buildup,"Accumulation of styling products, hard water minerals, or infrequent clarifying washes","Dull, weighed-down hair, reduced curl definition, waxy scalp feel","Use a clarifying or chelating shampoo once every 1-2 weeks to remove residue. Porosity-specific tip: Use lightweight, water-based products applied to damp hair; avoid heavy butters/oils that sit on the cuticle; consider heat (steam) to help product absorption.",Clarifying/chelating shampoo,Every 1-2 weeks,Mild
41,1A,"Straight - Fine, no curl pattern",Medium Porosity,Oily Scalp,Dandruff,"Malassezia fungus overgrowth, dry skin, or sensitivity to hair products","White/yellow flakes on scalp and shoulders, mild itching","Use an anti-dandruff shampoo containing zinc pyrithione, ketoconazole, or selenium sulfide; avoid over-washing. Porosity-specific tip: Balanced routine works well; maintain regular deep conditioning every 1-2 weeks to preserve moisture-protein balance.",Medicated anti-dandruff shampoo,2-3 times per week,Mild-Moderate
42,1A,"Straight - Fine, no curl pattern",Medium Porosity,Oily Scalp,Dry Scalp,"Low sebum production, cold/dry weather, harsh shampoos, or dehydration","Tight, flaky, itchy scalp without excess oil","Apply a hydrating scalp oil (jojoba, argan) and switch to a sulfate-free moisturizing shampoo. Porosity-specific tip: Balanced routine works well; maintain regular deep conditioning every 1-2 weeks to preserve moisture-protein balance.",Scalp oil massage + hydrating shampoo,2 times per week,Mild
43,1A,"Straight - Fine, no curl pattern",Medium Porosity,Oily Scalp,Oily Scalp,"Overactive sebaceous glands, hormonal changes, or infrequent washing","Greasy roots, flat-looking hair, scalp odor",Use a clarifying shampoo with tea tree oil or salicylic acid; avoid heavy conditioners near the roots. Porosity-specific tip: Balanced routine works well; maintain regular deep conditioning every 1-2 weeks to preserve moisture-protein balance.,Clarifying shampoo,Every 2-3 days,Mild-Moderate
44,1A,"Straight - Fine, no curl pattern",Medium Porosity,Oily Scalp,Hair Breakage,"Excess heat styling, chemical treatments, over-brushing, or protein/moisture imbalance","Short broken strands, rough texture, visible split hairs","Reduce heat styling, use a protein-moisture balanced deep conditioner, trim damaged ends. Porosity-specific tip: Balanced routine works well; maintain regular deep conditioning every 1-2 weeks to preserve moisture-protein balance.",Protein treatment + deep conditioning mask,Weekly,Moderate
45,1A,"Straight - Fine, no curl pattern",Medium Porosity,Oily Scalp,Split Ends,"Mechanical damage, lack of trimming, friction from towels/pillowcases","Frayed, forked hair tips that look dry and dull",Regular trims every 8-10 weeks and use leave-in conditioner or hair oil to seal ends. Porosity-specific tip: Balanced routine works well; maintain regular deep conditioning every 1-2 weeks to preserve moisture-protein balance.,Leave-in conditioner + regular trims,"Bi-weekly application, trims every 2 months",Mild
46,1A,"Straight - Fine, no curl pattern",Medium Porosity,Oily Scalp,Frizz,"Humidity, lack of moisture, raised hair cuticle, or over-washing","Flyaway strands, rough and unmanageable texture","Use anti-frizz serum, microfiber towel drying, and leave-in cream with humectants like glycerin. Porosity-specific tip: Balanced routine works well; maintain regular deep conditioning every 1-2 weeks to preserve moisture-protein balance.",Anti-frizz serum/cream,Daily as needed,Mild
47,1A,"Straight - Fine, no curl pattern",Medium Porosity,Oily Scalp,Hair Thinning,"Genetics, stress, nutritional deficiency, hormonal imbalance, or postpartum changes","Reduced hair density, visible scalp, thinner ponytail","Use minoxidil-based topical treatment, biotin/iron supplementation (consult a doctor), and gentle scalp massage. Porosity-specific tip: Balanced routine works well; maintain regular deep conditioning every 1-2 weeks to preserve moisture-protein balance.",Minoxidil topical + supplements,Daily application,Moderate-Severe
48,1A,"Straight - Fine, no curl pattern",Medium Porosity,Oily Scalp,Itchy/Irritated Scalp,"Allergic reaction to products, dry skin, dandruff, or scalp psoriasis/eczema","Persistent itching, redness, occasional burning sensation","Switch to fragrance-free, sulfate-free shampoo; use a soothing scalp serum with aloe vera or tea tree oil. Porosity-specific tip: Balanced routine works well; maintain regular deep conditioning every 1-2 weeks to preserve moisture-protein balance.",Soothing scalp serum,"Daily until resolved, then 2x/week",Mild-Moderate
49,1A,"Straight - Fine, no curl pattern",Medium Porosity,Oily Scalp,Product Buildup,"Accumulation of styling products, hard water minerals, or infrequent clarifying washes","Dull, weighed-down hair, reduced curl definition, waxy scalp feel",Use a clarifying or chelating shampoo once every 1-2 weeks to remove residue. Porosity-specific tip: Balanced routine works well; maintain regular deep conditioning every 1-2 weeks to preserve moisture-protein balance.,Clarifying/chelating shampoo,Every 1-2 weeks,Mild
50,1A,"Straight - Fine, no curl pattern",Medium Porosity,Dry Scalp,Dandruff,"Malassezia fungus overgrowth, dry skin, or sensitivity to hair products","White/yellow flakes on scalp and shoulders, mild itching","Use an anti-dandruff shampoo containing zinc pyrithione, ketoconazole, or selenium sulfide; avoid over-washing. Porosity-specific tip: Balanced routine works well; maintain regular deep conditioning every 1-2 weeks to preserve moisture-protein balance.",Medicated anti-dandruff shampoo,2-3 times per week,Mild-Moderate
51,1A,"Straight - Fine, no curl pattern",Medium Porosity,Dry Scalp,Dry Scalp,"Low sebum production, cold/dry weather, harsh shampoos, or dehydration","Tight, flaky, itchy scalp without excess oil","Apply a hydrating scalp oil (jojoba, argan) and switch to a sulfate-free moisturizing shampoo. Porosity-specific tip: Balanced routine works well; maintain regular deep conditioning every 1-2 weeks to preserve moisture-protein balance.",Scalp oil massage + hydrating shampoo,2 times per week,Mild
52,1A,"Straight - Fine, no curl pattern",Medium Porosity,Dry Scalp,Oily Scalp,"Overactive sebaceous glands, hormonal changes, or infrequent washing","Greasy roots, flat-looking hair, scalp odor",Use a clarifying shampoo with tea tree oil or salicylic acid; avoid heavy conditioners near the roots. Porosity-specific tip: Balanced routine works well; maintain regular deep conditioning every 1-2 weeks to preserve moisture-protein balance.,Clarifying shampoo,Every 2-3 days,Mild-Moderate
53,1A,"Straight - Fine, no curl pattern",Medium Porosity,Dry Scalp,Hair Breakage,"Excess heat styling, chemical treatments, over-brushing, or protein/moisture imbalance","Short broken strands, rough texture, visible split hairs","Reduce heat styling, use a protein-moisture balanced deep conditioner, trim damaged ends. Porosity-specific tip: Balanced routine works well; maintain regular deep conditioning every 1-2 weeks to preserve moisture-protein balance.",Protein treatment + deep conditioning mask,Weekly,Moderate
54,1A,"Straight - Fine, no curl pattern",Medium Porosity,Dry Scalp,Split Ends,"Mechanical damage, lack of trimming, friction from towels/pillowcases","Frayed, forked hair tips that look dry and dull",Regular trims every 8-10 weeks and use leave-in conditioner or hair oil to seal ends. Porosity-specific tip: Balanced routine works well; maintain regular deep conditioning every 1-2 weeks to preserve moisture-protein balance.,Leave-in conditioner + regular trims,"Bi-weekly application, trims every 2 months",Mild
55,1A,"Straight - Fine, no curl pattern",Medium Porosity,Dry Scalp,Frizz,"Humidity, lack of moisture, raised hair cuticle, or over-washing","Flyaway strands, rough and unmanageable texture","Use anti-frizz serum, microfiber towel drying, and leave-in cream with humectants like glycerin. Porosity-specific tip: Balanced routine works well; maintain regular deep conditioning every 1-2 weeks to preserve moisture-protein balance.",Anti-frizz serum/cream,Daily as needed,Mild
56,1A,"Straight - Fine, no curl pattern",Medium Porosity,Dry Scalp,Hair Thinning,"Genetics, stress, nutritional deficiency, hormonal imbalance, or postpartum changes","Reduced hair density, visible scalp, thinner ponytail","Use minoxidil-based topical treatment, biotin/iron supplementation (consult a doctor), and gentle scalp massage. Porosity-specific tip: Balanced routine works well; maintain regular deep conditioning every 1-2 weeks to preserve moisture-protein balance.",Minoxidil topical + supplements,Daily application,Moderate-Severe
57,1A,"Straight - Fine, no curl pattern",Medium Porosity,Dry Scalp,Itchy/Irritated Scalp,"Allergic reaction to products, dry skin, dandruff, or scalp psoriasis/eczema","Persistent itching, redness, occasional burning sensation","Switch to fragrance-free, sulfate-free shampoo; use a soothing scalp serum with aloe vera or tea tree oil. Porosity-specific tip: Balanced routine works well; maintain regular deep conditioning every 1-2 weeks to preserve moisture-protein balance.",Soothing scalp serum,"Daily until resolved, then 2x/week",Mild-Moderate
58,1A,"Straight - Fine, no curl pattern",Medium Porosity,Dry Scalp,Product Buildup,"Accumulation of styling products, hard water minerals, or infrequent clarifying washes","Dull, weighed-down hair, reduced curl definition, waxy scalp feel",Use a clarifying or chelating shampoo once every 1-2 weeks to remove residue. Porosity-specific tip: Balanced routine works well; maintain regular deep conditioning every 1-2 weeks to preserve moisture-protein balance.,Clarifying/chelating shampoo,Every 1-2 weeks,Mild
59,1A,"Straight - Fine, no curl pattern",Medium Porosity,Normal Scalp,Dandruff,"Malassezia fungus overgrowth, dry skin, or sensitivity to hair products","White/yellow flakes on scalp and shoulders, mild itching","Use an anti-dandruff shampoo containing zinc pyrithione, ketoconazole, or selenium sulfide; avoid over-washing. Porosity-specific tip: Balanced routine works well; maintain regular deep conditioning every 1-2 weeks to preserve moisture-protein balance.",Medicated anti-dandruff shampoo,2-3 times per week,Mild-Moderate
60,1A,"Straight - Fine, no curl pattern",Medium Porosity,Normal Scalp,Oily Scalp,"Overactive sebaceous glands, hormonal changes, or infrequent washing","Greasy roots, flat-looking hair, scalp odor",Use a clarifying shampoo with tea tree oil or salicylic acid; avoid heavy conditioners near the roots. Porosity-specific tip: Balanced routine works well; maintain regular deep conditioning every 1-2 weeks to preserve moisture-protein balance.,Clarifying shampoo,Every 2-3 days,Mild-Moderate
61,1A,"Straight - Fine, no curl pattern",Medium Porosity,Normal Scalp,Hair Breakage,"Excess heat styling, chemical treatments, over-brushing, or protein/moisture imbalance","Short broken strands, rough texture, visible split hairs","Reduce heat styling, use a protein-moisture balanced deep conditioner, trim damaged ends. Porosity-specific tip: Balanced routine works well; maintain regular deep conditioning every 1-2 weeks to preserve moisture-protein balance.",Protein treatment + deep conditioning mask,Weekly,Moderate
62,1A,"Straight - Fine, no curl pattern",Medium Porosity,Normal Scalp,Split Ends,"Mechanical damage, lack of trimming, friction from towels/pillowcases","Frayed, forked hair tips that look dry and dull",Regular trims every 8-10 weeks and use leave-in conditioner or hair oil to seal ends. Porosity-specific tip: Balanced routine works well; maintain regular deep conditioning every 1-2 weeks to preserve moisture-protein balance.,Leave-in conditioner + regular trims,"Bi-weekly application, trims every 2 months",Mild
63,1A,"Straight - Fine, no curl pattern",Medium Porosity,Normal Scalp,Frizz,"Humidity, lack of moisture, raised hair cuticle, or over-washing","Flyaway strands, rough and unmanageable texture","Use anti-frizz serum, microfiber towel drying, and leave-in cream with humectants like glycerin. Porosity-specific tip: Balanced routine works well; maintain regular deep conditioning every 1-2 weeks to preserve moisture-protein balance.",Anti-frizz serum/cream,Daily as needed,Mild
64,1A,"Straight - Fine, no curl pattern",Medium Porosity,Normal Scalp,Hair Thinning,"Genetics, stress, nutritional deficiency, hormonal imbalance, or postpartum changes","Reduced hair density, visible scalp, thinner ponytail","Use minoxidil-based topical treatment, biotin/iron supplementation (consult a doctor), and gentle scalp massage. Porosity-specific tip: Balanced routine works well; maintain regular deep conditioning every 1-2 weeks to preserve moisture-protein balance.",Minoxidil topical + supplements,Daily application,Moderate-Severe
65,1A,"Straight - Fine, no curl pattern",Medium Porosity,Normal Scalp,Itchy/Irritated Scalp,"Allergic reaction to products, dry skin, dandruff, or scalp psoriasis/eczema","Persistent itching, redness, occasional burning sensation","Switch to fragrance-free, sulfate-free shampoo; use a soothing scalp serum with aloe vera or tea tree oil. Porosity-specific tip: Balanced routine works well; maintain regular deep conditioning every 1-2 weeks to preserve moisture-protein balance.",Soothing scalp serum,"Daily until resolved, then 2x/week",Mild-Moderate
66,1A,"Straight - Fine, no curl pattern",Medium Porosity,Normal Scalp,Product Buildup,"Accumulation of styling products, hard water minerals, or infrequent clarifying washes","Dull, weighed-down hair, reduced curl definition, waxy scalp feel",Use a clarifying or chelating shampoo once every 1-2 weeks to remove residue. Porosity-specific tip: Balanced routine works well; maintain regular deep conditioning every 1-2 weeks to preserve moisture-protein balance.,Clarifying/chelating shampoo,Every 1-2 weeks,Mild
67,1A,"Straight - Fine, no curl pattern",Medium Porosity,Combination Scalp,Dandruff,"Malassezia fungus overgrowth, dry skin, or sensitivity to hair products","White/yellow flakes on scalp and shoulders, mild itching","Use an anti-dandruff shampoo containing zinc pyrithione, ketoconazole, or selenium sulfide; avoid over-washing. Porosity-specific tip: Balanced routine works well; maintain regular deep conditioning every 1-2 weeks to preserve moisture-protein balance.",Medicated anti-dandruff shampoo,2-3 times per week,Mild-Moderate
68,1A,"Straight - Fine, no curl pattern",Medium Porosity,Combination Scalp,Dry Scalp,"Low sebum production, cold/dry weather, harsh shampoos, or dehydration","Tight, flaky, itchy scalp without excess oil","Apply a hydrating scalp oil (jojoba, argan) and switch to a sulfate-free moisturizing shampoo. Porosity-specific tip: Balanced routine works well; maintain regular deep conditioning every 1-2 weeks to preserve moisture-protein balance.",Scalp oil massage + hydrating shampoo,2 times per week,Mild
69,1A,"Straight - Fine, no curl pattern",Medium Porosity,Combination Scalp,Oily Scalp,"Overactive sebaceous glands, hormonal changes, or infrequent washing","Greasy roots, flat-looking hair, scalp odor",Use a clarifying shampoo with tea tree oil or salicylic acid; avoid heavy conditioners near the roots. Porosity-specific tip: Balanced routine works well; maintain regular deep conditioning every 1-2 weeks to preserve moisture-protein balance.,Clarifying shampoo,Every 2-3 days,Mild-Moderate
70,1A,"Straight - Fine, no curl pattern",Medium Porosity,Combination Scalp,Hair Breakage,"Excess heat styling, chemical treatments, over-brushing, or protein/moisture imbalance","Short broken strands, rough texture, visible split hairs","Reduce heat styling, use a protein-moisture balanced deep conditioner, trim damaged ends. Porosity-specific tip: Balanced routine works well; maintain regular deep conditioning every 1-2 weeks to preserve moisture-protein balance.",Protein treatment + deep conditioning mask,Weekly,Moderate
71,1A,"Straight - Fine, no curl pattern",Medium Porosity,Combination Scalp,Split Ends,"Mechanical damage, lack of trimming, friction from towels/pillowcases","Frayed, forked hair tips that look dry and dull",Regular trims every 8-10 weeks and use leave-in conditioner or hair oil to seal ends. Porosity-specific tip: Balanced routine works well; maintain regular deep conditioning every 1-2 weeks to preserve moisture-protein balance.,Leave-in conditioner + regular trims,"Bi-weekly application, trims every 2 months",Mild
72,1A,"Straight - Fine, no curl pattern",Medium Porosity,Combination Scalp,Frizz,"Humidity, lack of moisture, raised hair cuticle, or over-washing","Flyaway strands, rough and unmanageable texture","Use anti-frizz serum, microfiber towel drying, and leave-in cream with humectants like glycerin. Porosity-specific tip: Balanced routine works well; maintain regular deep conditioning every 1-2 weeks to preserve moisture-protein balance.",Anti-frizz serum/cream,Daily as needed,Mild
73,1A,"Straight - Fine, no curl pattern",Medium Porosity,Combination Scalp,Hair Thinning,"Genetics, stress, nutritional deficiency, hormonal imbalance, or postpartum changes","Reduced hair density, visible scalp, thinner ponytail","Use minoxidil-based topical treatment, biotin/iron supplementation (consult a doctor), and gentle scalp massage. Porosity-specific tip: Balanced routine works well; maintain regular deep conditioning every 1-2 weeks to preserve moisture-protein balance.",Minoxidil topical + supplements,Daily application,Moderate-Severe
74,1A,"Straight - Fine, no curl pattern",Medium Porosity,Combination Scalp,Itchy/Irritated Scalp,"Allergic reaction to products, dry skin, dandruff, or scalp psoriasis/eczema","Persistent itching, redness, occasional burning sensation","Switch to fragrance-free, sulfate-free shampoo; use a soothing scalp serum with aloe vera or tea tree oil. Porosity-specific tip: Balanced routine works well; maintain regular deep conditioning every 1-2 weeks to preserve moisture-protein balance.",Soothing scalp serum,"Daily until resolved, then 2x/week",Mild-Moderate
75,1A,"Straight - Fine, no curl pattern",Medium Porosity,Combination Scalp,Product Buildup,"Accumulation of styling products, hard water minerals, or infrequent clarifying washes","Dull, weighed-down hair, reduced curl definition, waxy scalp feel",Use a clarifying or chelating shampoo once every 1-2 weeks to remove residue. Porosity-specific tip: Balanced routine works well; maintain regular deep conditioning every 1-2 weeks to preserve moisture-protein balance.,Clarifying/chelating shampoo,Every 1-2 weeks,Mild
76,1A,"Straight - Fine, no curl pattern",Medium Porosity,Sensitive Scalp,Dandruff,"Malassezia fungus overgrowth, dry skin, or sensitivity to hair products","White/yellow flakes on scalp and shoulders, mild itching","Use an anti-dandruff shampoo containing zinc pyrithione, ketoconazole, or selenium sulfide; avoid over-washing. Porosity-specific tip: Balanced routine works well; maintain regular deep conditioning every 1-2 weeks to preserve moisture-protein balance.",Medicated anti-dandruff shampoo,2-3 times per week,Mild-Moderate
77,1A,"Straight - Fine, no curl pattern",Medium Porosity,Sensitive Scalp,Dry Scalp,"Low sebum production, cold/dry weather, harsh shampoos, or dehydration","Tight, flaky, itchy scalp without excess oil","Apply a hydrating scalp oil (jojoba, argan) and switch to a sulfate-free moisturizing shampoo. Porosity-specific tip: Balanced routine works well; maintain regular deep conditioning every 1-2 weeks to preserve moisture-protein balance.",Scalp oil massage + hydrating shampoo,2 times per week,Mild
78,1A,"Straight - Fine, no curl pattern",Medium Porosity,Sensitive Scalp,Oily Scalp,"Overactive sebaceous glands, hormonal changes, or infrequent washing","Greasy roots, flat-looking hair, scalp odor",Use a clarifying shampoo with tea tree oil or salicylic acid; avoid heavy conditioners near the roots. Porosity-specific tip: Balanced routine works well; maintain regular deep conditioning every 1-2 weeks to preserve moisture-protein balance.,Clarifying shampoo,Every 2-3 days,Mild-Moderate
79,1A,"Straight - Fine, no curl pattern",Medium Porosity,Sensitive Scalp,Hair Breakage,"Excess heat styling, chemical treatments, over-brushing, or protein/moisture imbalance","Short broken strands, rough texture, visible split hairs","Reduce heat styling, use a protein-moisture balanced deep conditioner, trim damaged ends. Porosity-specific tip: Balanced routine works well; maintain regular deep conditioning every 1-2 weeks to preserve moisture-protein balance.",Protein treatment + deep conditioning mask,Weekly,Moderate
80,1A,"Straight - Fine, no curl pattern",Medium Porosity,Sensitive Scalp,Split Ends,"Mechanical damage, lack of trimming, friction from towels/pillowcases","Frayed, forked hair tips that look dry and dull",Regular trims every 8-10 weeks and use leave-in conditioner or hair oil to seal ends. Porosity-specific tip: Balanced routine works well; maintain regular deep conditioning every 1-2 weeks to preserve moisture-protein balance.,Leave-in conditioner + regular trims,"Bi-weekly application, trims every 2 months",Mild
81,1A,"Straight - Fine, no curl pattern",Medium Porosity,Sensitive Scalp,Frizz,"Humidity, lack of moisture, raised hair cuticle, or over-washing","Flyaway strands, rough and unmanageable texture","Use anti-frizz serum, microfiber towel drying, and leave-in cream with humectants like glycerin. Porosity-specific tip: Balanced routine works well; maintain regular deep conditioning every 1-2 weeks to preserve moisture-protein balance.",Anti-frizz serum/cream,Daily as needed,Mild
82,1A,"Straight - Fine, no curl pattern",Medium Porosity,Sensitive Scalp,Itchy/Irritated Scalp,"Allergic reaction to products, dry skin, dandruff, or scalp psoriasis/eczema","Persistent itching, redness, occasional burning sensation","Switch to fragrance-free, sulfate-free shampoo; use a soothing scalp serum with aloe vera or tea tree oil. Porosity-specific tip: Balanced routine works well; maintain regular deep conditioning every 1-2 weeks to preserve moisture-protein balance.",Soothing scalp serum,"Daily until resolved, then 2x/week",Mild-Moderate
83,1A,"Straight - Fine, no curl pattern",Medium Porosity,Sensitive Scalp,Product Buildup,"Accumulation of styling products, hard water minerals, or infrequent clarifying washes","Dull, weighed-down hair, reduced curl definition, waxy scalp feel",Use a clarifying or chelating shampoo once every 1-2 weeks to remove residue. Porosity-specific tip: Balanced routine works well; maintain regular deep conditioning every 1-2 weeks to preserve moisture-protein balance.,Clarifying/chelating shampoo,Every 1-2 weeks,Mild
84,1A,"Straight - Fine, no curl pattern",High Porosity,Oily Scalp,Dandruff,"Malassezia fungus overgrowth, dry skin, or sensitivity to hair products","White/yellow flakes on scalp and shoulders, mild itching","Use an anti-dandruff shampoo containing zinc pyrithione, ketoconazole, or selenium sulfide; avoid over-washing. Porosity-specific tip: Use rich creams, butters, and oils to seal the cuticle; do a protein treatment periodically since high porosity hair loses moisture quickly.",Medicated anti-dandruff shampoo,2-3 times per week,Mild-Moderate
85,1A,"Straight - Fine, no curl pattern",High Porosity,Oily Scalp,Oily Scalp,"Overactive sebaceous glands, hormonal changes, or infrequent washing","Greasy roots, flat-looking hair, scalp odor","Use a clarifying shampoo with tea tree oil or salicylic acid; avoid heavy conditioners near the roots. Porosity-specific tip: Use rich creams, butters, and oils to seal the cuticle; do a protein treatment periodically since high porosity hair loses moisture quickly.",Clarifying shampoo,Every 2-3 days,Mild-Moderate
86,1A,"Straight - Fine, no curl pattern",High Porosity,Oily Scalp,Hair Breakage,"Excess heat styling, chemical treatments, over-brushing, or protein/moisture imbalance","Short broken strands, rough texture, visible split hairs","Reduce heat styling, use a protein-moisture balanced deep conditioner, trim damaged ends. Porosity-specific tip: Use rich creams, butters, and oils to seal the cuticle; do a protein treatment periodically since high porosity hair loses moisture quickly.",Protein treatment + deep conditioning mask,Weekly,Moderate
87,1A,"Straight - Fine, no curl pattern",High Porosity,Oily Scalp,Split Ends,"Mechanical damage, lack of trimming, friction from towels/pillowcases","Frayed, forked hair tips that look dry and dull","Regular trims every 8-10 weeks and use leave-in conditioner or hair oil to seal ends. Porosity-specific tip: Use rich creams, butters, and oils to seal the cuticle; do a protein treatment periodically since high porosity hair loses moisture quickly.",Leave-in conditioner + regular trims,"Bi-weekly application, trims every 2 months",Mild
88,1A,"Straight - Fine, no curl pattern",High Porosity,Oily Scalp,Frizz,"Humidity, lack of moisture, raised hair cuticle, or over-washing","Flyaway strands, rough and unmanageable texture","Use anti-frizz serum, microfiber towel drying, and leave-in cream with humectants like glycerin. Porosity-specific tip: Use rich creams, butters, and oils to seal the cuticle; do a protein treatment periodically since high porosity hair loses moisture quickly.",Anti-frizz serum/cream,Daily as needed,Mild
89,1A,"Straight - Fine, no curl pattern",High Porosity,Oily Scalp,Hair Thinning,"Genetics, stress, nutritional deficiency, hormonal imbalance, or postpartum changes","Reduced hair density, visible scalp, thinner ponytail","Use minoxidil-based topical treatment, biotin/iron supplementation (consult a doctor), and gentle scalp massage. Porosity-specific tip: Use rich creams, butters, and oils to seal the cuticle; do a protein treatment periodically since high porosity hair loses moisture quickly.",Minoxidil topical + supplements,Daily application,Moderate-Severe
90,1A,"Straight - Fine, no curl pattern",High Porosity,Oily Scalp,Itchy/Irritated Scalp,"Allergic reaction to products, dry skin, dandruff, or scalp psoriasis/eczema","Persistent itching, redness, occasional burning sensation","Switch to fragrance-free, sulfate-free shampoo; use a soothing scalp serum with aloe vera or tea tree oil. Porosity-specific tip: Use rich creams, butters, and oils to seal the cuticle; do a protein treatment periodically since high porosity hair loses moisture quickly.",Soothing scalp serum,"Daily until resolved, then 2x/week",Mild-Moderate
91,1A,"Straight - Fine, no curl pattern",High Porosity,Oily Scalp,Product Buildup,"Accumulation of styling products, hard water minerals, or infrequent clarifying washes","Dull, weighed-down hair, reduced curl definition, waxy scalp feel","Use a clarifying or chelating shampoo once every 1-2 weeks to remove residue. Porosity-specific tip: Use rich creams, butters, and oils to seal the cuticle; do a protein treatment periodically since high porosity hair loses moisture quickly.",Clarifying/chelating shampoo,Every 1-2 weeks,Mild
92,1A,"Straight - Fine, no curl pattern",High Porosity,Dry Scalp,Dandruff,"Malassezia fungus overgrowth, dry skin, or sensitivity to hair products","White/yellow flakes on scalp and shoulders, mild itching","Use an anti-dandruff shampoo containing zinc pyrithione, ketoconazole, or selenium sulfide; avoid over-washing. Porosity-specific tip: Use rich creams, butters, and oils to seal the cuticle; do a protein treatment periodically since high porosity hair loses moisture quickly.",Medicated anti-dandruff shampoo,2-3 times per week,Mild-Moderate
93,1A,"Straight - Fine, no curl pattern",High Porosity,Dry Scalp,Dry Scalp,"Low sebum production, cold/dry weather, harsh shampoos, or dehydration","Tight, flaky, itchy scalp without excess oil","Apply a hydrating scalp oil (jojoba, argan) and switch to a sulfate-free moisturizing shampoo. Porosity-specific tip: Use rich creams, butters, and oils to seal the cuticle; do a protein treatment periodically since high porosity hair loses moisture quickly.",Scalp oil massage + hydrating shampoo,2 times per week,Mild
94,1A,"Straight - Fine, no curl pattern",High Porosity,Dry Scalp,Oily Scalp,"Overactive sebaceous glands, hormonal changes, or infrequent washing","Greasy roots, flat-looking hair, scalp odor","Use a clarifying shampoo with tea tree oil or salicylic acid; avoid heavy conditioners near the roots. Porosity-specific tip: Use rich creams, butters, and oils to seal the cuticle; do a protein treatment periodically since high porosity hair loses moisture quickly.",Clarifying shampoo,Every 2-3 days,Mild-Moderate
95,1A,"Straight - Fine, no curl pattern",High Porosity,Dry Scalp,Hair Breakage,"Excess heat styling, chemical treatments, over-brushing, or protein/moisture imbalance","Short broken strands, rough texture, visible split hairs","Reduce heat styling, use a protein-moisture balanced deep conditioner, trim damaged ends. Porosity-specific tip: Use rich creams, butters, and oils to seal the cuticle; do a protein treatment periodically since high porosity hair loses moisture quickly.",Protein treatment + deep conditioning mask,Weekly,Moderate
96,1A,"Straight - Fine, no curl pattern",High Porosity,Dry Scalp,Split Ends,"Mechanical damage, lack of trimming, friction from towels/pillowcases","Frayed, forked hair tips that look dry and dull","Regular trims every 8-10 weeks and use leave-in conditioner or hair oil to seal ends. Porosity-specific tip: Use rich creams, butters, and oils to seal the cuticle; do a protein treatment periodically since high porosity hair loses moisture quickly.",Leave-in conditioner + regular trims,"Bi-weekly application, trims every 2 months",Mild
97,1A,"Straight - Fine, no curl pattern",High Porosity,Dry Scalp,Frizz,"Humidity, lack of moisture, raised hair cuticle, or over-washing","Flyaway strands, rough and unmanageable texture","Use anti-frizz serum, microfiber towel drying, and leave-in cream with humectants like glycerin. Porosity-specific tip: Use rich creams, butters, and oils to seal the cuticle; do a protein treatment periodically since high porosity hair loses moisture quickly.",Anti-frizz serum/cream,Daily as needed,Mild
98,1A,"Straight - Fine, no curl pattern",High Porosity,Dry Scalp,Hair Thinning,"Genetics, stress, nutritional deficiency, hormonal imbalance, or postpartum changes","Reduced hair density, visible scalp, thinner ponytail","Use minoxidil-based topical treatment, biotin/iron supplementation (consult a doctor), and gentle scalp massage. Porosity-specific tip: Use rich creams, butters, and oils to seal the cuticle; do a protein treatment periodically since high porosity hair loses moisture quickly.",Minoxidil topical + supplements,Daily application,Moderate-Severe
99,1A,"Straight - Fine, no curl pattern",High Porosity,Dry Scalp,Itchy/Irritated Scalp,"Allergic reaction to products, dry skin, dandruff, or scalp psoriasis/eczema","Persistent itching, redness, occasional burning sensation","Switch to fragrance-free, sulfate-free shampoo; use a soothing scalp serum with aloe vera or tea tree oil. Porosity-specific tip: Use rich creams, butters, and oils to seal the cuticle; do a protein treatment periodically since high porosity hair loses moisture quickly.",Soothing scalp serum,"Daily until resolved, then 2x/week",Mild-Moderate
100,1A,"Straight - Fine, no curl pattern",High Porosity,Dry Scalp,Product Buildup,"Accumulation of styling products, hard water minerals, or infrequent clarifying washes","Dull, weighed-down hair, reduced curl definition, waxy scalp feel","Use a clarifying or chelating shampoo once every 1-2 weeks to remove residue. Porosity-specific tip: Use rich creams, butters, and oils to seal the cuticle; do a protein treatment periodically since high porosity hair loses moisture quickly.",Clarifying/chelating shampoo,Every 1-2 weeks,Mild
101,1A,"Straight - Fine, no curl pattern",High Porosity,Normal Scalp,Dandruff,"Malassezia fungus overgrowth, dry skin, or sensitivity to hair products","White/yellow flakes on scalp and shoulders, mild itching","Use an anti-dandruff shampoo containing zinc pyrithione, ketoconazole, or selenium sulfide; avoid over-washing. Porosity-specific tip: Use rich creams, butters, and oils to seal the cuticle; do a protein treatment periodically since high porosity hair loses moisture quickly.",Medicated anti-dandruff shampoo,2-3 times per week,Mild-Moderate
102,1A,"Straight - Fine, no curl pattern",High Porosity,Normal Scalp,Dry Scalp,"Low sebum production, cold/dry weather, harsh shampoos, or dehydration","Tight, flaky, itchy scalp without excess oil","Apply a hydrating scalp oil (jojoba, argan) and switch to a sulfate-free moisturizing shampoo. Porosity-specific tip: Use rich creams, butters, and oils to seal the cuticle; do a protein treatment periodically since high porosity hair loses moisture quickly.",Scalp oil massage + hydrating shampoo,2 times per week,Mild
103,1A,"Straight - Fine, no curl pattern",High Porosity,Normal Scalp,Oily Scalp,"Overactive sebaceous glands, hormonal changes, or infrequent washing","Greasy roots, flat-looking hair, scalp odor","Use a clarifying shampoo with tea tree oil or salicylic acid; avoid heavy conditioners near the roots. Porosity-specific tip: Use rich creams, butters, and oils to seal the cuticle; do a protein treatment periodically since high porosity hair loses moisture quickly.",Clarifying shampoo,Every 2-3 days,Mild-Moderate
104,1A,"Straight - Fine, no curl pattern",High Porosity,Normal Scalp,Hair Breakage,"Excess heat styling, chemical treatments, over-brushing, or protein/moisture imbalance","Short broken strands, rough texture, visible split hairs","Reduce heat styling, use a protein-moisture balanced deep conditioner, trim damaged ends. Porosity-specific tip: Use rich creams, butters, and oils to seal the cuticle; do a protein treatment periodically since high porosity hair loses moisture quickly.",Protein treatment + deep conditioning mask,Weekly,Moderate
105,1A,"Straight - Fine, no curl pattern",High Porosity,Normal Scalp,Split Ends,"Mechanical damage, lack of trimming, friction from towels/pillowcases","Frayed, forked hair tips that look dry and dull","Regular trims every 8-10 weeks and use leave-in conditioner or hair oil to seal ends. Porosity-specific tip: Use rich creams, butters, and oils to seal the cuticle; do a protein treatment periodically since high porosity hair loses moisture quickly.",Leave-in conditioner + regular trims,"Bi-weekly application, trims every 2 months",Mild
106,1A,"Straight - Fine, no curl pattern",High Porosity,Normal Scalp,Frizz,"Humidity, lack of moisture, raised hair cuticle, or over-washing","Flyaway strands, rough and unmanageable texture","Use anti-frizz serum, microfiber towel drying, and leave-in cream with humectants like glycerin. Porosity-specific tip: Use rich creams, butters, and oils to seal the cuticle; do a protein treatment periodically since high porosity hair loses moisture quickly.",Anti-frizz serum/cream,Daily as needed,Mild
107,1A,"Straight - Fine, no curl pattern",High Porosity,Normal Scalp,Hair Thinning,"Genetics, stress, nutritional deficiency, hormonal imbalance, or postpartum changes","Reduced hair density, visible scalp, thinner ponytail","Use minoxidil-based topical treatment, biotin/iron supplementation (consult a doctor), and gentle scalp massage. Porosity-specific tip: Use rich creams, butters, and oils to seal the cuticle; do a protein treatment periodically since high porosity hair loses moisture quickly.",Minoxidil topical + supplements,Daily application,Moderate-Severe
108,1A,"Straight - Fine, no curl pattern",High Porosity,Normal Scalp,Itchy/Irritated Scalp,"Allergic reaction to products, dry skin, dandruff, or scalp psoriasis/eczema","Persistent itching, redness, occasional burning sensation","Switch to fragrance-free, sulfate-free shampoo; use a soothing scalp serum with aloe vera or tea tree oil. Porosity-specific tip: Use rich creams, butters, and oils to seal the cuticle; do a protein treatment periodically since high porosity hair loses moisture quickly.",Soothing scalp serum,"Daily until resolved, then 2x/week",Mild-Moderate
109,1A,"Straight - Fine, no curl pattern",High Porosity,Normal Scalp,Product Buildup,"Accumulation of styling products, hard water minerals, or infrequent clarifying washes","Dull, weighed-down hair, reduced curl definition, waxy scalp feel","Use a clarifying or chelating shampoo once every 1-2 weeks to remove residue. Porosity-specific tip: Use rich creams, butters, and oils to seal the cuticle; do a protein treatment periodically since high porosity hair loses moisture quickly.",Clarifying/chelating shampoo,Every 1-2 weeks,Mild
110,1A,"Straight - Fine, no curl pattern",High Porosity,Combination Scalp,Dandruff,"Malassezia fungus overgrowth, dry skin, or sensitivity to hair products","White/yellow flakes on scalp and shoulders, mild itching","Use an anti-dandruff shampoo containing zinc pyrithione, ketoconazole, or selenium sulfide; avoid over-washing. Porosity-specific tip: Use rich creams, butters, and oils to seal the cuticle; do a protein treatment periodically since high porosity hair loses moisture quickly.",Medicated anti-dandruff shampoo,2-3 times per week,Mild-Moderate
111,1A,"Straight - Fine, no curl pattern",High Porosity,Combination Scalp,Dry Scalp,"Low sebum production, cold/dry weather, harsh shampoos, or dehydration","Tight, flaky, itchy scalp without excess oil","Apply a hydrating scalp oil (jojoba, argan) and switch to a sulfate-free moisturizing shampoo. Porosity-specific tip: Use rich creams, butters, and oils to seal the cuticle; do a protein treatment periodically since high porosity hair loses moisture quickly.",Scalp oil massage + hydrating shampoo,2 times per week,Mild
112,1A,"Straight - Fine, no curl pattern",High Porosity,Combination Scalp,Oily Scalp,"Overactive sebaceous glands, hormonal changes, or infrequent washing","Greasy roots, flat-looking hair, scalp odor","Use a clarifying shampoo with tea tree oil or salicylic acid; avoid heavy conditioners near the roots. Porosity-specific tip: Use rich creams, butters, and oils to seal the cuticle; do a protein treatment periodically since high porosity hair loses moisture quickly.",Clarifying shampoo,Every 2-3 days,Mild-Moderate
113,1A,"Straight - Fine, no curl pattern",High Porosity,Combination Scalp,Hair Breakage,"Excess heat styling, chemical treatments, over-brushing, or protein/moisture imbalance","Short broken strands, rough texture, visible split hairs","Reduce heat styling, use a protein-moisture balanced deep conditioner, trim damaged ends. Porosity-specific tip: Use rich creams, butters, and oils to seal the cuticle; do a protein treatment periodically since high porosity hair loses moisture quickly.",Protein treatment + deep conditioning mask,Weekly,Moderate
114,1A,"Straight - Fine, no curl pattern",High Porosity,Combination Scalp,Frizz,"Humidity, lack of moisture, raised hair cuticle, or over-washing","Flyaway strands, rough and unmanageable texture","Use anti-frizz serum, microfiber towel drying, and leave-in cream with humectants like glycerin. Porosity-specific tip: Use rich creams, butters, and oils to seal the cuticle; do a protein treatment periodically since high porosity hair loses moisture quickly.",Anti-frizz serum/cream,Daily as needed,Mild
115,1A,"Straight - Fine, no curl pattern",High Porosity,Combination Scalp,Hair Thinning,"Genetics, stress, nutritional deficiency, hormonal imbalance, or postpartum changes","Reduced hair density, visible scalp, thinner ponytail","Use minoxidil-based topical treatment, biotin/iron supplementation (consult a doctor), and gentle scalp massage. Porosity-specific tip: Use rich creams, butters, and oils to seal the cuticle; do a protein treatment periodically since high porosity hair loses moisture quickly.",Minoxidil topical + supplements,Daily application,Moderate-Severe
116,1A,"Straight - Fine, no curl pattern",High Porosity,Combination Scalp,Itchy/Irritated Scalp,"Allergic reaction to products, dry skin, dandruff, or scalp psoriasis/eczema","Persistent itching, redness, occasional burning sensation","Switch to fragrance-free, sulfate-free shampoo; use a soothing scalp serum with aloe vera or tea tree oil. Porosity-specific tip: Use rich creams, butters, and oils to seal the cuticle; do a protein treatment periodically since high porosity hair loses moisture quickly.",Soothing scalp serum,"Daily until resolved, then 2x/week",Mild-Moderate
117,1A,"Straight - Fine, no curl pattern",High Porosity,Combination Scalp,Product Buildup,"Accumulation of styling products, hard water minerals, or infrequent clarifying washes","Dull, weighed-down hair, reduced curl definition, waxy scalp feel","Use a clarifying or chelating shampoo once every 1-2 weeks to remove residue. Porosity-specific tip: Use rich creams, butters, and oils to seal the cuticle; do a protein treatment periodically since high porosity hair loses moisture quickly.",Clarifying/chelating shampoo,Every 1-2 weeks,Mild
118,1A,"Straight - Fine, no curl pattern",High Porosity,Sensitive Scalp,Dandruff,"Malassezia fungus overgrowth, dry skin, or sensitivity to hair products","White/yellow flakes on scalp and shoulders, mild itching","Use an anti-dandruff shampoo containing zinc pyrithione, ketoconazole, or selenium sulfide; avoid over-washing. Porosity-specific tip: Use rich creams, butters, and oils to seal the cuticle; do a protein treatment periodically since high porosity hair loses moisture quickly.",Medicated anti-dandruff shampoo,2-3 times per week,Mild-Moderate
119,1A,"Straight - Fine, no curl pattern",High Porosity,Sensitive Scalp,Dry Scalp,"Low sebum production, cold/dry weather, harsh shampoos, or dehydration","Tight, flaky, itchy scalp without excess oil","Apply a hydrating scalp oil (jojoba, argan) and switch to a sulfate-free moisturizing shampoo. Porosity-specific tip: Use rich creams, butters, and oils to seal the cuticle; do a protein treatment periodically since high porosity hair loses moisture quickly.",Scalp oil massage + hydrating shampoo,2 times per week,Mild
120,1A,"Straight - Fine, no curl pattern",High Porosity,Sensitive Scalp,Oily Scalp,"Overactive sebaceous glands, hormonal changes, or infrequent washing","Greasy roots, flat-looking hair, scalp odor","Use a clarifying shampoo with tea tree oil or salicylic acid; avoid heavy conditioners near the roots. Porosity-specific tip: Use rich creams, butters, and oils to seal the cuticle; do a protein treatment periodically since high porosity hair loses moisture quickly.",Clarifying shampoo,Every 2-3 days,Mild-Moderate
121,1A,"Straight - Fine, no curl pattern",High Porosity,Sensitive Scalp,Hair Breakage,"Excess heat styling, chemical treatments, over-brushing, or protein/moisture imbalance","Short broken strands, rough texture, visible split hairs","Reduce heat styling, use a protein-moisture balanced deep conditioner, trim damaged ends. Porosity-specific tip: Use rich creams, butters, and oils to seal the cuticle; do a protein treatment periodically since high porosity hair loses moisture quickly.",Protein treatment + deep conditioning mask,Weekly,Moderate
122,1A,"Straight - Fine, no curl pattern",High Porosity,Sensitive Scalp,Frizz,"Humidity, lack of moisture, raised hair cuticle, or over-washing","Flyaway strands, rough and unmanageable texture","Use anti-frizz serum, microfiber towel drying, and leave-in cream with humectants like glycerin. Porosity-specific tip: Use rich creams, butters, and oils to seal the cuticle; do a protein treatment periodically since high porosity hair loses moisture quickly.",Anti-frizz serum/cream,Daily as needed,Mild
123,1A,"Straight - Fine, no curl pattern",High Porosity,Sensitive Scalp,Hair Thinning,"Genetics, stress, nutritional deficiency, hormonal imbalance, or postpartum changes","Reduced hair density, visible scalp, thinner ponytail","Use minoxidil-based topical treatment, biotin/iron supplementation (consult a doctor), and gentle scalp massage. Porosity-specific tip: Use rich creams, butters, and oils to seal the cuticle; do a protein treatment periodically since high porosity hair loses moisture quickly.",Minoxidil topical + supplements,Daily application,Moderate-Severe
124,1A,"Straight - Fine, no curl pattern",High Porosity,Sensitive Scalp,Itchy/Irritated Scalp,"Allergic reaction to products, dry skin, dandruff, or scalp psoriasis/eczema","Persistent itching, redness, occasional burning sensation","Switch to fragrance-free, sulfate-free shampoo; use a soothing scalp serum with aloe vera or tea tree oil. Porosity-specific tip: Use rich creams, butters, and oils to seal the cuticle; do a protein treatment periodically since high porosity hair loses moisture quickly.",Soothing scalp serum,"Daily until resolved, then 2x/week",Mild-Moderate
125,1A,"Straight - Fine, no curl pattern",High Porosity,Sensitive Scalp,Product Buildup,"Accumulation of styling products, hard water minerals, or infrequent clarifying washes","Dull, weighed-down hair, reduced curl definition, waxy scalp feel","Use a clarifying or chelating shampoo once every 1-2 weeks to remove residue. Porosity-specific tip: Use rich creams, butters, and oils to seal the cuticle; do a protein treatment periodically since high porosity hair loses moisture quickly.",Clarifying/chelating shampoo,Every 1-2 weeks,Mild
126,1B,Straight - Medium texture,Low Porosity,Oily Scalp,Dandruff,"Malassezia fungus overgrowth, dry skin, or sensitivity to hair products","White/yellow flakes on scalp and shoulders, mild itching","Use an anti-dandruff shampoo containing zinc pyrithione, ketoconazole, or selenium sulfide; avoid over-washing. Porosity-specific tip: Use lightweight, water-based products applied to damp hair; avoid heavy butters/oils that sit on the cuticle; consider heat (steam) to help product absorption.",Medicated anti-dandruff shampoo,2-3 times per week,Mild-Moderate
127,1B,Straight - Medium texture,Low Porosity,Oily Scalp,Dry Scalp,"Low sebum production, cold/dry weather, harsh shampoos, or dehydration","Tight, flaky, itchy scalp without excess oil","Apply a hydrating scalp oil (jojoba, argan) and switch to a sulfate-free moisturizing shampoo. Porosity-specific tip: Use lightweight, water-based products applied to damp hair; avoid heavy butters/oils that sit on the cuticle; consider heat (steam) to help product absorption.",Scalp oil massage + hydrating shampoo,2 times per week,Mild
128,1B,Straight - Medium texture,Low Porosity,Oily Scalp,Oily Scalp,"Overactive sebaceous glands, hormonal changes, or infrequent washing","Greasy roots, flat-looking hair, scalp odor","Use a clarifying shampoo with tea tree oil or salicylic acid; avoid heavy conditioners near the roots. Porosity-specific tip: Use lightweight, water-based products applied to damp hair; avoid heavy butters/oils that sit on the cuticle; consider heat (steam) to help product absorption.",Clarifying shampoo,Every 2-3 days,Mild-Moderate
129,1B,Straight - Medium texture,Low Porosity,Oily Scalp,Hair Breakage,"Excess heat styling, chemical treatments, over-brushing, or protein/moisture imbalance","Short broken strands, rough texture, visible split hairs","Reduce heat styling, use a protein-moisture balanced deep conditioner, trim damaged ends. Porosity-specific tip: Use lightweight, water-based products applied to damp hair; avoid heavy butters/oils that sit on the cuticle; consider heat (steam) to help product absorption.",Protein treatment + deep conditioning mask,Weekly,Moderate
130,1B,Straight - Medium texture,Low Porosity,Oily Scalp,Split Ends,"Mechanical damage, lack of trimming, friction from towels/pillowcases","Frayed, forked hair tips that look dry and dull","Regular trims every 8-10 weeks and use leave-in conditioner or hair oil to seal ends. Porosity-specific tip: Use lightweight, water-based products applied to damp hair; avoid heavy butters/oils that sit on the cuticle; consider heat (steam) to help product absorption.",Leave-in conditioner + regular trims,"Bi-weekly application, trims every 2 months",Mild
131,1B,Straight - Medium texture,Low Porosity,Oily Scalp,Frizz,"Humidity, lack of moisture, raised hair cuticle, or over-washing","Flyaway strands, rough and unmanageable texture","Use anti-frizz serum, microfiber towel drying, and leave-in cream with humectants like glycerin. Porosity-specific tip: Use lightweight, water-based products applied to damp hair; avoid heavy butters/oils that sit on the cuticle; consider heat (steam) to help product absorption.",Anti-frizz serum/cream,Daily as needed,Mild
132,1B,Straight - Medium texture,Low Porosity,Oily Scalp,Hair Thinning,"Genetics, stress, nutritional deficiency, hormonal imbalance, or postpartum changes","Reduced hair density, visible scalp, thinner ponytail","Use minoxidil-based topical treatment, biotin/iron supplementation (consult a doctor), and gentle scalp massage. Porosity-specific tip: Use lightweight, water-based products applied to damp hair; avoid heavy butters/oils that sit on the cuticle; consider heat (steam) to help product absorption.",Minoxidil topical + supplements,Daily application,Moderate-Severe
133,1B,Straight - Medium texture,Low Porosity,Oily Scalp,Itchy/Irritated Scalp,"Allergic reaction to products, dry skin, dandruff, or scalp psoriasis/eczema","Persistent itching, redness, occasional burning sensation","Switch to fragrance-free, sulfate-free shampoo; use a soothing scalp serum with aloe vera or tea tree oil. Porosity-specific tip: Use lightweight, water-based products applied to damp hair; avoid heavy butters/oils that sit on the cuticle; consider heat (steam) to help product absorption.",Soothing scalp serum,"Daily until resolved, then 2x/week",Mild-Moderate
134,1B,Straight - Medium texture,Low Porosity,Oily Scalp,Product Buildup,"Accumulation of styling products, hard water minerals, or infrequent clarifying washes","Dull, weighed-down hair, reduced curl definition, waxy scalp feel","Use a clarifying or chelating shampoo once every 1-2 weeks to remove residue. Porosity-specific tip: Use lightweight, water-based products applied to damp hair; avoid heavy butters/oils that sit on the cuticle; consider heat (steam) to help product absorption.",Clarifying/chelating shampoo,Every 1-2 weeks,Mild
135,1B,Straight - Medium texture,Low Porosity,Dry Scalp,Dandruff,"Malassezia fungus overgrowth, dry skin, or sensitivity to hair products","White/yellow flakes on scalp and shoulders, mild itching","Use an anti-dandruff shampoo containing zinc pyrithione, ketoconazole, or selenium sulfide; avoid over-washing. Porosity-specific tip: Use lightweight, water-based products applied to damp hair; avoid heavy butters/oils that sit on the cuticle; consider heat (steam) to help product absorption.",Medicated anti-dandruff shampoo,2-3 times per week,Mild-Moderate
136,1B,Straight - Medium texture,Low Porosity,Dry Scalp,Dry Scalp,"Low sebum production, cold/dry weather, harsh shampoos, or dehydration","Tight, flaky, itchy scalp without excess oil","Apply a hydrating scalp oil (jojoba, argan) and switch to a sulfate-free moisturizing shampoo. Porosity-specific tip: Use lightweight, water-based products applied to damp hair; avoid heavy butters/oils that sit on the cuticle; consider heat (steam) to help product absorption.",Scalp oil massage + hydrating shampoo,2 times per week,Mild
137,1B,Straight - Medium texture,Low Porosity,Dry Scalp,Oily Scalp,"Overactive sebaceous glands, hormonal changes, or infrequent washing","Greasy roots, flat-looking hair, scalp odor","Use a clarifying shampoo with tea tree oil or salicylic acid; avoid heavy conditioners near the roots. Porosity-specific tip: Use lightweight, water-based products applied to damp hair; avoid heavy butters/oils that sit on the cuticle; consider heat (steam) to help product absorption.",Clarifying shampoo,Every 2-3 days,Mild-Moderate
138,1B,Straight - Medium texture,Low Porosity,Dry Scalp,Hair Breakage,"Excess heat styling, chemical treatments, over-brushing, or protein/moisture imbalance","Short broken strands, rough texture, visible split hairs","Reduce heat styling, use a protein-moisture balanced deep conditioner, trim damaged ends. Porosity-specific tip: Use lightweight, water-based products applied to damp hair; avoid heavy butters/oils that sit on the cuticle; consider heat (steam) to help product absorption.",Protein treatment + deep conditioning mask,Weekly,Moderate
139,1B,Straight - Medium texture,Low Porosity,Dry Scalp,Split Ends,"Mechanical damage, lack of trimming, friction from towels/pillowcases","Frayed, forked hair tips that look dry and dull","Regular trims every 8-10 weeks and use leave-in conditioner or hair oil to seal ends. Porosity-specific tip: Use lightweight, water-based products applied to damp hair; avoid heavy butters/oils that sit on the cuticle; consider heat (steam) to help product absorption.",Leave-in conditioner + regular trims,"Bi-weekly application, trims every 2 months",Mild
140,1B,Straight - Medium texture,Low Porosity,Dry Scalp,Frizz,"Humidity, lack of moisture, raised hair cuticle, or over-washing","Flyaway strands, rough and unmanageable texture","Use anti-frizz serum, microfiber towel drying, and leave-in cream with humectants like glycerin. Porosity-specific tip: Use lightweight, water-based products applied to damp hair; avoid heavy butters/oils that sit on the cuticle; consider heat (steam) to help product absorption.",Anti-frizz serum/cream,Daily as needed,Mild
141,1B,Straight - Medium texture,Low Porosity,Dry Scalp,Hair Thinning,"Genetics, stress, nutritional deficiency, hormonal imbalance, or postpartum changes","Reduced hair density, visible scalp, thinner ponytail","Use minoxidil-based topical treatment, biotin/iron supplementation (consult a doctor), and gentle scalp massage. Porosity-specific tip: Use lightweight, water-based products applied to damp hair; avoid heavy butters/oils that sit on the cuticle; consider heat (steam) to help product absorption.",Minoxidil topical + supplements,Daily application,Moderate-Severe
142,1B,Straight - Medium texture,Low Porosity,Dry Scalp,Itchy/Irritated Scalp,"Allergic reaction to products, dry skin, dandruff, or scalp psoriasis/eczema","Persistent itching, redness, occasional burning sensation","Switch to fragrance-free, sulfate-free shampoo; use a soothing scalp serum with aloe vera or tea tree oil. Porosity-specific tip: Use lightweight, water-based products applied to damp hair; avoid heavy butters/oils that sit on the cuticle; consider heat (steam) to help product absorption.",Soothing scalp serum,"Daily until resolved, then 2x/week",Mild-Moderate
143,1B,Straight - Medium texture,Low Porosity,Dry Scalp,Product Buildup,"Accumulation of styling products, hard water minerals, or infrequent clarifying washes","Dull, weighed-down hair, reduced curl definition, waxy scalp feel","Use a clarifying or chelating shampoo once every 1-2 weeks to remove residue. Porosity-specific tip: Use lightweight, water-based products applied to damp hair; avoid heavy butters/oils that sit on the cuticle; consider heat (steam) to help product absorption.",Clarifying/chelating shampoo,Every 1-2 weeks,Mild
144,1B,Straight - Medium texture,Low Porosity,Normal Scalp,Dandruff,"Malassezia fungus overgrowth, dry skin, or sensitivity to hair products","White/yellow flakes on scalp and shoulders, mild itching","Use an anti-dandruff shampoo containing zinc pyrithione, ketoconazole, or selenium sulfide; avoid over-washing. Porosity-specific tip: Use lightweight, water-based products applied to damp hair; avoid heavy butters/oils that sit on the cuticle; consider heat (steam) to help product absorption.",Medicated anti-dandruff shampoo,2-3 times per week,Mild-Moderate
145,1B,Straight - Medium texture,Low Porosity,Normal Scalp,Dry Scalp,"Low sebum production, cold/dry weather, harsh shampoos, or dehydration","Tight, flaky, itchy scalp without excess oil","Apply a hydrating scalp oil (jojoba, argan) and switch to a sulfate-free moisturizing shampoo. Porosity-specific tip: Use lightweight, water-based products applied to damp hair; avoid heavy butters/oils that sit on the cuticle; consider heat (steam) to help product absorption.",Scalp oil massage + hydrating shampoo,2 times per week,Mild
146,1B,Straight - Medium texture,Low Porosity,Normal Scalp,Oily Scalp,"Overactive sebaceous glands, hormonal changes, or infrequent washing","Greasy roots, flat-looking hair, scalp odor","Use a clarifying shampoo with tea tree oil or salicylic acid; avoid heavy conditioners near the roots. Porosity-specific tip: Use lightweight, water-based products applied to damp hair; avoid heavy butters/oils that sit on the cuticle; consider heat (steam) to help product absorption.",Clarifying shampoo,Every 2-3 days,Mild-Moderate
147,1B,Straight - Medium texture,Low Porosity,Normal Scalp,Hair Breakage,"Excess heat styling, chemical treatments, over-brushing, or protein/moisture imbalance","Short broken strands, rough texture, visible split hairs","Reduce heat styling, use a protein-moisture balanced deep conditioner, trim damaged ends. Porosity-specific tip: Use lightweight, water-based products applied to damp hair; avoid heavy butters/oils that sit on the cuticle; consider heat (steam) to help product absorption.",Protein treatment + deep conditioning mask,Weekly,Moderate
148,1B,Straight - Medium texture,Low Porosity,Normal Scalp,Split Ends,"Mechanical damage, lack of trimming, friction from towels/pillowcases","Frayed, forked hair tips that look dry and dull","Regular trims every 8-10 weeks and use leave-in conditioner or hair oil to seal ends. Porosity-specific tip: Use lightweight, water-based products applied to damp hair; avoid heavy butters/oils that sit on the cuticle; consider heat (steam) to help product absorption.",Leave-in conditioner + regular trims,"Bi-weekly application, trims every 2 months",Mild
149,1B,Straight - Medium texture,Low Porosity,Normal Scalp,Frizz,"Humidity, lack of moisture, raised hair cuticle, or over-washing","Flyaway strands, rough and unmanageable texture","Use anti-frizz serum, microfiber towel drying, and leave-in cream with humectants like glycerin. Porosity-specific tip: Use lightweight, water-based products applied to damp hair; avoid heavy butters/oils that sit on the cuticle; consider heat (steam) to help product absorption.",Anti-frizz serum/cream,Daily as needed,Mild
150,1B,Straight - Medium texture,Low Porosity,Normal Scalp,Hair Thinning,"Genetics, stress, nutritional deficiency, hormonal imbalance, or postpartum changes","Reduced hair density, visible scalp, thinner ponytail","Use minoxidil-based topical treatment, biotin/iron supplementation (consult a doctor), and gentle scalp massage. Porosity-specific tip: Use lightweight, water-based products applied to damp hair; avoid heavy butters/oils that sit on the cuticle; consider heat (steam) to help product absorption.",Minoxidil topical + supplements,Daily application,Moderate-Severe
151,1B,Straight - Medium texture,Low Porosity,Normal Scalp,Itchy/Irritated Scalp,"Allergic reaction to products, dry skin, dandruff, or scalp psoriasis/eczema","Persistent itching, redness, occasional burning sensation","Switch to fragrance-free, sulfate-free shampoo; use a soothing scalp serum with aloe vera or tea tree oil. Porosity-specific tip: Use lightweight, water-based products applied to damp hair; avoid heavy butters/oils that sit on the cuticle; consider heat (steam) to help product absorption.",Soothing scalp serum,"Daily until resolved, then 2x/week",Mild-Moderate
152,1B,Straight - Medium texture,Low Porosity,Combination Scalp,Dandruff,"Malassezia fungus overgrowth, dry skin, or sensitivity to hair products","White/yellow flakes on scalp and shoulders, mild itching","Use an anti-dandruff shampoo containing zinc pyrithione, ketoconazole, or selenium sulfide; avoid over-washing. Porosity-specific tip: Use lightweight, water-based products applied to damp hair; avoid heavy butters/oils that sit on the cuticle; consider heat (steam) to help product absorption.",Medicated anti-dandruff shampoo,2-3 times per week,Mild-Moderate
153,1B,Straight - Medium texture,Low Porosity,Combination Scalp,Dry Scalp,"Low sebum production, cold/dry weather, harsh shampoos, or dehydration","Tight, flaky, itchy scalp without excess oil","Apply a hydrating scalp oil (jojoba, argan) and switch to a sulfate-free moisturizing shampoo. Porosity-specific tip: Use lightweight, water-based products applied to damp hair; avoid heavy butters/oils that sit on the cuticle; consider heat (steam) to help product absorption.",Scalp oil massage + hydrating shampoo,2 times per week,Mild
154,1B,Straight - Medium texture,Low Porosity,Combination Scalp,Oily Scalp,"Overactive sebaceous glands, hormonal changes, or infrequent washing","Greasy roots, flat-looking hair, scalp odor","Use a clarifying shampoo with tea tree oil or salicylic acid; avoid heavy conditioners near the roots. Porosity-specific tip: Use lightweight, water-based products applied to damp hair; avoid heavy butters/oils that sit on the cuticle; consider heat (steam) to help product absorption.",Clarifying shampoo,Every 2-3 days,Mild-Moderate
155,1B,Straight - Medium texture,Low Porosity,Combination Scalp,Hair Breakage,"Excess heat styling, chemical treatments, over-brushing, or protein/moisture imbalance","Short broken strands, rough texture, visible split hairs","Reduce heat styling, use a protein-moisture balanced deep conditioner, trim damaged ends. Porosity-specific tip: Use lightweight, water-based products applied to damp hair; avoid heavy butters/oils that sit on the cuticle; consider heat (steam) to help product absorption.",Protein treatment + deep conditioning mask,Weekly,Moderate
156,1B,Straight - Medium texture,Low Porosity,Combination Scalp,Frizz,"Humidity, lack of moisture, raised hair cuticle, or over-washing","Flyaway strands, rough and unmanageable texture","Use anti-frizz serum, microfiber towel drying, and leave-in cream with humectants like glycerin. Porosity-specific tip: Use lightweight, water-based products applied to damp hair; avoid heavy butters/oils that sit on the cuticle; consider heat (steam) to help product absorption.",Anti-frizz serum/cream,Daily as needed,Mild
157,1B,Straight - Medium texture,Low Porosity,Combination Scalp,Hair Thinning,"Genetics, stress, nutritional deficiency, hormonal imbalance, or postpartum changes","Reduced hair density, visible scalp, thinner ponytail","Use minoxidil-based topical treatment, biotin/iron supplementation (consult a doctor), and gentle scalp massage. Porosity-specific tip: Use lightweight, water-based products applied to damp hair; avoid heavy butters/oils that sit on the cuticle; consider heat (steam) to help product absorption.",Minoxidil topical + supplements,Daily application,Moderate-Severe
158,1B,Straight - Medium texture,Low Porosity,Combination Scalp,Itchy/Irritated Scalp,"Allergic reaction to products, dry skin, dandruff, or scalp psoriasis/eczema","Persistent itching, redness, occasional burning sensation","Switch to fragrance-free, sulfate-free shampoo; use a soothing scalp serum with aloe vera or tea tree oil. Porosity-specific tip: Use lightweight, water-based products applied to damp hair; avoid heavy butters/oils that sit on the cuticle; consider heat (steam) to help product absorption.",Soothing scalp serum,"Daily until resolved, then 2x/week",Mild-Moderate
159,1B,Straight - Medium texture,Low Porosity,Combination Scalp,Product Buildup,"Accumulation of styling products, hard water minerals, or infrequent clarifying washes","Dull, weighed-down hair, reduced curl definition, waxy scalp feel","Use a clarifying or chelating shampoo once every 1-2 weeks to remove residue. Porosity-specific tip: Use lightweight, water-based products applied to damp hair; avoid heavy butters/oils that sit on the cuticle; consider heat (steam) to help product absorption.",Clarifying/chelating shampoo,Every 1-2 weeks,Mild
160,1B,Straight - Medium texture,Low Porosity,Sensitive Scalp,Dandruff,"Malassezia fungus overgrowth, dry skin, or sensitivity to hair products","White/yellow flakes on scalp and shoulders, mild itching","Use an anti-dandruff shampoo containing zinc pyrithione, ketoconazole, or selenium sulfide; avoid over-washing. Porosity-specific tip: Use lightweight, water-based products applied to damp hair; avoid heavy butters/oils that sit on the cuticle; consider heat (steam) to help product absorption.",Medicated anti-dandruff shampoo,2-3 times per week,Mild-Moderate
161,1B,Straight - Medium texture,Low Porosity,Sensitive Scalp,Dry Scalp,"Low sebum production, cold/dry weather, harsh shampoos, or dehydration","Tight, flaky, itchy scalp without excess oil","Apply a hydrating scalp oil (jojoba, argan) and switch to a sulfate-free moisturizing shampoo. Porosity-specific tip: Use lightweight, water-based products applied to damp hair; avoid heavy butters/oils that sit on the cuticle; consider heat (steam) to help product absorption.",Scalp oil massage + hydrating shampoo,2 times per week,Mild
162,1B,Straight - Medium texture,Low Porosity,Sensitive Scalp,Oily Scalp,"Overactive sebaceous glands, hormonal changes, or infrequent washing","Greasy roots, flat-looking hair, scalp odor","Use a clarifying shampoo with tea tree oil or salicylic acid; avoid heavy conditioners near the roots. Porosity-specific tip: Use lightweight, water-based products applied to damp hair; avoid heavy butters/oils that sit on the cuticle; consider heat (steam) to help product absorption.",Clarifying shampoo,Every 2-3 days,Mild-Moderate
163,1B,Straight - Medium texture,Low Porosity,Sensitive Scalp,Hair Breakage,"Excess heat styling, chemical treatments, over-brushing, or protein/moisture imbalance","Short broken strands, rough texture, visible split hairs","Reduce heat styling, use a protein-moisture balanced deep conditioner, trim damaged ends. Porosity-specific tip: Use lightweight, water-based products applied to damp hair; avoid heavy butters/oils that sit on the cuticle; consider heat (steam) to help product absorption.",Protein treatment + deep conditioning mask,Weekly,Moderate
164,1B,Straight - Medium texture,Low Porosity,Sensitive Scalp,Split Ends,"Mechanical damage, lack of trimming, friction from towels/pillowcases","Frayed, forked hair tips that look dry and dull","Regular trims every 8-10 weeks and use leave-in conditioner or hair oil to seal ends. Porosity-specific tip: Use lightweight, water-based products applied to damp hair; avoid heavy butters/oils that sit on the cuticle; consider heat (steam) to help product absorption.",Leave-in conditioner + regular trims,"Bi-weekly application, trims every 2 months",Mild
165,1B,Straight - Medium texture,Low Porosity,Sensitive Scalp,Frizz,"Humidity, lack of moisture, raised hair cuticle, or over-washing","Flyaway strands, rough and unmanageable texture","Use anti-frizz serum, microfiber towel drying, and leave-in cream with humectants like glycerin. Porosity-specific tip: Use lightweight, water-based products applied to damp hair; avoid heavy butters/oils that sit on the cuticle; consider heat (steam) to help product absorption.",Anti-frizz serum/cream,Daily as needed,Mild
166,1B,Straight - Medium texture,Low Porosity,Sensitive Scalp,Hair Thinning,"Genetics, stress, nutritional deficiency, hormonal imbalance, or postpartum changes","Reduced hair density, visible scalp, thinner ponytail","Use minoxidil-based topical treatment, biotin/iron supplementation (consult a doctor), and gentle scalp massage. Porosity-specific tip: Use lightweight, water-based products applied to damp hair; avoid heavy butters/oils that sit on the cuticle; consider heat (steam) to help product absorption.",Minoxidil topical + supplements,Daily application,Moderate-Severe
167,1B,Straight - Medium texture,Low Porosity,Sensitive Scalp,Itchy/Irritated Scalp,"Allergic reaction to products, dry skin, dandruff, or scalp psoriasis/eczema","Persistent itching, redness, occasional burning sensation","Switch to fragrance-free, sulfate-free shampoo; use a soothing scalp serum with aloe vera or tea tree oil. Porosity-specific tip: Use lightweight, water-based products applied to damp hair; avoid heavy butters/oils that sit on the cuticle; consider heat (steam) to help product absorption.",Soothing scalp serum,"Daily until resolved, then 2x/week",Mild-Moderate
168,1B,Straight - Medium texture,Low Porosity,Sensitive Scalp,Product Buildup,"Accumulation of styling products, hard water minerals, or infrequent clarifying washes","Dull, weighed-down hair, reduced curl definition, waxy scalp feel","Use a clarifying or chelating shampoo once every 1-2 weeks to remove residue. Porosity-specific tip: Use lightweight, water-based products applied to damp hair; avoid heavy butters/oils that sit on the cuticle; consider heat (steam) to help product absorption.",Clarifying/chelating shampoo,Every 1-2 weeks,Mild
169,1B,Straight - Medium texture,Medium Porosity,Oily Scalp,Dandruff,"Malassezia fungus overgrowth, dry skin, or sensitivity to hair products","White/yellow flakes on scalp and shoulders, mild itching","Use an anti-dandruff shampoo containing zinc pyrithione, ketoconazole, or selenium sulfide; avoid over-washing. Porosity-specific tip: Balanced routine works well; maintain regular deep conditioning every 1-2 weeks to preserve moisture-protein balance.",Medicated anti-dandruff shampoo,2-3 times per week,Mild-Moderate
170,1B,Straight - Medium texture,Medium Porosity,Oily Scalp,Dry Scalp,"Low sebum production, cold/dry weather, harsh shampoos, or dehydration","Tight, flaky, itchy scalp without excess oil","Apply a hydrating scalp oil (jojoba, argan) and switch to a sulfate-free moisturizing shampoo. Porosity-specific tip: Balanced routine works well; maintain regular deep conditioning every 1-2 weeks to preserve moisture-protein balance.",Scalp oil massage + hydrating shampoo,2 times per week,Mild
171,1B,Straight - Medium texture,Medium Porosity,Oily Scalp,Oily Scalp,"Overactive sebaceous glands, hormonal changes, or infrequent washing","Greasy roots, flat-looking hair, scalp odor",Use a clarifying shampoo with tea tree oil or salicylic acid; avoid heavy conditioners near the roots. Porosity-specific tip: Balanced routine works well; maintain regular deep conditioning every 1-2 weeks to preserve moisture-protein balance.,Clarifying shampoo,Every 2-3 days,Mild-Moderate
172,1B,Straight - Medium texture,Medium Porosity,Oily Scalp,Hair Breakage,"Excess heat styling, chemical treatments, over-brushing, or protein/moisture imbalance","Short broken strands, rough texture, visible split hairs","Reduce heat styling, use a protein-moisture balanced deep conditioner, trim damaged ends. Porosity-specific tip: Balanced routine works well; maintain regular deep conditioning every 1-2 weeks to preserve moisture-protein balance.",Protein treatment + deep conditioning mask,Weekly,Moderate
173,1B,Straight - Medium texture,Medium Porosity,Oily Scalp,Split Ends,"Mechanical damage, lack of trimming, friction from towels/pillowcases","Frayed, forked hair tips that look dry and dull",Regular trims every 8-10 weeks and use leave-in conditioner or hair oil to seal ends. Porosity-specific tip: Balanced routine works well; maintain regular deep conditioning every 1-2 weeks to preserve moisture-protein balance.,Leave-in conditioner + regular trims,"Bi-weekly application, trims every 2 months",Mild
174,1B,Straight - Medium texture,Medium Porosity,Oily Scalp,Frizz,"Humidity, lack of moisture, raised hair cuticle, or over-washing","Flyaway strands, rough and unmanageable texture","Use anti-frizz serum, microfiber towel drying, and leave-in cream with humectants like glycerin. Porosity-specific tip: Balanced routine works well; maintain regular deep conditioning every 1-2 weeks to preserve moisture-protein balance.",Anti-frizz serum/cream,Daily as needed,Mild
175,1B,Straight - Medium texture,Medium Porosity,Oily Scalp,Hair Thinning,"Genetics, stress, nutritional deficiency, hormonal imbalance, or postpartum changes","Reduced hair density, visible scalp, thinner ponytail","Use minoxidil-based topical treatment, biotin/iron supplementation (consult a doctor), and gentle scalp massage. Porosity-specific tip: Balanced routine works well; maintain regular deep conditioning every 1-2 weeks to preserve moisture-protein balance.",Minoxidil topical + supplements,Daily application,Moderate-Severe
176,1B,Straight - Medium texture,Medium Porosity,Oily Scalp,Product Buildup,"Accumulation of styling products, hard water minerals, or infrequent clarifying washes","Dull, weighed-down hair, reduced curl definition, waxy scalp feel",Use a clarifying or chelating shampoo once every 1-2 weeks to remove residue. Porosity-specific tip: Balanced routine works well; maintain regular deep conditioning every 1-2 weeks to preserve moisture-protein balance.,Clarifying/chelating shampoo,Every 1-2 weeks,Mild
177,1B,Straight - Medium texture,Medium Porosity,Dry Scalp,Dry Scalp,"Low sebum production, cold/dry weather, harsh shampoos, or dehydration","Tight, flaky, itchy scalp without excess oil","Apply a hydrating scalp oil (jojoba, argan) and switch to a sulfate-free moisturizing shampoo. Porosity-specific tip: Balanced routine works well; maintain regular deep conditioning every 1-2 weeks to preserve moisture-protein balance.",Scalp oil massage + hydrating shampoo,2 times per week,Mild
178,1B,Straight - Medium texture,Medium Porosity,Dry Scalp,Oily Scalp,"Overactive sebaceous glands, hormonal changes, or infrequent washing","Greasy roots, flat-looking hair, scalp odor",Use a clarifying shampoo with tea tree oil or salicylic acid; avoid heavy conditioners near the roots. Porosity-specific tip: Balanced routine works well; maintain regular deep conditioning every 1-2 weeks to preserve moisture-protein balance.,Clarifying shampoo,Every 2-3 days,Mild-Moderate
179,1B,Straight - Medium texture,Medium Porosity,Dry Scalp,Hair Breakage,"Excess heat styling, chemical treatments, over-brushing, or protein/moisture imbalance","Short broken strands, rough texture, visible split hairs","Reduce heat styling, use a protein-moisture balanced deep conditioner, trim damaged ends. Porosity-specific tip: Balanced routine works well; maintain regular deep conditioning every 1-2 weeks to preserve moisture-protein balance.",Protein treatment + deep conditioning mask,Weekly,Moderate
180,1B,Straight - Medium texture,Medium Porosity,Dry Scalp,Split Ends,"Mechanical damage, lack of trimming, friction from towels/pillowcases","Frayed, forked hair tips that look dry and dull",Regular trims every 8-10 weeks and use leave-in conditioner or hair oil to seal ends. Porosity-specific tip: Balanced routine works well; maintain regular deep conditioning every 1-2 weeks to preserve moisture-protein balance.,Leave-in conditioner + regular trims,"Bi-weekly application, trims every 2 months",Mild
181,1B,Straight - Medium texture,Medium Porosity,Dry Scalp,Frizz,"Humidity, lack of moisture, raised hair cuticle, or over-washing","Flyaway strands, rough and unmanageable texture","Use anti-frizz serum, microfiber towel drying, and leave-in cream with humectants like glycerin. Porosity-specific tip: Balanced routine works well; maintain regular deep conditioning every 1-2 weeks to preserve moisture-protein balance.",Anti-frizz serum/cream,Daily as needed,Mild
182,1B,Straight - Medium texture,Medium Porosity,Dry Scalp,Hair Thinning,"Genetics, stress, nutritional deficiency, hormonal imbalance, or postpartum changes","Reduced hair density, visible scalp, thinner ponytail","Use minoxidil-based topical treatment, biotin/iron supplementation (consult a doctor), and gentle scalp massage. Porosity-specific tip: Balanced routine works well; maintain regular deep conditioning every 1-2 weeks to preserve moisture-protein balance.",Minoxidil topical + supplements,Daily application,Moderate-Severe
183,1B,Straight - Medium texture,Medium Porosity,Dry Scalp,Itchy/Irritated Scalp,"Allergic reaction to products, dry skin, dandruff, or scalp psoriasis/eczema","Persistent itching, redness, occasional burning sensation","Switch to fragrance-free, sulfate-free shampoo; use a soothing scalp serum with aloe vera or tea tree oil. Porosity-specific tip: Balanced routine works well; maintain regular deep conditioning every 1-2 weeks to preserve moisture-protein balance.",Soothing scalp serum,"Daily until resolved, then 2x/week",Mild-Moderate
184,1B,Straight - Medium texture,Medium Porosity,Dry Scalp,Product Buildup,"Accumulation of styling products, hard water minerals, or infrequent clarifying washes","Dull, weighed-down hair, reduced curl definition, waxy scalp feel",Use a clarifying or chelating shampoo once every 1-2 weeks to remove residue. Porosity-specific tip: Balanced routine works well; maintain regular deep conditioning every 1-2 weeks to preserve moisture-protein balance.,Clarifying/chelating shampoo,Every 1-2 weeks,Mild
185,1B,Straight - Medium texture,Medium Porosity,Normal Scalp,Dandruff,"Malassezia fungus overgrowth, dry skin, or sensitivity to hair products","White/yellow flakes on scalp and shoulders, mild itching","Use an anti-dandruff shampoo containing zinc pyrithione, ketoconazole, or selenium sulfide; avoid over-washing. Porosity-specific tip: Balanced routine works well; maintain regular deep conditioning every 1-2 weeks to preserve moisture-protein balance.",Medicated anti-dandruff shampoo,2-3 times per week,Mild-Moderate
186,1B,Straight - Medium texture,Medium Porosity,Normal Scalp,Dry Scalp,"Low sebum production, cold/dry weather, harsh shampoos, or dehydration","Tight, flaky, itchy scalp without excess oil","Apply a hydrating scalp oil (jojoba, argan) and switch to a sulfate-free moisturizing shampoo. Porosity-specific tip: Balanced routine works well; maintain regular deep conditioning every 1-2 weeks to preserve moisture-protein balance.",Scalp oil massage + hydrating shampoo,2 times per week,Mild
187,1B,Straight - Medium texture,Medium Porosity,Normal Scalp,Oily Scalp,"Overactive sebaceous glands, hormonal changes, or infrequent washing","Greasy roots, flat-looking hair, scalp odor",Use a clarifying shampoo with tea tree oil or salicylic acid; avoid heavy conditioners near the roots. Porosity-specific tip: Balanced routine works well; maintain regular deep conditioning every 1-2 weeks to preserve moisture-protein balance.,Clarifying shampoo,Every 2-3 days,Mild-Moderate
188,1B,Straight - Medium texture,Medium Porosity,Normal Scalp,Split Ends,"Mechanical damage, lack of trimming, friction from towels/pillowcases","Frayed, forked hair tips that look dry and dull",Regular trims every 8-10 weeks and use leave-in conditioner or hair oil to seal ends. Porosity-specific tip: Balanced routine works well; maintain regular deep conditioning every 1-2 weeks to preserve moisture-protein balance.,Leave-in conditioner + regular trims,"Bi-weekly application, trims every 2 months",Mild
189,1B,Straight - Medium texture,Medium Porosity,Normal Scalp,Frizz,"Humidity, lack of moisture, raised hair cuticle, or over-washing","Flyaway strands, rough and unmanageable texture","Use anti-frizz serum, microfiber towel drying, and leave-in cream with humectants like glycerin. Porosity-specific tip: Balanced routine works well; maintain regular deep conditioning every 1-2 weeks to preserve moisture-protein balance.",Anti-frizz serum/cream,Daily as needed,Mild
190,1B,Straight - Medium texture,Medium Porosity,Normal Scalp,Hair Thinning,"Genetics, stress, nutritional deficiency, hormonal imbalance, or postpartum changes","Reduced hair density, visible scalp, thinner ponytail","Use minoxidil-based topical treatment, biotin/iron supplementation (consult a doctor), and gentle scalp massage. Porosity-specific tip: Balanced routine works well; maintain regular deep conditioning every 1-2 weeks to preserve moisture-protein balance.",Minoxidil topical + supplements,Daily application,Moderate-Severe
191,1B,Straight - Medium texture,Medium Porosity,Normal Scalp,Product Buildup,"Accumulation of styling products, hard water minerals, or infrequent clarifying washes","Dull, weighed-down hair, reduced curl definition, waxy scalp feel",Use a clarifying or chelating shampoo once every 1-2 weeks to remove residue. Porosity-specific tip: Balanced routine works well; maintain regular deep conditioning every 1-2 weeks to preserve moisture-protein balance.,Clarifying/chelating shampoo,Every 1-2 weeks,Mild
192,1B,Straight - Medium texture,Medium Porosity,Combination Scalp,Dandruff,"Malassezia fungus overgrowth, dry skin, or sensitivity to hair products","White/yellow flakes on scalp and shoulders, mild itching","Use an anti-dandruff shampoo containing zinc pyrithione, ketoconazole, or selenium sulfide; avoid over-washing. Porosity-specific tip: Balanced routine works well; maintain regular deep conditioning every 1-2 weeks to preserve moisture-protein balance.",Medicated anti-dandruff shampoo,2-3 times per week,Mild-Moderate
193,1B,Straight - Medium texture,Medium Porosity,Combination Scalp,Dry Scalp,"Low sebum production, cold/dry weather, harsh shampoos, or dehydration","Tight, flaky, itchy scalp without excess oil","Apply a hydrating scalp oil (jojoba, argan) and switch to a sulfate-free moisturizing shampoo. Porosity-specific tip: Balanced routine works well; maintain regular deep conditioning every 1-2 weeks to preserve moisture-protein balance.",Scalp oil massage + hydrating shampoo,2 times per week,Mild
194,1B,Straight - Medium texture,Medium Porosity,Combination Scalp,Oily Scalp,"Overactive sebaceous glands, hormonal changes, or infrequent washing","Greasy roots, flat-looking hair, scalp odor",Use a clarifying shampoo with tea tree oil or salicylic acid; avoid heavy conditioners near the roots. Porosity-specific tip: Balanced routine works well; maintain regular deep conditioning every 1-2 weeks to preserve moisture-protein balance.,Clarifying shampoo,Every 2-3 days,Mild-Moderate
195,1B,Straight - Medium texture,Medium Porosity,Combination Scalp,Hair Breakage,"Excess heat styling, chemical treatments, over-brushing, or protein/moisture imbalance","Short broken strands, rough texture, visible split hairs","Reduce heat styling, use a protein-moisture balanced deep conditioner, trim damaged ends. Porosity-specific tip: Balanced routine works well; maintain regular deep conditioning every 1-2 weeks to preserve moisture-protein balance.",Protein treatment + deep conditioning mask,Weekly,Moderate
196,1B,Straight - Medium texture,Medium Porosity,Combination Scalp,Split Ends,"Mechanical damage, lack of trimming, friction from towels/pillowcases","Frayed, forked hair tips that look dry and dull",Regular trims every 8-10 weeks and use leave-in conditioner or hair oil to seal ends. Porosity-specific tip: Balanced routine works well; maintain regular deep conditioning every 1-2 weeks to preserve moisture-protein balance.,Leave-in conditioner + regular trims,"Bi-weekly application, trims every 2 months",Mild
197,1B,Straight - Medium texture,Medium Porosity,Combination Scalp,Frizz,"Humidity, lack of moisture, raised hair cuticle, or over-washing","Flyaway strands, rough and unmanageable texture","Use anti-frizz serum, microfiber towel drying, and leave-in cream with humectants like glycerin. Porosity-specific tip: Balanced routine works well; maintain regular deep conditioning every 1-2 weeks to preserve moisture-protein balance.",Anti-frizz serum/cream,Daily as needed,Mild
198,1B,Straight - Medium texture,Medium Porosity,Combination Scalp,Hair Thinning,"Genetics, stress, nutritional deficiency, hormonal imbalance, or postpartum changes","Reduced hair density, visible scalp, thinner ponytail","Use minoxidil-based topical treatment, biotin/iron supplementation (consult a doctor), and gentle scalp massage. Porosity-specific tip: Balanced routine works well; maintain regular deep conditioning every 1-2 weeks to preserve moisture-protein balance.",Minoxidil topical + supplements,Daily application,Moderate-Severe
199,1B,Straight - Medium texture,Medium Porosity,Combination Scalp,Itchy/Irritated Scalp,"Allergic reaction to products, dry skin, dandruff, or scalp psoriasis/eczema","Persistent itching, redness, occasional burning sensation","Switch to fragrance-free, sulfate-free shampoo; use a soothing scalp serum with aloe vera or tea tree oil. Porosity-specific tip: Balanced routine works well; maintain regular deep conditioning every 1-2 weeks to preserve moisture-protein balance.",Soothing scalp serum,"Daily until resolved, then 2x/week",Mild-Moderate
200,1B,Straight - Medium texture,Medium Porosity,Combination Scalp,Product Buildup,"Accumulation of styling products, hard water minerals, or infrequent clarifying washes","Dull, weighed-down hair, reduced curl definition, waxy scalp feel",Use a clarifying or chelating shampoo once every 1-2 weeks to remove residue. Porosity-specific tip: Balanced routine works well; maintain regular deep conditioning every 1-2 weeks to preserve moisture-protein balance.,Clarifying/chelating shampoo,Every 1-2 weeks,Mild
201,1B,Straight - Medium texture,Medium Porosity,Sensitive Scalp,Dry Scalp,"Low sebum production, cold/dry weather, harsh shampoos, or dehydration","Tight, flaky, itchy scalp without excess oil","Apply a hydrating scalp oil (jojoba, argan) and switch to a sulfate-free moisturizing shampoo. Porosity-specific tip: Balanced routine works well; maintain regular deep conditioning every 1-2 weeks to preserve moisture-protein balance.",Scalp oil massage + hydrating shampoo,2 times per week,Mild
202,1B,Straight - Medium texture,Medium Porosity,Sensitive Scalp,Oily Scalp,"Overactive sebaceous glands, hormonal changes, or infrequent washing","Greasy roots, flat-looking hair, scalp odor",Use a clarifying shampoo with tea tree oil or salicylic acid; avoid heavy conditioners near the roots. Porosity-specific tip: Balanced routine works well; maintain regular deep conditioning every 1-2 weeks to preserve moisture-protein balance.,Clarifying shampoo,Every 2-3 days,Mild-Moderate
203,1B,Straight - Medium texture,Medium Porosity,Sensitive Scalp,Hair Breakage,"Excess heat styling, chemical treatments, over-brushing, or protein/moisture imbalance","Short broken strands, rough texture, visible split hairs","Reduce heat styling, use a protein-moisture balanced deep conditioner, trim damaged ends. Porosity-specific tip: Balanced routine works well; maintain regular deep conditioning every 1-2 weeks to preserve moisture-protein balance.",Protein treatment + deep conditioning mask,Weekly,Moderate
204,1B,Straight - Medium texture,Medium Porosity,Sensitive Scalp,Split Ends,"Mechanical damage, lack of trimming, friction from towels/pillowcases","Frayed, forked hair tips that look dry and dull",Regular trims every 8-10 weeks and use leave-in conditioner or hair oil to seal ends. Porosity-specific tip: Balanced routine works well; maintain regular deep conditioning every 1-2 weeks to preserve moisture-protein balance.,Leave-in conditioner + regular trims,"Bi-weekly application, trims every 2 months",Mild
205,1B,Straight - Medium texture,Medium Porosity,Sensitive Scalp,Frizz,"Humidity, lack of moisture, raised hair cuticle, or over-washing","Flyaway strands, rough and unmanageable texture","Use anti-frizz serum, microfiber towel drying, and leave-in cream with humectants like glycerin. Porosity-specific tip: Balanced routine works well; maintain regular deep conditioning every 1-2 weeks to preserve moisture-protein balance.",Anti-frizz serum/cream,Daily as needed,Mild
206,1B,Straight - Medium texture,Medium Porosity,Sensitive Scalp,Hair Thinning,"Genetics, stress, nutritional deficiency, hormonal imbalance, or postpartum changes","Reduced hair density, visible scalp, thinner ponytail","Use minoxidil-based topical treatment, biotin/iron supplementation (consult a doctor), and gentle scalp massage. Porosity-specific tip: Balanced routine works well; maintain regular deep conditioning every 1-2 weeks to preserve moisture-protein balance.",Minoxidil topical + supplements,Daily application,Moderate-Severe
207,1B,Straight - Medium texture,Medium Porosity,Sensitive Scalp,Itchy/Irritated Scalp,"Allergic reaction to products, dry skin, dandruff, or scalp psoriasis/eczema","Persistent itching, redness, occasional burning sensation","Switch to fragrance-free, sulfate-free shampoo; use a soothing scalp serum with aloe vera or tea tree oil. Porosity-specific tip: Balanced routine works well; maintain regular deep conditioning every 1-2 weeks to preserve moisture-protein balance.",Soothing scalp serum,"Daily until resolved, then 2x/week",Mild-Moderate
208,1B,Straight - Medium texture,Medium Porosity,Sensitive Scalp,Product Buildup,"Accumulation of styling products, hard water minerals, or infrequent clarifying washes","Dull, weighed-down hair, reduced curl definition, waxy scalp feel",Use a clarifying or chelating shampoo once every 1-2 weeks to remove residue. Porosity-specific tip: Balanced routine works well; maintain regular deep conditioning every 1-2 weeks to preserve moisture-protein balance.,Clarifying/chelating shampoo,Every 1-2 weeks,Mild
209,1B,Straight - Medium texture,High Porosity,Oily Scalp,Dandruff,"Malassezia fungus overgrowth, dry skin, or sensitivity to hair products","White/yellow flakes on scalp and shoulders, mild itching","Use an anti-dandruff shampoo containing zinc pyrithione, ketoconazole, or selenium sulfide; avoid over-washing. Porosity-specific tip: Use rich creams, butters, and oils to seal the cuticle; do a protein treatment periodically since high porosity hair loses moisture quickly.",Medicated anti-dandruff shampoo,2-3 times per week,Mild-Moderate
210,1B,Straight - Medium texture,High Porosity,Oily Scalp,Dry Scalp,"Low sebum production, cold/dry weather, harsh shampoos, or dehydration","Tight, flaky, itchy scalp without excess oil","Apply a hydrating scalp oil (jojoba, argan) and switch to a sulfate-free moisturizing shampoo. Porosity-specific tip: Use rich creams, butters, and oils to seal the cuticle; do a protein treatment periodically since high porosity hair loses moisture quickly.",Scalp oil massage + hydrating shampoo,2 times per week,Mild
211,1B,Straight - Medium texture,High Porosity,Oily Scalp,Oily Scalp,"Overactive sebaceous glands, hormonal changes, or infrequent washing","Greasy roots, flat-looking hair, scalp odor","Use a clarifying shampoo with tea tree oil or salicylic acid; avoid heavy conditioners near the roots. Porosity-specific tip: Use rich creams, butters, and oils to seal the cuticle; do a protein treatment periodically since high porosity hair loses moisture quickly.",Clarifying shampoo,Every 2-3 days,Mild-Moderate
212,1B,Straight - Medium texture,High Porosity,Oily Scalp,Hair Breakage,"Excess heat styling, chemical treatments, over-brushing, or protein/moisture imbalance","Short broken strands, rough texture, visible split hairs","Reduce heat styling, use a protein-moisture balanced deep conditioner, trim damaged ends. Porosity-specific tip: Use rich creams, butters, and oils to seal the cuticle; do a protein treatment periodically since high porosity hair loses moisture quickly.",Protein treatment + deep conditioning mask,Weekly,Moderate
213,1B,Straight - Medium texture,High Porosity,Oily Scalp,Split Ends,"Mechanical damage, lack of trimming, friction from towels/pillowcases","Frayed, forked hair tips that look dry and dull","Regular trims every 8-10 weeks and use leave-in conditioner or hair oil to seal ends. Porosity-specific tip: Use rich creams, butters, and oils to seal the cuticle; do a protein treatment periodically since high porosity hair loses moisture quickly.",Leave-in conditioner + regular trims,"Bi-weekly application, trims every 2 months",Mild
214,1B,Straight - Medium texture,High Porosity,Oily Scalp,Frizz,"Humidity, lack of moisture, raised hair cuticle, or over-washing","Flyaway strands, rough and unmanageable texture","Use anti-frizz serum, microfiber towel drying, and leave-in cream with humectants like glycerin. Porosity-specific tip: Use rich creams, butters, and oils to seal the cuticle; do a protein treatment periodically since high porosity hair loses moisture quickly.",Anti-frizz serum/cream,Daily as needed,Mild
215,1B,Straight - Medium texture,High Porosity,Oily Scalp,Hair Thinning,"Genetics, stress, nutritional deficiency, hormonal imbalance, or postpartum changes","Reduced hair density, visible scalp, thinner ponytail","Use minoxidil-based topical treatment, biotin/iron supplementation (consult a doctor), and gentle scalp massage. Porosity-specific tip: Use rich creams, butters, and oils to seal the cuticle; do a protein treatment periodically since high porosity hair loses moisture quickly.",Minoxidil topical + supplements,Daily application,Moderate-Severe
216,1B,Straight - Medium texture,High Porosity,Oily Scalp,Itchy/Irritated Scalp,"Allergic reaction to products, dry skin, dandruff, or scalp psoriasis/eczema","Persistent itching, redness, occasional burning sensation","Switch to fragrance-free, sulfate-free shampoo; use a soothing scalp serum with aloe vera or tea tree oil. Porosity-specific tip: Use rich creams, butters, and oils to seal the cuticle; do a protein treatment periodically since high porosity hair loses moisture quickly.",Soothing scalp serum,"Daily until resolved, then 2x/week",Mild-Moderate
217,1B,Straight - Medium texture,High Porosity,Oily Scalp,Product Buildup,"Accumulation of styling products, hard water minerals, or infrequent clarifying washes","Dull, weighed-down hair, reduced curl definition, waxy scalp feel","Use a clarifying or chelating shampoo once every 1-2 weeks to remove residue. Porosity-specific tip: Use rich creams, butters, and oils to seal the cuticle; do a protein treatment periodically since high porosity hair loses moisture quickly.",Clarifying/chelating shampoo,Every 1-2 weeks,Mild
218,1B,Straight - Medium texture,High Porosity,Dry Scalp,Dandruff,"Malassezia fungus overgrowth, dry skin, or sensitivity to hair products","White/yellow flakes on scalp and shoulders, mild itching","Use an anti-dandruff shampoo containing zinc pyrithione, ketoconazole, or selenium sulfide; avoid over-washing. Porosity-specific tip: Use rich creams, butters, and oils to seal the cuticle; do a protein treatment periodically since high porosity hair loses moisture quickly.",Medicated anti-dandruff shampoo,2-3 times per week,Mild-Moderate
219,1B,Straight - Medium texture,High Porosity,Dry Scalp,Dry Scalp,"Low sebum production, cold/dry weather, harsh shampoos, or dehydration","Tight, flaky, itchy scalp without excess oil","Apply a hydrating scalp oil (jojoba, argan) and switch to a sulfate-free moisturizing shampoo. Porosity-specific tip: Use rich creams, butters, and oils to seal the cuticle; do a protein treatment periodically since high porosity hair loses moisture quickly.",Scalp oil massage + hydrating shampoo,2 times per week,Mild
220,1B,Straight - Medium texture,High Porosity,Dry Scalp,Oily Scalp,"Overactive sebaceous glands, hormonal changes, or infrequent washing","Greasy roots, flat-looking hair, scalp odor","Use a clarifying shampoo with tea tree oil or salicylic acid; avoid heavy conditioners near the roots. Porosity-specific tip: Use rich creams, butters, and oils to seal the cuticle; do a protein treatment periodically since high porosity hair loses moisture quickly.",Clarifying shampoo,Every 2-3 days,Mild-Moderate
221,1B,Straight - Medium texture,High Porosity,Dry Scalp,Hair Breakage,"Excess heat styling, chemical treatments, over-brushing, or protein/moisture imbalance","Short broken strands, rough texture, visible split hairs","Reduce heat styling, use a protein-moisture balanced deep conditioner, trim damaged ends. Porosity-specific tip: Use rich creams, butters, and oils to seal the cuticle; do a protein treatment periodically since high porosity hair loses moisture quickly.",Protein treatment + deep conditioning mask,Weekly,Moderate
222,1B,Straight - Medium texture,High Porosity,Dry Scalp,Split Ends,"Mechanical damage, lack of trimming, friction from towels/pillowcases","Frayed, forked hair tips that look dry and dull","Regular trims every 8-10 weeks and use leave-in conditioner or hair oil to seal ends. Porosity-specific tip: Use rich creams, butters, and oils to seal the cuticle; do a protein treatment periodically since high porosity hair loses moisture quickly.",Leave-in conditioner + regular trims,"Bi-weekly application, trims every 2 months",Mild
223,1B,Straight - Medium texture,High Porosity,Dry Scalp,Frizz,"Humidity, lack of moisture, raised hair cuticle, or over-washing","Flyaway strands, rough and unmanageable texture","Use anti-frizz serum, microfiber towel drying, and leave-in cream with humectants like glycerin. Porosity-specific tip: Use rich creams, butters, and oils to seal the cuticle; do a protein treatment periodically since high porosity hair loses moisture quickly.",Anti-frizz serum/cream,Daily as needed,Mild
224,1B,Straight - Medium texture,High Porosity,Dry Scalp,Hair Thinning,"Genetics, stress, nutritional deficiency, hormonal imbalance, or postpartum changes","Reduced hair density, visible scalp, thinner ponytail","Use minoxidil-based topical treatment, biotin/iron supplementation (consult a doctor), and gentle scalp massage. Porosity-specific tip: Use rich creams, butters, and oils to seal the cuticle; do a protein treatment periodically since high porosity hair loses moisture quickly.",Minoxidil topical + supplements,Daily application,Moderate-Severe
225,1B,Straight - Medium texture,High Porosity,Dry Scalp,Product Buildup,"Accumulation of styling products, hard water minerals, or infrequent clarifying washes","Dull, weighed-down hair, reduced curl definition, waxy scalp feel","Use a clarifying or chelating shampoo once every 1-2 weeks to remove residue. Porosity-specific tip: Use rich creams, butters, and oils to seal the cuticle; do a protein treatment periodically since high porosity hair loses moisture quickly.",Clarifying/chelating shampoo,Every 1-2 weeks,Mild
226,1B,Straight - Medium texture,High Porosity,Normal Scalp,Dandruff,"Malassezia fungus overgrowth, dry skin, or sensitivity to hair products","White/yellow flakes on scalp and shoulders, mild itching","Use an anti-dandruff shampoo containing zinc pyrithione, ketoconazole, or selenium sulfide; avoid over-washing. Porosity-specific tip: Use rich creams, butters, and oils to seal the cuticle; do a protein treatment periodically since high porosity hair loses moisture quickly.",Medicated anti-dandruff shampoo,2-3 times per week,Mild-Moderate
227,1B,Straight - Medium texture,High Porosity,Normal Scalp,Dry Scalp,"Low sebum production, cold/dry weather, harsh shampoos, or dehydration","Tight, flaky, itchy scalp without excess oil","Apply a hydrating scalp oil (jojoba, argan) and switch to a sulfate-free moisturizing shampoo. Porosity-specific tip: Use rich creams, butters, and oils to seal the cuticle; do a protein treatment periodically since high porosity hair loses moisture quickly.",Scalp oil massage + hydrating shampoo,2 times per week,Mild
228,1B,Straight - Medium texture,High Porosity,Normal Scalp,Oily Scalp,"Overactive sebaceous glands, hormonal changes, or infrequent washing","Greasy roots, flat-looking hair, scalp odor","Use a clarifying shampoo with tea tree oil or salicylic acid; avoid heavy conditioners near the roots. Porosity-specific tip: Use rich creams, butters, and oils to seal the cuticle; do a protein treatment periodically since high porosity hair loses moisture quickly.",Clarifying shampoo,Every 2-3 days,Mild-Moderate
229,1B,Straight - Medium texture,High Porosity,Normal Scalp,Hair Breakage,"Excess heat styling, chemical treatments, over-brushing, or protein/moisture imbalance","Short broken strands, rough texture, visible split hairs","Reduce heat styling, use a protein-moisture balanced deep conditioner, trim damaged ends. Porosity-specific tip: Use rich creams, butters, and oils to seal the cuticle; do a protein treatment periodically since high porosity hair loses moisture quickly.",Protein treatment + deep conditioning mask,Weekly,Moderate
230,1B,Straight - Medium texture,High Porosity,Normal Scalp,Split Ends,"Mechanical damage, lack of trimming, friction from towels/pillowcases","Frayed, forked hair tips that look dry and dull","Regular trims every 8-10 weeks and use leave-in conditioner or hair oil to seal ends. Porosity-specific tip: Use rich creams, butters, and oils to seal the cuticle; do a protein treatment periodically since high porosity hair loses moisture quickly.",Leave-in conditioner + regular trims,"Bi-weekly application, trims every 2 months",Mild
231,1B,Straight - Medium texture,High Porosity,Normal Scalp,Frizz,"Humidity, lack of moisture, raised hair cuticle, or over-washing","Flyaway strands, rough and unmanageable texture","Use anti-frizz serum, microfiber towel drying, and leave-in cream with humectants like glycerin. Porosity-specific tip: Use rich creams, butters, and oils to seal the cuticle; do a protein treatment periodically since high porosity hair loses moisture quickly.",Anti-frizz serum/cream,Daily as needed,Mild
232,1B,Straight - Medium texture,High Porosity,Normal Scalp,Hair Thinning,"Genetics, stress, nutritional deficiency, hormonal imbalance, or postpartum changes","Reduced hair density, visible scalp, thinner ponytail","Use minoxidil-based topical treatment, biotin/iron supplementation (consult a doctor), and gentle scalp massage. Porosity-specific tip: Use rich creams, butters, and oils to seal the cuticle; do a protein treatment periodically since high porosity hair loses moisture quickly.",Minoxidil topical + supplements,Daily application,Moderate-Severe
233,1B,Straight - Medium texture,High Porosity,Normal Scalp,Itchy/Irritated Scalp,"Allergic reaction to products, dry skin, dandruff, or scalp psoriasis/eczema","Persistent itching, redness, occasional burning sensation","Switch to fragrance-free, sulfate-free shampoo; use a soothing scalp serum with aloe vera or tea tree oil. Porosity-specific tip: Use rich creams, butters, and oils to seal the cuticle; do a protein treatment periodically since high porosity hair loses moisture quickly.",Soothing scalp serum,"Daily until resolved, then 2x/week",Mild-Moderate
234,1B,Straight - Medium texture,High Porosity,Normal Scalp,Product Buildup,"Accumulation of styling products, hard water minerals, or infrequent clarifying washes","Dull, weighed-down hair, reduced curl definition, waxy scalp feel","Use a clarifying or chelating shampoo once every 1-2 weeks to remove residue. Porosity-specific tip: Use rich creams, butters, and oils to seal the cuticle; do a protein treatment periodically since high porosity hair loses moisture quickly.",Clarifying/chelating shampoo,Every 1-2 weeks,Mild
235,1B,Straight - Medium texture,High Porosity,Combination Scalp,Dry Scalp,"Low sebum production, cold/dry weather, harsh shampoos, or dehydration","Tight, flaky, itchy scalp without excess oil","Apply a hydrating scalp oil (jojoba, argan) and switch to a sulfate-free moisturizing shampoo. Porosity-specific tip: Use rich creams, butters, and oils to seal the cuticle; do a protein treatment periodically since high porosity hair loses moisture quickly.",Scalp oil massage + hydrating shampoo,2 times per week,Mild
236,1B,Straight - Medium texture,High Porosity,Combination Scalp,Oily Scalp,"Overactive sebaceous glands, hormonal changes, or infrequent washing","Greasy roots, flat-looking hair, scalp odor","Use a clarifying shampoo with tea tree oil or salicylic acid; avoid heavy conditioners near the roots. Porosity-specific tip: Use rich creams, butters, and oils to seal the cuticle; do a protein treatment periodically since high porosity hair loses moisture quickly.",Clarifying shampoo,Every 2-3 days,Mild-Moderate
237,1B,Straight - Medium texture,High Porosity,Combination Scalp,Hair Breakage,"Excess heat styling, chemical treatments, over-brushing, or protein/moisture imbalance","Short broken strands, rough texture, visible split hairs","Reduce heat styling, use a protein-moisture balanced deep conditioner, trim damaged ends. Porosity-specific tip: Use rich creams, butters, and oils to seal the cuticle; do a protein treatment periodically since high porosity hair loses moisture quickly.",Protein treatment + deep conditioning mask,Weekly,Moderate
238,1B,Straight - Medium texture,High Porosity,Combination Scalp,Split Ends,"Mechanical damage, lack of trimming, friction from towels/pillowcases","Frayed, forked hair tips that look dry and dull","Regular trims every 8-10 weeks and use leave-in conditioner or hair oil to seal ends. Porosity-specific tip: Use rich creams, butters, and oils to seal the cuticle; do a protein treatment periodically since high porosity hair loses moisture quickly.",Leave-in conditioner + regular trims,"Bi-weekly application, trims every 2 months",Mild
239,1B,Straight - Medium texture,High Porosity,Combination Scalp,Frizz,"Humidity, lack of moisture, raised hair cuticle, or over-washing","Flyaway strands, rough and unmanageable texture","Use anti-frizz serum, microfiber towel drying, and leave-in cream with humectants like glycerin. Porosity-specific tip: Use rich creams, butters, and oils to seal the cuticle; do a protein treatment periodically since high porosity hair loses moisture quickly.",Anti-frizz serum/cream,Daily as needed,Mild
240,1B,Straight - Medium texture,High Porosity,Combination Scalp,Hair Thinning,"Genetics, stress, nutritional deficiency, hormonal imbalance, or postpartum changes","Reduced hair density, visible scalp, thinner ponytail","Use minoxidil-based topical treatment, biotin/iron supplementation (consult a doctor), and gentle scalp massage. Porosity-specific tip: Use rich creams, butters, and oils to seal the cuticle; do a protein treatment periodically since high porosity hair loses moisture quickly.",Minoxidil topical + supplements,Daily application,Moderate-Severe
241,1B,Straight - Medium texture,High Porosity,Combination Scalp,Itchy/Irritated Scalp,"Allergic reaction to products, dry skin, dandruff, or scalp psoriasis/eczema","Persistent itching, redness, occasional burning sensation","Switch to fragrance-free, sulfate-free shampoo; use a soothing scalp serum with aloe vera or tea tree oil. Porosity-specific tip: Use rich creams, butters, and oils to seal the cuticle; do a protein treatment periodically since high porosity hair loses moisture quickly.",Soothing scalp serum,"Daily until resolved, then 2x/week",Mild-Moderate
242,1B,Straight - Medium texture,High Porosity,Combination Scalp,Product Buildup,"Accumulation of styling products, hard water minerals, or infrequent clarifying washes","Dull, weighed-down hair, reduced curl definition, waxy scalp feel","Use a clarifying or chelating shampoo once every 1-2 weeks to remove residue. Porosity-specific tip: Use rich creams, butters, and oils to seal the cuticle; do a protein treatment periodically since high porosity hair loses moisture quickly.",Clarifying/chelating shampoo,Every 1-2 weeks,Mild
243,1B,Straight - Medium texture,High Porosity,Sensitive Scalp,Dandruff,"Malassezia fungus overgrowth, dry skin, or sensitivity to hair products","White/yellow flakes on scalp and shoulders, mild itching","Use an anti-dandruff shampoo containing zinc pyrithione, ketoconazole, or selenium sulfide; avoid over-washing. Porosity-specific tip: Use rich creams, butters, and oils to seal the cuticle; do a protein treatment periodically since high porosity hair loses moisture quickly.",Medicated anti-dandruff shampoo,2-3 times per week,Mild-Moderate
244,1B,Straight - Medium texture,High Porosity,Sensitive Scalp,Dry Scalp,"Low sebum production, cold/dry weather, harsh shampoos, or dehydration","Tight, flaky, itchy scalp without excess oil","Apply a hydrating scalp oil (jojoba, argan) and switch to a sulfate-free moisturizing shampoo. Porosity-specific tip: Use rich creams, butters, and oils to seal the cuticle; do a protein treatment periodically since high porosity hair loses moisture quickly.",Scalp oil massage + hydrating shampoo,2 times per week,Mild
245,1B,Straight - Medium texture,High Porosity,Sensitive Scalp,Oily Scalp,"Overactive sebaceous glands, hormonal changes, or infrequent washing","Greasy roots, flat-looking hair, scalp odor","Use a clarifying shampoo with tea tree oil or salicylic acid; avoid heavy conditioners near the roots. Porosity-specific tip: Use rich creams, butters, and oils to seal the cuticle; do a protein treatment periodically since high porosity hair loses moisture quickly.",Clarifying shampoo,Every 2-3 days,Mild-Moderate
246,1B,Straight - Medium texture,High Porosity,Sensitive Scalp,Hair Breakage,"Excess heat styling, chemical treatments, over-brushing, or protein/moisture imbalance","Short broken strands, rough texture, visible split hairs","Reduce heat styling, use a protein-moisture balanced deep conditioner, trim damaged ends. Porosity-specific tip: Use rich creams, butters, and oils to seal the cuticle; do a protein treatment periodically since high porosity hair loses moisture quickly.",Protein treatment + deep conditioning mask,Weekly,Moderate
247,1B,Straight - Medium texture,High Porosity,Sensitive Scalp,Split Ends,"Mechanical damage, lack of trimming, friction from towels/pillowcases","Frayed, forked hair tips that look dry and dull","Regular trims every 8-10 weeks and use leave-in conditioner or hair oil to seal ends. Porosity-specific tip: Use rich creams, butters, and oils to seal the cuticle; do a protein treatment periodically since high porosity hair loses moisture quickly.",Leave-in conditioner + regular trims,"Bi-weekly application, trims every 2 months",Mild
248,1B,Straight - Medium texture,High Porosity,Sensitive Scalp,Frizz,"Humidity, lack of moisture, raised hair cuticle, or over-washing","Flyaway strands, rough and unmanageable texture","Use anti-frizz serum, microfiber towel drying, and leave-in cream with humectants like glycerin. Porosity-specific tip: Use rich creams, butters, and oils to seal the cuticle; do a protein treatment periodically since high porosity hair loses moisture quickly.",Anti-frizz serum/cream,Daily as needed,Mild
249,1B,Straight - Medium texture,High Porosity,Sensitive Scalp,Hair Thinning,"Genetics, stress, nutritional deficiency, hormonal imbalance, or postpartum changes","Reduced hair density, visible scalp, thinner ponytail","Use minoxidil-based topical treatment, biotin/iron supplementation (consult a doctor), and gentle scalp massage. Porosity-specific tip: Use rich creams, butters, and oils to seal the cuticle; do a protein treatment periodically since high porosity hair loses moisture quickly.",Minoxidil topical + supplements,Daily application,Moderate-Severe
250,1B,Straight - Medium texture,High Porosity,Sensitive Scalp,Itchy/Irritated Scalp,"Allergic reaction to products, dry skin, dandruff, or scalp psoriasis/eczema","Persistent itching, redness, occasional burning sensation","Switch to fragrance-free, sulfate-free shampoo; use a soothing scalp serum with aloe vera or tea tree oil. Porosity-specific tip: Use rich creams, butters, and oils to seal the cuticle; do a protein treatment periodically since high porosity hair loses moisture quickly.",Soothing scalp serum,"Daily until resolved, then 2x/week",Mild-Moderate
251,1C,"Straight - Coarse, slight body",Low Porosity,Oily Scalp,Dandruff,"Malassezia fungus overgrowth, dry skin, or sensitivity to hair products","White/yellow flakes on scalp and shoulders, mild itching","Use an anti-dandruff shampoo containing zinc pyrithione, ketoconazole, or selenium sulfide; avoid over-washing. Porosity-specific tip: Use lightweight, water-based products applied to damp hair; avoid heavy butters/oils that sit on the cuticle; consider heat (steam) to help product absorption.",Medicated anti-dandruff shampoo,2-3 times per week,Mild-Moderate
252,1C,"Straight - Coarse, slight body",Low Porosity,Oily Scalp,Dry Scalp,"Low sebum production, cold/dry weather, harsh shampoos, or dehydration","Tight, flaky, itchy scalp without excess oil","Apply a hydrating scalp oil (jojoba, argan) and switch to a sulfate-free moisturizing shampoo. Porosity-specific tip: Use lightweight, water-based products applied to damp hair; avoid heavy butters/oils that sit on the cuticle; consider heat (steam) to help product absorption.",Scalp oil massage + hydrating shampoo,2 times per week,Mild
253,1C,"Straight - Coarse, slight body",Low Porosity,Oily Scalp,Oily Scalp,"Overactive sebaceous glands, hormonal changes, or infrequent washing","Greasy roots, flat-looking hair, scalp odor","Use a clarifying shampoo with tea tree oil or salicylic acid; avoid heavy conditioners near the roots. Porosity-specific tip: Use lightweight, water-based products applied to damp hair; avoid heavy butters/oils that sit on the cuticle; consider heat (steam) to help product absorption.",Clarifying shampoo,Every 2-3 days,Mild-Moderate
254,1C,"Straight - Coarse, slight body",Low Porosity,Oily Scalp,Hair Breakage,"Excess heat styling, chemical treatments, over-brushing, or protein/moisture imbalance","Short broken strands, rough texture, visible split hairs","Reduce heat styling, use a protein-moisture balanced deep conditioner, trim damaged ends. Porosity-specific tip: Use lightweight, water-based products applied to damp hair; avoid heavy butters/oils that sit on the cuticle; consider heat (steam) to help product absorption.",Protein treatment + deep conditioning mask,Weekly,Moderate
255,1C,"Straight - Coarse, slight body",Low Porosity,Oily Scalp,Split Ends,"Mechanical damage, lack of trimming, friction from towels/pillowcases","Frayed, forked hair tips that look dry and dull","Regular trims every 8-10 weeks and use leave-in conditioner or hair oil to seal ends. Porosity-specific tip: Use lightweight, water-based products applied to damp hair; avoid heavy butters/oils that sit on the cuticle; consider heat (steam) to help product absorption.",Leave-in conditioner + regular trims,"Bi-weekly application, trims every 2 months",Mild
256,1C,"Straight - Coarse, slight body",Low Porosity,Oily Scalp,Frizz,"Humidity, lack of moisture, raised hair cuticle, or over-washing","Flyaway strands, rough and unmanageable texture","Use anti-frizz serum, microfiber towel drying, and leave-in cream with humectants like glycerin. Porosity-specific tip: Use lightweight, water-based products applied to damp hair; avoid heavy butters/oils that sit on the cuticle; consider heat (steam) to help product absorption.",Anti-frizz serum/cream,Daily as needed,Mild
257,1C,"Straight - Coarse, slight body",Low Porosity,Oily Scalp,Itchy/Irritated Scalp,"Allergic reaction to products, dry skin, dandruff, or scalp psoriasis/eczema","Persistent itching, redness, occasional burning sensation","Switch to fragrance-free, sulfate-free shampoo; use a soothing scalp serum with aloe vera or tea tree oil. Porosity-specific tip: Use lightweight, water-based products applied to damp hair; avoid heavy butters/oils that sit on the cuticle; consider heat (steam) to help product absorption.",Soothing scalp serum,"Daily until resolved, then 2x/week",Mild-Moderate
258,1C,"Straight - Coarse, slight body",Low Porosity,Oily Scalp,Product Buildup,"Accumulation of styling products, hard water minerals, or infrequent clarifying washes","Dull, weighed-down hair, reduced curl definition, waxy scalp feel","Use a clarifying or chelating shampoo once every 1-2 weeks to remove residue. Porosity-specific tip: Use lightweight, water-based products applied to damp hair; avoid heavy butters/oils that sit on the cuticle; consider heat (steam) to help product absorption.",Clarifying/chelating shampoo,Every 1-2 weeks,Mild
259,1C,"Straight - Coarse, slight body",Low Porosity,Dry Scalp,Dandruff,"Malassezia fungus overgrowth, dry skin, or sensitivity to hair products","White/yellow flakes on scalp and shoulders, mild itching","Use an anti-dandruff shampoo containing zinc pyrithione, ketoconazole, or selenium sulfide; avoid over-washing. Porosity-specific tip: Use lightweight, water-based products applied to damp hair; avoid heavy butters/oils that sit on the cuticle; consider heat (steam) to help product absorption.",Medicated anti-dandruff shampoo,2-3 times per week,Mild-Moderate
260,1C,"Straight - Coarse, slight body",Low Porosity,Dry Scalp,Dry Scalp,"Low sebum production, cold/dry weather, harsh shampoos, or dehydration","Tight, flaky, itchy scalp without excess oil","Apply a hydrating scalp oil (jojoba, argan) and switch to a sulfate-free moisturizing shampoo. Porosity-specific tip: Use lightweight, water-based products applied to damp hair; avoid heavy butters/oils that sit on the cuticle; consider heat (steam) to help product absorption.",Scalp oil massage + hydrating shampoo,2 times per week,Mild
261,1C,"Straight - Coarse, slight body",Low Porosity,Dry Scalp,Oily Scalp,"Overactive sebaceous glands, hormonal changes, or infrequent washing","Greasy roots, flat-looking hair, scalp odor","Use a clarifying shampoo with tea tree oil or salicylic acid; avoid heavy conditioners near the roots. Porosity-specific tip: Use lightweight, water-based products applied to damp hair; avoid heavy butters/oils that sit on the cuticle; consider heat (steam) to help product absorption.",Clarifying shampoo,Every 2-3 days,Mild-Moderate
262,1C,"Straight - Coarse, slight body",Low Porosity,Dry Scalp,Hair Breakage,"Excess heat styling, chemical treatments, over-brushing, or protein/moisture imbalance","Short broken strands, rough texture, visible split hairs","Reduce heat styling, use a protein-moisture balanced deep conditioner, trim damaged ends. Porosity-specific tip: Use lightweight, water-based products applied to damp hair; avoid heavy butters/oils that sit on the cuticle; consider heat (steam) to help product absorption.",Protein treatment + deep conditioning mask,Weekly,Moderate
263,1C,"Straight - Coarse, slight body",Low Porosity,Dry Scalp,Split Ends,"Mechanical damage, lack of trimming, friction from towels/pillowcases","Frayed, forked hair tips that look dry and dull","Regular trims every 8-10 weeks and use leave-in conditioner or hair oil to seal ends. Porosity-specific tip: Use lightweight, water-based products applied to damp hair; avoid heavy butters/oils that sit on the cuticle; consider heat (steam) to help product absorption.",Leave-in conditioner + regular trims,"Bi-weekly application, trims every 2 months",Mild
264,1C,"Straight - Coarse, slight body",Low Porosity,Dry Scalp,Frizz,"Humidity, lack of moisture, raised hair cuticle, or over-washing","Flyaway strands, rough and unmanageable texture","Use anti-frizz serum, microfiber towel drying, and leave-in cream with humectants like glycerin. Porosity-specific tip: Use lightweight, water-based products applied to damp hair; avoid heavy butters/oils that sit on the cuticle; consider heat (steam) to help product absorption.",Anti-frizz serum/cream,Daily as needed,Mild
265,1C,"Straight - Coarse, slight body",Low Porosity,Dry Scalp,Hair Thinning,"Genetics, stress, nutritional deficiency, hormonal imbalance, or postpartum changes","Reduced hair density, visible scalp, thinner ponytail","Use minoxidil-based topical treatment, biotin/iron supplementation (consult a doctor), and gentle scalp massage. Porosity-specific tip: Use lightweight, water-based products applied to damp hair; avoid heavy butters/oils that sit on the cuticle; consider heat (steam) to help product absorption.",Minoxidil topical + supplements,Daily application,Moderate-Severe
266,1C,"Straight - Coarse, slight body",Low Porosity,Dry Scalp,Itchy/Irritated Scalp,"Allergic reaction to products, dry skin, dandruff, or scalp psoriasis/eczema","Persistent itching, redness, occasional burning sensation","Switch to fragrance-free, sulfate-free shampoo; use a soothing scalp serum with aloe vera or tea tree oil. Porosity-specific tip: Use lightweight, water-based products applied to damp hair; avoid heavy butters/oils that sit on the cuticle; consider heat (steam) to help product absorption.",Soothing scalp serum,"Daily until resolved, then 2x/week",Mild-Moderate
267,1C,"Straight - Coarse, slight body",Low Porosity,Dry Scalp,Product Buildup,"Accumulation of styling products, hard water minerals, or infrequent clarifying washes","Dull, weighed-down hair, reduced curl definition, waxy scalp feel","Use a clarifying or chelating shampoo once every 1-2 weeks to remove residue. Porosity-specific tip: Use lightweight, water-based products applied to damp hair; avoid heavy butters/oils that sit on the cuticle; consider heat (steam) to help product absorption.",Clarifying/chelating shampoo,Every 1-2 weeks,Mild
268,1C,"Straight - Coarse, slight body",Low Porosity,Normal Scalp,Dandruff,"Malassezia fungus overgrowth, dry skin, or sensitivity to hair products","White/yellow flakes on scalp and shoulders, mild itching","Use an anti-dandruff shampoo containing zinc pyrithione, ketoconazole, or selenium sulfide; avoid over-washing. Porosity-specific tip: Use lightweight, water-based products applied to damp hair; avoid heavy butters/oils that sit on the cuticle; consider heat (steam) to help product absorption.",Medicated anti-dandruff shampoo,2-3 times per week,Mild-Moderate
269,1C,"Straight - Coarse, slight body",Low Porosity,Normal Scalp,Dry Scalp,"Low sebum production, cold/dry weather, harsh shampoos, or dehydration","Tight, flaky, itchy scalp without excess oil","Apply a hydrating scalp oil (jojoba, argan) and switch to a sulfate-free moisturizing shampoo. Porosity-specific tip: Use lightweight, water-based products applied to damp hair; avoid heavy butters/oils that sit on the cuticle; consider heat (steam) to help product absorption.",Scalp oil massage + hydrating shampoo,2 times per week,Mild
270,1C,"Straight - Coarse, slight body",Low Porosity,Normal Scalp,Oily Scalp,"Overactive sebaceous glands, hormonal changes, or infrequent washing","Greasy roots, flat-looking hair, scalp odor","Use a clarifying shampoo with tea tree oil or salicylic acid; avoid heavy conditioners near the roots. Porosity-specific tip: Use lightweight, water-based products applied to damp hair; avoid heavy butters/oils that sit on the cuticle; consider heat (steam) to help product absorption.",Clarifying shampoo,Every 2-3 days,Mild-Moderate
271,1C,"Straight - Coarse, slight body",Low Porosity,Normal Scalp,Hair Breakage,"Excess heat styling, chemical treatments, over-brushing, or protein/moisture imbalance","Short broken strands, rough texture, visible split hairs","Reduce heat styling, use a protein-moisture balanced deep conditioner, trim damaged ends. Porosity-specific tip: Use lightweight, water-based products applied to damp hair; avoid heavy butters/oils that sit on the cuticle; consider heat (steam) to help product absorption.",Protein treatment + deep conditioning mask,Weekly,Moderate
272,1C,"Straight - Coarse, slight body",Low Porosity,Normal Scalp,Split Ends,"Mechanical damage, lack of trimming, friction from towels/pillowcases","Frayed, forked hair tips that look dry and dull","Regular trims every 8-10 weeks and use leave-in conditioner or hair oil to seal ends. Porosity-specific tip: Use lightweight, water-based products applied to damp hair; avoid heavy butters/oils that sit on the cuticle; consider heat (steam) to help product absorption.",Leave-in conditioner + regular trims,"Bi-weekly application, trims every 2 months",Mild
273,1C,"Straight - Coarse, slight body",Low Porosity,Normal Scalp,Frizz,"Humidity, lack of moisture, raised hair cuticle, or over-washing","Flyaway strands, rough and unmanageable texture","Use anti-frizz serum, microfiber towel drying, and leave-in cream with humectants like glycerin. Porosity-specific tip: Use lightweight, water-based products applied to damp hair; avoid heavy butters/oils that sit on the cuticle; consider heat (steam) to help product absorption.",Anti-frizz serum/cream,Daily as needed,Mild
274,1C,"Straight - Coarse, slight body",Low Porosity,Normal Scalp,Hair Thinning,"Genetics, stress, nutritional deficiency, hormonal imbalance, or postpartum changes","Reduced hair density, visible scalp, thinner ponytail","Use minoxidil-based topical treatment, biotin/iron supplementation (consult a doctor), and gentle scalp massage. Porosity-specific tip: Use lightweight, water-based products applied to damp hair; avoid heavy butters/oils that sit on the cuticle; consider heat (steam) to help product absorption.",Minoxidil topical + supplements,Daily application,Moderate-Severe
275,1C,"Straight - Coarse, slight body",Low Porosity,Normal Scalp,Product Buildup,"Accumulation of styling products, hard water minerals, or infrequent clarifying washes","Dull, weighed-down hair, reduced curl definition, waxy scalp feel","Use a clarifying or chelating shampoo once every 1-2 weeks to remove residue. Porosity-specific tip: Use lightweight, water-based products applied to damp hair; avoid heavy butters/oils that sit on the cuticle; consider heat (steam) to help product absorption.",Clarifying/chelating shampoo,Every 1-2 weeks,Mild
276,1C,"Straight - Coarse, slight body",Low Porosity,Combination Scalp,Dandruff,"Malassezia fungus overgrowth, dry skin, or sensitivity to hair products","White/yellow flakes on scalp and shoulders, mild itching","Use an anti-dandruff shampoo containing zinc pyrithione, ketoconazole, or selenium sulfide; avoid over-washing. Porosity-specific tip: Use lightweight, water-based products applied to damp hair; avoid heavy butters/oils that sit on the cuticle; consider heat (steam) to help product absorption.",Medicated anti-dandruff shampoo,2-3 times per week,Mild-Moderate
277,1C,"Straight - Coarse, slight body",Low Porosity,Combination Scalp,Dry Scalp,"Low sebum production, cold/dry weather, harsh shampoos, or dehydration","Tight, flaky, itchy scalp without excess oil","Apply a hydrating scalp oil (jojoba, argan) and switch to a sulfate-free moisturizing shampoo. Porosity-specific tip: Use lightweight, water-based products applied to damp hair; avoid heavy butters/oils that sit on the cuticle; consider heat (steam) to help product absorption.",Scalp oil massage + hydrating shampoo,2 times per week,Mild
278,1C,"Straight - Coarse, slight body",Low Porosity,Combination Scalp,Oily Scalp,"Overactive sebaceous glands, hormonal changes, or infrequent washing","Greasy roots, flat-looking hair, scalp odor","Use a clarifying shampoo with tea tree oil or salicylic acid; avoid heavy conditioners near the roots. Porosity-specific tip: Use lightweight, water-based products applied to damp hair; avoid heavy butters/oils that sit on the cuticle; consider heat (steam) to help product absorption.",Clarifying shampoo,Every 2-3 days,Mild-Moderate
279,1C,"Straight - Coarse, slight body",Low Porosity,Combination Scalp,Hair Breakage,"Excess heat styling, chemical treatments, over-brushing, or protein/moisture imbalance","Short broken strands, rough texture, visible split hairs","Reduce heat styling, use a protein-moisture balanced deep conditioner, trim damaged ends. Porosity-specific tip: Use lightweight, water-based products applied to damp hair; avoid heavy butters/oils that sit on the cuticle; consider heat (steam) to help product absorption.",Protein treatment + deep conditioning mask,Weekly,Moderate
280,1C,"Straight - Coarse, slight body",Low Porosity,Combination Scalp,Split Ends,"Mechanical damage, lack of trimming, friction from towels/pillowcases","Frayed, forked hair tips that look dry and dull","Regular trims every 8-10 weeks and use leave-in conditioner or hair oil to seal ends. Porosity-specific tip: Use lightweight, water-based products applied to damp hair; avoid heavy butters/oils that sit on the cuticle; consider heat (steam) to help product absorption.",Leave-in conditioner + regular trims,"Bi-weekly application, trims every 2 months",Mild
281,1C,"Straight - Coarse, slight body",Low Porosity,Combination Scalp,Frizz,"Humidity, lack of moisture, raised hair cuticle, or over-washing","Flyaway strands, rough and unmanageable texture","Use anti-frizz serum, microfiber towel drying, and leave-in cream with humectants like glycerin. Porosity-specific tip: Use lightweight, water-based products applied to damp hair; avoid heavy butters/oils that sit on the cuticle; consider heat (steam) to help product absorption.",Anti-frizz serum/cream,Daily as needed,Mild
282,1C,"Straight - Coarse, slight body",Low Porosity,Combination Scalp,Hair Thinning,"Genetics, stress, nutritional deficiency, hormonal imbalance, or postpartum changes","Reduced hair density, visible scalp, thinner ponytail","Use minoxidil-based topical treatment, biotin/iron supplementation (consult a doctor), and gentle scalp massage. Porosity-specific tip: Use lightweight, water-based products applied to damp hair; avoid heavy butters/oils that sit on the cuticle; consider heat (steam) to help product absorption.",Minoxidil topical + supplements,Daily application,Moderate-Severe
283,1C,"Straight - Coarse, slight body",Low Porosity,Combination Scalp,Itchy/Irritated Scalp,"Allergic reaction to products, dry skin, dandruff, or scalp psoriasis/eczema","Persistent itching, redness, occasional burning sensation","Switch to fragrance-free, sulfate-free shampoo; use a soothing scalp serum with aloe vera or tea tree oil. Porosity-specific tip: Use lightweight, water-based products applied to damp hair; avoid heavy butters/oils that sit on the cuticle; consider heat (steam) to help product absorption.",Soothing scalp serum,"Daily until resolved, then 2x/week",Mild-Moderate
284,1C,"Straight - Coarse, slight body",Low Porosity,Combination Scalp,Product Buildup,"Accumulation of styling products, hard water minerals, or infrequent clarifying washes","Dull, weighed-down hair, reduced curl definition, waxy scalp feel","Use a clarifying or chelating shampoo once every 1-2 weeks to remove residue. Porosity-specific tip: Use lightweight, water-based products applied to damp hair; avoid heavy butters/oils that sit on the cuticle; consider heat (steam) to help product absorption.",Clarifying/chelating shampoo,Every 1-2 weeks,Mild
285,1C,"Straight - Coarse, slight body",Low Porosity,Sensitive Scalp,Dandruff,"Malassezia fungus overgrowth, dry skin, or sensitivity to hair products","White/yellow flakes on scalp and shoulders, mild itching","Use an anti-dandruff shampoo containing zinc pyrithione, ketoconazole, or selenium sulfide; avoid over-washing. Porosity-specific tip: Use lightweight, water-based products applied to damp hair; avoid heavy butters/oils that sit on the cuticle; consider heat (steam) to help product absorption.",Medicated anti-dandruff shampoo,2-3 times per week,Mild-Moderate
286,1C,"Straight - Coarse, slight body",Low Porosity,Sensitive Scalp,Dry Scalp,"Low sebum production, cold/dry weather, harsh shampoos, or dehydration","Tight, flaky, itchy scalp without excess oil","Apply a hydrating scalp oil (jojoba, argan) and switch to a sulfate-free moisturizing shampoo. Porosity-specific tip: Use lightweight, water-based products applied to damp hair; avoid heavy butters/oils that sit on the cuticle; consider heat (steam) to help product absorption.",Scalp oil massage + hydrating shampoo,2 times per week,Mild
287,1C,"Straight - Coarse, slight body",Low Porosity,Sensitive Scalp,Oily Scalp,"Overactive sebaceous glands, hormonal changes, or infrequent washing","Greasy roots, flat-looking hair, scalp odor","Use a clarifying shampoo with tea tree oil or salicylic acid; avoid heavy conditioners near the roots. Porosity-specific tip: Use lightweight, water-based products applied to damp hair; avoid heavy butters/oils that sit on the cuticle; consider heat (steam) to help product absorption.",Clarifying shampoo,Every 2-3 days,Mild-Moderate
288,1C,"Straight - Coarse, slight body",Low Porosity,Sensitive Scalp,Hair Breakage,"Excess heat styling, chemical treatments, over-brushing, or protein/moisture imbalance","Short broken strands, rough texture, visible split hairs","Reduce heat styling, use a protein-moisture balanced deep conditioner, trim damaged ends. Porosity-specific tip: Use lightweight, water-based products applied to damp hair; avoid heavy butters/oils that sit on the cuticle; consider heat (steam) to help product absorption.",Protein treatment + deep conditioning mask,Weekly,Moderate
289,1C,"Straight - Coarse, slight body",Low Porosity,Sensitive Scalp,Split Ends,"Mechanical damage, lack of trimming, friction from towels/pillowcases","Frayed, forked hair tips that look dry and dull","Regular trims every 8-10 weeks and use leave-in conditioner or hair oil to seal ends. Porosity-specific tip: Use lightweight, water-based products applied to damp hair; avoid heavy butters/oils that sit on the cuticle; consider heat (steam) to help product absorption.",Leave-in conditioner + regular trims,"Bi-weekly application, trims every 2 months",Mild
290,1C,"Straight - Coarse, slight body",Low Porosity,Sensitive Scalp,Frizz,"Humidity, lack of moisture, raised hair cuticle, or over-washing","Flyaway strands, rough and unmanageable texture","Use anti-frizz serum, microfiber towel drying, and leave-in cream with humectants like glycerin. Porosity-specific tip: Use lightweight, water-based products applied to damp hair; avoid heavy butters/oils that sit on the cuticle; consider heat (steam) to help product absorption.",Anti-frizz serum/cream,Daily as needed,Mild
291,1C,"Straight - Coarse, slight body",Low Porosity,Sensitive Scalp,Hair Thinning,"Genetics, stress, nutritional deficiency, hormonal imbalance, or postpartum changes","Reduced hair density, visible scalp, thinner ponytail","Use minoxidil-based topical treatment, biotin/iron supplementation (consult a doctor), and gentle scalp massage. Porosity-specific tip: Use lightweight, water-based products applied to damp hair; avoid heavy butters/oils that sit on the cuticle; consider heat (steam) to help product absorption.",Minoxidil topical + supplements,Daily application,Moderate-Severe
292,1C,"Straight - Coarse, slight body",Low Porosity,Sensitive Scalp,Itchy/Irritated Scalp,"Allergic reaction to products, dry skin, dandruff, or scalp psoriasis/eczema","Persistent itching, redness, occasional burning sensation","Switch to fragrance-free, sulfate-free shampoo; use a soothing scalp serum with aloe vera or tea tree oil. Porosity-specific tip: Use lightweight, water-based products applied to damp hair; avoid heavy butters/oils that sit on the cuticle; consider heat (steam) to help product absorption.",Soothing scalp serum,"Daily until resolved, then 2x/week",Mild-Moderate
293,1C,"Straight - Coarse, slight body",Low Porosity,Sensitive Scalp,Product Buildup,"Accumulation of styling products, hard water minerals, or infrequent clarifying washes","Dull, weighed-down hair, reduced curl definition, waxy scalp feel","Use a clarifying or chelating shampoo once every 1-2 weeks to remove residue. Porosity-specific tip: Use lightweight, water-based products applied to damp hair; avoid heavy butters/oils that sit on the cuticle; consider heat (steam) to help product absorption.",Clarifying/chelating shampoo,Every 1-2 weeks,Mild
294,1C,"Straight - Coarse, slight body",Medium Porosity,Oily Scalp,Dry Scalp,"Low sebum production, cold/dry weather, harsh shampoos, or dehydration","Tight, flaky, itchy scalp without excess oil","Apply a hydrating scalp oil (jojoba, argan) and switch to a sulfate-free moisturizing shampoo. Porosity-specific tip: Balanced routine works well; maintain regular deep conditioning every 1-2 weeks to preserve moisture-protein balance.",Scalp oil massage + hydrating shampoo,2 times per week,Mild
295,1C,"Straight - Coarse, slight body",Medium Porosity,Oily Scalp,Oily Scalp,"Overactive sebaceous glands, hormonal changes, or infrequent washing","Greasy roots, flat-looking hair, scalp odor",Use a clarifying shampoo with tea tree oil or salicylic acid; avoid heavy conditioners near the roots. Porosity-specific tip: Balanced routine works well; maintain regular deep conditioning every 1-2 weeks to preserve moisture-protein balance.,Clarifying shampoo,Every 2-3 days,Mild-Moderate
296,1C,"Straight - Coarse, slight body",Medium Porosity,Oily Scalp,Hair Breakage,"Excess heat styling, chemical treatments, over-brushing, or protein/moisture imbalance","Short broken strands, rough texture, visible split hairs","Reduce heat styling, use a protein-moisture balanced deep conditioner, trim damaged ends. Porosity-specific tip: Balanced routine works well; maintain regular deep conditioning every 1-2 weeks to preserve moisture-protein balance.",Protein treatment + deep conditioning mask,Weekly,Moderate
297,1C,"Straight - Coarse, slight body",Medium Porosity,Oily Scalp,Split Ends,"Mechanical damage, lack of trimming, friction from towels/pillowcases","Frayed, forked hair tips that look dry and dull",Regular trims every 8-10 weeks and use leave-in conditioner or hair oil to seal ends. Porosity-specific tip: Balanced routine works well; maintain regular deep conditioning every 1-2 weeks to preserve moisture-protein balance.,Leave-in conditioner + regular trims,"Bi-weekly application, trims every 2 months",Mild
298,1C,"Straight - Coarse, slight body",Medium Porosity,Oily Scalp,Frizz,"Humidity, lack of moisture, raised hair cuticle, or over-washing","Flyaway strands, rough and unmanageable texture","Use anti-frizz serum, microfiber towel drying, and leave-in cream with humectants like glycerin. Porosity-specific tip: Balanced routine works well; maintain regular deep conditioning every 1-2 weeks to preserve moisture-protein balance.",Anti-frizz serum/cream,Daily as needed,Mild
299,1C,"Straight - Coarse, slight body",Medium Porosity,Oily Scalp,Hair Thinning,"Genetics, stress, nutritional deficiency, hormonal imbalance, or postpartum changes","Reduced hair density, visible scalp, thinner ponytail","Use minoxidil-based topical treatment, biotin/iron supplementation (consult a doctor), and gentle scalp massage. Porosity-specific tip: Balanced routine works well; maintain regular deep conditioning every 1-2 weeks to preserve moisture-protein balance.",Minoxidil topical + supplements,Daily application,Moderate-Severe
300,1C,"Straight - Coarse, slight body",Medium Porosity,Oily Scalp,Itchy/Irritated Scalp,"Allergic reaction to products, dry skin, dandruff, or scalp psoriasis/eczema","Persistent itching, redness, occasional burning sensation","Switch to fragrance-free, sulfate-free shampoo; use a soothing scalp serum with aloe vera or tea tree oil. Porosity-specific tip: Balanced routine works well; maintain regular deep conditioning every 1-2 weeks to preserve moisture-protein balance.",Soothing scalp serum,"Daily until resolved, then 2x/week",Mild-Moderate
301,1C,"Straight - Coarse, slight body",Medium Porosity,Oily Scalp,Product Buildup,"Accumulation of styling products, hard water minerals, or infrequent clarifying washes","Dull, weighed-down hair, reduced curl definition, waxy scalp feel",Use a clarifying or chelating shampoo once every 1-2 weeks to remove residue. Porosity-specific tip: Balanced routine works well; maintain regular deep conditioning every 1-2 weeks to preserve moisture-protein balance.,Clarifying/chelating shampoo,Every 1-2 weeks,Mild
302,1C,"Straight - Coarse, slight body",Medium Porosity,Dry Scalp,Dandruff,"Malassezia fungus overgrowth, dry skin, or sensitivity to hair products","White/yellow flakes on scalp and shoulders, mild itching","Use an anti-dandruff shampoo containing zinc pyrithione, ketoconazole, or selenium sulfide; avoid over-washing. Porosity-specific tip: Balanced routine works well; maintain regular deep conditioning every 1-2 weeks to preserve moisture-protein balance.",Medicated anti-dandruff shampoo,2-3 times per week,Mild-Moderate
303,1C,"Straight - Coarse, slight body",Medium Porosity,Dry Scalp,Dry Scalp,"Low sebum production, cold/dry weather, harsh shampoos, or dehydration","Tight, flaky, itchy scalp without excess oil","Apply a hydrating scalp oil (jojoba, argan) and switch to a sulfate-free moisturizing shampoo. Porosity-specific tip: Balanced routine works well; maintain regular deep conditioning every 1-2 weeks to preserve moisture-protein balance.",Scalp oil massage + hydrating shampoo,2 times per week,Mild
304,1C,"Straight - Coarse, slight body",Medium Porosity,Dry Scalp,Oily Scalp,"Overactive sebaceous glands, hormonal changes, or infrequent washing","Greasy roots, flat-looking hair, scalp odor",Use a clarifying shampoo with tea tree oil or salicylic acid; avoid heavy conditioners near the roots. Porosity-specific tip: Balanced routine works well; maintain regular deep conditioning every 1-2 weeks to preserve moisture-protein balance.,Clarifying shampoo,Every 2-3 days,Mild-Moderate
305,1C,"Straight - Coarse, slight body",Medium Porosity,Dry Scalp,Hair Breakage,"Excess heat styling, chemical treatments, over-brushing, or protein/moisture imbalance","Short broken strands, rough texture, visible split hairs","Reduce heat styling, use a protein-moisture balanced deep conditioner, trim damaged ends. Porosity-specific tip: Balanced routine works well; maintain regular deep conditioning every 1-2 weeks to preserve moisture-protein balance.",Protein treatment + deep conditioning mask,Weekly,Moderate
306,1C,"Straight - Coarse, slight body",Medium Porosity,Dry Scalp,Split Ends,"Mechanical damage, lack of trimming, friction from towels/pillowcases","Frayed, forked hair tips that look dry and dull",Regular trims every 8-10 weeks and use leave-in conditioner or hair oil to seal ends. Porosity-specific tip: Balanced routine works well; maintain regular deep conditioning every 1-2 weeks to preserve moisture-protein balance.,Leave-in conditioner + regular trims,"Bi-weekly application, trims every 2 months",Mild
307,1C,"Straight - Coarse, slight body",Medium Porosity,Dry Scalp,Frizz,"Humidity, lack of moisture, raised hair cuticle, or over-washing","Flyaway strands, rough and unmanageable texture","Use anti-frizz serum, microfiber towel drying, and leave-in cream with humectants like glycerin. Porosity-specific tip: Balanced routine works well; maintain regular deep conditioning every 1-2 weeks to preserve moisture-protein balance.",Anti-frizz serum/cream,Daily as needed,Mild
308,1C,"Straight - Coarse, slight body",Medium Porosity,Dry Scalp,Itchy/Irritated Scalp,"Allergic reaction to products, dry skin, dandruff, or scalp psoriasis/eczema","Persistent itching, redness, occasional burning sensation","Switch to fragrance-free, sulfate-free shampoo; use a soothing scalp serum with aloe vera or tea tree oil. Porosity-specific tip: Balanced routine works well; maintain regular deep conditioning every 1-2 weeks to preserve moisture-protein balance.",Soothing scalp serum,"Daily until resolved, then 2x/week",Mild-Moderate
309,1C,"Straight - Coarse, slight body",Medium Porosity,Dry Scalp,Product Buildup,"Accumulation of styling products, hard water minerals, or infrequent clarifying washes","Dull, weighed-down hair, reduced curl definition, waxy scalp feel",Use a clarifying or chelating shampoo once every 1-2 weeks to remove residue. Porosity-specific tip: Balanced routine works well; maintain regular deep conditioning every 1-2 weeks to preserve moisture-protein balance.,Clarifying/chelating shampoo,Every 1-2 weeks,Mild
310,1C,"Straight - Coarse, slight body",Medium Porosity,Normal Scalp,Dandruff,"Malassezia fungus overgrowth, dry skin, or sensitivity to hair products","White/yellow flakes on scalp and shoulders, mild itching","Use an anti-dandruff shampoo containing zinc pyrithione, ketoconazole, or selenium sulfide; avoid over-washing. Porosity-specific tip: Balanced routine works well; maintain regular deep conditioning every 1-2 weeks to preserve moisture-protein balance.",Medicated anti-dandruff shampoo,2-3 times per week,Mild-Moderate
311,1C,"Straight - Coarse, slight body",Medium Porosity,Normal Scalp,Dry Scalp,"Low sebum production, cold/dry weather, harsh shampoos, or dehydration","Tight, flaky, itchy scalp without excess oil","Apply a hydrating scalp oil (jojoba, argan) and switch to a sulfate-free moisturizing shampoo. Porosity-specific tip: Balanced routine works well; maintain regular deep conditioning every 1-2 weeks to preserve moisture-protein balance.",Scalp oil massage + hydrating shampoo,2 times per week,Mild
312,1C,"Straight - Coarse, slight body",Medium Porosity,Normal Scalp,Oily Scalp,"Overactive sebaceous glands, hormonal changes, or infrequent washing","Greasy roots, flat-looking hair, scalp odor",Use a clarifying shampoo with tea tree oil or salicylic acid; avoid heavy conditioners near the roots. Porosity-specific tip: Balanced routine works well; maintain regular deep conditioning every 1-2 weeks to preserve moisture-protein balance.,Clarifying shampoo,Every 2-3 days,Mild-Moderate
313,1C,"Straight - Coarse, slight body",Medium Porosity,Normal Scalp,Hair Breakage,"Excess heat styling, chemical treatments, over-brushing, or protein/moisture imbalance","Short broken strands, rough texture, visible split hairs","Reduce heat styling, use a protein-moisture balanced deep conditioner, trim damaged ends. Porosity-specific tip: Balanced routine works well; maintain regular deep conditioning every 1-2 weeks to preserve moisture-protein balance.",Protein treatment + deep conditioning mask,Weekly,Moderate
314,1C,"Straight - Coarse, slight body",Medium Porosity,Normal Scalp,Frizz,"Humidity, lack of moisture, raised hair cuticle, or over-washing","Flyaway strands, rough and unmanageable texture","Use anti-frizz serum, microfiber towel drying, and leave-in cream with humectants like glycerin. Porosity-specific tip: Balanced routine works well; maintain regular deep conditioning every 1-2 weeks to preserve moisture-protein balance.",Anti-frizz serum/cream,Daily as needed,Mild
315,1C,"Straight - Coarse, slight body",Medium Porosity,Normal Scalp,Hair Thinning,"Genetics, stress, nutritional deficiency, hormonal imbalance, or postpartum changes","Reduced hair density, visible scalp, thinner ponytail","Use minoxidil-based topical treatment, biotin/iron supplementation (consult a doctor), and gentle scalp massage. Porosity-specific tip: Balanced routine works well; maintain regular deep conditioning every 1-2 weeks to preserve moisture-protein balance.",Minoxidil topical + supplements,Daily application,Moderate-Severe
316,1C,"Straight - Coarse, slight body",Medium Porosity,Normal Scalp,Itchy/Irritated Scalp,"Allergic reaction to products, dry skin, dandruff, or scalp psoriasis/eczema","Persistent itching, redness, occasional burning sensation","Switch to fragrance-free, sulfate-free shampoo; use a soothing scalp serum with aloe vera or tea tree oil. Porosity-specific tip: Balanced routine works well; maintain regular deep conditioning every 1-2 weeks to preserve moisture-protein balance.",Soothing scalp serum,"Daily until resolved, then 2x/week",Mild-Moderate
317,1C,"Straight - Coarse, slight body",Medium Porosity,Normal Scalp,Product Buildup,"Accumulation of styling products, hard water minerals, or infrequent clarifying washes","Dull, weighed-down hair, reduced curl definition, waxy scalp feel",Use a clarifying or chelating shampoo once every 1-2 weeks to remove residue. Porosity-specific tip: Balanced routine works well; maintain regular deep conditioning every 1-2 weeks to preserve moisture-protein balance.,Clarifying/chelating shampoo,Every 1-2 weeks,Mild
318,1C,"Straight - Coarse, slight body",Medium Porosity,Combination Scalp,Dandruff,"Malassezia fungus overgrowth, dry skin, or sensitivity to hair products","White/yellow flakes on scalp and shoulders, mild itching","Use an anti-dandruff shampoo containing zinc pyrithione, ketoconazole, or selenium sulfide; avoid over-washing. Porosity-specific tip: Balanced routine works well; maintain regular deep conditioning every 1-2 weeks to preserve moisture-protein balance.",Medicated anti-dandruff shampoo,2-3 times per week,Mild-Moderate
319,1C,"Straight - Coarse, slight body",Medium Porosity,Combination Scalp,Oily Scalp,"Overactive sebaceous glands, hormonal changes, or infrequent washing","Greasy roots, flat-looking hair, scalp odor",Use a clarifying shampoo with tea tree oil or salicylic acid; avoid heavy conditioners near the roots. Porosity-specific tip: Balanced routine works well; maintain regular deep conditioning every 1-2 weeks to preserve moisture-protein balance.,Clarifying shampoo,Every 2-3 days,Mild-Moderate
320,1C,"Straight - Coarse, slight body",Medium Porosity,Combination Scalp,Hair Breakage,"Excess heat styling, chemical treatments, over-brushing, or protein/moisture imbalance","Short broken strands, rough texture, visible split hairs","Reduce heat styling, use a protein-moisture balanced deep conditioner, trim damaged ends. Porosity-specific tip: Balanced routine works well; maintain regular deep conditioning every 1-2 weeks to preserve moisture-protein balance.",Protein treatment + deep conditioning mask,Weekly,Moderate
321,1C,"Straight - Coarse, slight body",Medium Porosity,Combination Scalp,Split Ends,"Mechanical damage, lack of trimming, friction from towels/pillowcases","Frayed, forked hair tips that look dry and dull",Regular trims every 8-10 weeks and use leave-in conditioner or hair oil to seal ends. Porosity-specific tip: Balanced routine works well; maintain regular deep conditioning every 1-2 weeks to preserve moisture-protein balance.,Leave-in conditioner + regular trims,"Bi-weekly application, trims every 2 months",Mild
322,1C,"Straight - Coarse, slight body",Medium Porosity,Combination Scalp,Frizz,"Humidity, lack of moisture, raised hair cuticle, or over-washing","Flyaway strands, rough and unmanageable texture","Use anti-frizz serum, microfiber towel drying, and leave-in cream with humectants like glycerin. Porosity-specific tip: Balanced routine works well; maintain regular deep conditioning every 1-2 weeks to preserve moisture-protein balance.",Anti-frizz serum/cream,Daily as needed,Mild
323,1C,"Straight - Coarse, slight body",Medium Porosity,Combination Scalp,Hair Thinning,"Genetics, stress, nutritional deficiency, hormonal imbalance, or postpartum changes","Reduced hair density, visible scalp, thinner ponytail","Use minoxidil-based topical treatment, biotin/iron supplementation (consult a doctor), and gentle scalp massage. Porosity-specific tip: Balanced routine works well; maintain regular deep conditioning every 1-2 weeks to preserve moisture-protein balance.",Minoxidil topical + supplements,Daily application,Moderate-Severe
324,1C,"Straight - Coarse, slight body",Medium Porosity,Combination Scalp,Itchy/Irritated Scalp,"Allergic reaction to products, dry skin, dandruff, or scalp psoriasis/eczema","Persistent itching, redness, occasional burning sensation","Switch to fragrance-free, sulfate-free shampoo; use a soothing scalp serum with aloe vera or tea tree oil. Porosity-specific tip: Balanced routine works well; maintain regular deep conditioning every 1-2 weeks to preserve moisture-protein balance.",Soothing scalp serum,"Daily until resolved, then 2x/week",Mild-Moderate
325,1C,"Straight - Coarse, slight body",Medium Porosity,Combination Scalp,Product Buildup,"Accumulation of styling products, hard water minerals, or infrequent clarifying washes","Dull, weighed-down hair, reduced curl definition, waxy scalp feel",Use a clarifying or chelating shampoo once every 1-2 weeks to remove residue. Porosity-specific tip: Balanced routine works well; maintain regular deep conditioning every 1-2 weeks to preserve moisture-protein balance.,Clarifying/chelating shampoo,Every 1-2 weeks,Mild
326,1C,"Straight - Coarse, slight body",Medium Porosity,Sensitive Scalp,Dandruff,"Malassezia fungus overgrowth, dry skin, or sensitivity to hair products","White/yellow flakes on scalp and shoulders, mild itching","Use an anti-dandruff shampoo containing zinc pyrithione, ketoconazole, or selenium sulfide; avoid over-washing. Porosity-specific tip: Balanced routine works well; maintain regular deep conditioning every 1-2 weeks to preserve moisture-protein balance.",Medicated anti-dandruff shampoo,2-3 times per week,Mild-Moderate
327,1C,"Straight - Coarse, slight body",Medium Porosity,Sensitive Scalp,Dry Scalp,"Low sebum production, cold/dry weather, harsh shampoos, or dehydration","Tight, flaky, itchy scalp without excess oil","Apply a hydrating scalp oil (jojoba, argan) and switch to a sulfate-free moisturizing shampoo. Porosity-specific tip: Balanced routine works well; maintain regular deep conditioning every 1-2 weeks to preserve moisture-protein balance.",Scalp oil massage + hydrating shampoo,2 times per week,Mild
328,1C,"Straight - Coarse, slight body",Medium Porosity,Sensitive Scalp,Oily Scalp,"Overactive sebaceous glands, hormonal changes, or infrequent washing","Greasy roots, flat-looking hair, scalp odor",Use a clarifying shampoo with tea tree oil or salicylic acid; avoid heavy conditioners near the roots. Porosity-specific tip: Balanced routine works well; maintain regular deep conditioning every 1-2 weeks to preserve moisture-protein balance.,Clarifying shampoo,Every 2-3 days,Mild-Moderate
329,1C,"Straight - Coarse, slight body",Medium Porosity,Sensitive Scalp,Hair Breakage,"Excess heat styling, chemical treatments, over-brushing, or protein/moisture imbalance","Short broken strands, rough texture, visible split hairs","Reduce heat styling, use a protein-moisture balanced deep conditioner, trim damaged ends. Porosity-specific tip: Balanced routine works well; maintain regular deep conditioning every 1-2 weeks to preserve moisture-protein balance.",Protein treatment + deep conditioning mask,Weekly,Moderate
330,1C,"Straight - Coarse, slight body",Medium Porosity,Sensitive Scalp,Split Ends,"Mechanical damage, lack of trimming, friction from towels/pillowcases","Frayed, forked hair tips that look dry and dull",Regular trims every 8-10 weeks and use leave-in conditioner or hair oil to seal ends. Porosity-specific tip: Balanced routine works well; maintain regular deep conditioning every 1-2 weeks to preserve moisture-protein balance.,Leave-in conditioner + regular trims,"Bi-weekly application, trims every 2 months",Mild
331,1C,"Straight - Coarse, slight body",Medium Porosity,Sensitive Scalp,Frizz,"Humidity, lack of moisture, raised hair cuticle, or over-washing","Flyaway strands, rough and unmanageable texture","Use anti-frizz serum, microfiber towel drying, and leave-in cream with humectants like glycerin. Porosity-specific tip: Balanced routine works well; maintain regular deep conditioning every 1-2 weeks to preserve moisture-protein balance.",Anti-frizz serum/cream,Daily as needed,Mild
332,1C,"Straight - Coarse, slight body",Medium Porosity,Sensitive Scalp,Hair Thinning,"Genetics, stress, nutritional deficiency, hormonal imbalance, or postpartum changes","Reduced hair density, visible scalp, thinner ponytail","Use minoxidil-based topical treatment, biotin/iron supplementation (consult a doctor), and gentle scalp massage. Porosity-specific tip: Balanced routine works well; maintain regular deep conditioning every 1-2 weeks to preserve moisture-protein balance.",Minoxidil topical + supplements,Daily application,Moderate-Severe
333,1C,"Straight - Coarse, slight body",Medium Porosity,Sensitive Scalp,Itchy/Irritated Scalp,"Allergic reaction to products, dry skin, dandruff, or scalp psoriasis/eczema","Persistent itching, redness, occasional burning sensation","Switch to fragrance-free, sulfate-free shampoo; use a soothing scalp serum with aloe vera or tea tree oil. Porosity-specific tip: Balanced routine works well; maintain regular deep conditioning every 1-2 weeks to preserve moisture-protein balance.",Soothing scalp serum,"Daily until resolved, then 2x/week",Mild-Moderate
334,1C,"Straight - Coarse, slight body",Medium Porosity,Sensitive Scalp,Product Buildup,"Accumulation of styling products, hard water minerals, or infrequent clarifying washes","Dull, weighed-down hair, reduced curl definition, waxy scalp feel",Use a clarifying or chelating shampoo once every 1-2 weeks to remove residue. Porosity-specific tip: Balanced routine works well; maintain regular deep conditioning every 1-2 weeks to preserve moisture-protein balance.,Clarifying/chelating shampoo,Every 1-2 weeks,Mild
335,1C,"Straight - Coarse, slight body",High Porosity,Oily Scalp,Dandruff,"Malassezia fungus overgrowth, dry skin, or sensitivity to hair products","White/yellow flakes on scalp and shoulders, mild itching","Use an anti-dandruff shampoo containing zinc pyrithione, ketoconazole, or selenium sulfide; avoid over-washing. Porosity-specific tip: Use rich creams, butters, and oils to seal the cuticle; do a protein treatment periodically since high porosity hair loses moisture quickly.",Medicated anti-dandruff shampoo,2-3 times per week,Mild-Moderate
336,1C,"Straight - Coarse, slight body",High Porosity,Oily Scalp,Dry Scalp,"Low sebum production, cold/dry weather, harsh shampoos, or dehydration","Tight, flaky, itchy scalp without excess oil","Apply a hydrating scalp oil (jojoba, argan) and switch to a sulfate-free moisturizing shampoo. Porosity-specific tip: Use rich creams, butters, and oils to seal the cuticle; do a protein treatment periodically since high porosity hair loses moisture quickly.",Scalp oil massage + hydrating shampoo,2 times per week,Mild
337,1C,"Straight - Coarse, slight body",High Porosity,Oily Scalp,Oily Scalp,"Overactive sebaceous glands, hormonal changes, or infrequent washing","Greasy roots, flat-looking hair, scalp odor","Use a clarifying shampoo with tea tree oil or salicylic acid; avoid heavy conditioners near the roots. Porosity-specific tip: Use rich creams, butters, and oils to seal the cuticle; do a protein treatment periodically since high porosity hair loses moisture quickly.",Clarifying shampoo,Every 2-3 days,Mild-Moderate
338,1C,"Straight - Coarse, slight body",High Porosity,Oily Scalp,Hair Breakage,"Excess heat styling, chemical treatments, over-brushing, or protein/moisture imbalance","Short broken strands, rough texture, visible split hairs","Reduce heat styling, use a protein-moisture balanced deep conditioner, trim damaged ends. Porosity-specific tip: Use rich creams, butters, and oils to seal the cuticle; do a protein treatment periodically since high porosity hair loses moisture quickly.",Protein treatment + deep conditioning mask,Weekly,Moderate
339,1C,"Straight - Coarse, slight body",High Porosity,Oily Scalp,Split Ends,"Mechanical damage, lack of trimming, friction from towels/pillowcases","Frayed, forked hair tips that look dry and dull","Regular trims every 8-10 weeks and use leave-in conditioner or hair oil to seal ends. Porosity-specific tip: Use rich creams, butters, and oils to seal the cuticle; do a protein treatment periodically since high porosity hair loses moisture quickly.",Leave-in conditioner + regular trims,"Bi-weekly application, trims every 2 months",Mild
340,1C,"Straight - Coarse, slight body",High Porosity,Oily Scalp,Frizz,"Humidity, lack of moisture, raised hair cuticle, or over-washing","Flyaway strands, rough and unmanageable texture","Use anti-frizz serum, microfiber towel drying, and leave-in cream with humectants like glycerin. Porosity-specific tip: Use rich creams, butters, and oils to seal the cuticle; do a protein treatment periodically since high porosity hair loses moisture quickly.",Anti-frizz serum/cream,Daily as needed,Mild
341,1C,"Straight - Coarse, slight body",High Porosity,Oily Scalp,Hair Thinning,"Genetics, stress, nutritional deficiency, hormonal imbalance, or postpartum changes","Reduced hair density, visible scalp, thinner ponytail","Use minoxidil-based topical treatment, biotin/iron supplementation (consult a doctor), and gentle scalp massage. Porosity-specific tip: Use rich creams, butters, and oils to seal the cuticle; do a protein treatment periodically since high porosity hair loses moisture quickly.",Minoxidil topical + supplements,Daily application,Moderate-Severe
342,1C,"Straight - Coarse, slight body",High Porosity,Oily Scalp,Itchy/Irritated Scalp,"Allergic reaction to products, dry skin, dandruff, or scalp psoriasis/eczema","Persistent itching, redness, occasional burning sensation","Switch to fragrance-free, sulfate-free shampoo; use a soothing scalp serum with aloe vera or tea tree oil. Porosity-specific tip: Use rich creams, butters, and oils to seal the cuticle; do a protein treatment periodically since high porosity hair loses moisture quickly.",Soothing scalp serum,"Daily until resolved, then 2x/week",Mild-Moderate
343,1C,"Straight - Coarse, slight body",High Porosity,Oily Scalp,Product Buildup,"Accumulation of styling products, hard water minerals, or infrequent clarifying washes","Dull, weighed-down hair, reduced curl definition, waxy scalp feel","Use a clarifying or chelating shampoo once every 1-2 weeks to remove residue. Porosity-specific tip: Use rich creams, butters, and oils to seal the cuticle; do a protein treatment periodically since high porosity hair loses moisture quickly.",Clarifying/chelating shampoo,Every 1-2 weeks,Mild
344,1C,"Straight - Coarse, slight body",High Porosity,Dry Scalp,Dandruff,"Malassezia fungus overgrowth, dry skin, or sensitivity to hair products","White/yellow flakes on scalp and shoulders, mild itching","Use an anti-dandruff shampoo containing zinc pyrithione, ketoconazole, or selenium sulfide; avoid over-washing. Porosity-specific tip: Use rich creams, butters, and oils to seal the cuticle; do a protein treatment periodically since high porosity hair loses moisture quickly.",Medicated anti-dandruff shampoo,2-3 times per week,Mild-Moderate
345,1C,"Straight - Coarse, slight body",High Porosity,Dry Scalp,Dry Scalp,"Low sebum production, cold/dry weather, harsh shampoos, or dehydration","Tight, flaky, itchy scalp without excess oil","Apply a hydrating scalp oil (jojoba, argan) and switch to a sulfate-free moisturizing shampoo. Porosity-specific tip: Use rich creams, butters, and oils to seal the cuticle; do a protein treatment periodically since high porosity hair loses moisture quickly.",Scalp oil massage + hydrating shampoo,2 times per week,Mild
346,1C,"Straight - Coarse, slight body",High Porosity,Dry Scalp,Oily Scalp,"Overactive sebaceous glands, hormonal changes, or infrequent washing","Greasy roots, flat-looking hair, scalp odor","Use a clarifying shampoo with tea tree oil or salicylic acid; avoid heavy conditioners near the roots. Porosity-specific tip: Use rich creams, butters, and oils to seal the cuticle; do a protein treatment periodically since high porosity hair loses moisture quickly.",Clarifying shampoo,Every 2-3 days,Mild-Moderate
347,1C,"Straight - Coarse, slight body",High Porosity,Dry Scalp,Hair Breakage,"Excess heat styling, chemical treatments, over-brushing, or protein/moisture imbalance","Short broken strands, rough texture, visible split hairs","Reduce heat styling, use a protein-moisture balanced deep conditioner, trim damaged ends. Porosity-specific tip: Use rich creams, butters, and oils to seal the cuticle; do a protein treatment periodically since high porosity hair loses moisture quickly.",Protein treatment + deep conditioning mask,Weekly,Moderate
348,1C,"Straight - Coarse, slight body",High Porosity,Dry Scalp,Split Ends,"Mechanical damage, lack of trimming, friction from towels/pillowcases","Frayed, forked hair tips that look dry and dull","Regular trims every 8-10 weeks and use leave-in conditioner or hair oil to seal ends. Porosity-specific tip: Use rich creams, butters, and oils to seal the cuticle; do a protein treatment periodically since high porosity hair loses moisture quickly.",Leave-in conditioner + regular trims,"Bi-weekly application, trims every 2 months",Mild
349,1C,"Straight - Coarse, slight body",High Porosity,Dry Scalp,Frizz,"Humidity, lack of moisture, raised hair cuticle, or over-washing","Flyaway strands, rough and unmanageable texture","Use anti-frizz serum, microfiber towel drying, and leave-in cream with humectants like glycerin. Porosity-specific tip: Use rich creams, butters, and oils to seal the cuticle; do a protein treatment periodically since high porosity hair loses moisture quickly.",Anti-frizz serum/cream,Daily as needed,Mild
350,1C,"Straight - Coarse, slight body",High Porosity,Dry Scalp,Hair Thinning,"Genetics, stress, nutritional deficiency, hormonal imbalance, or postpartum changes","Reduced hair density, visible scalp, thinner ponytail","Use minoxidil-based topical treatment, biotin/iron supplementation (consult a doctor), and gentle scalp massage. Porosity-specific tip: Use rich creams, butters, and oils to seal the cuticle; do a protein treatment periodically since high porosity hair loses moisture quickly.",Minoxidil topical + supplements,Daily application,Moderate-Severe
351,1C,"Straight - Coarse, slight body",High Porosity,Dry Scalp,Itchy/Irritated Scalp,"Allergic reaction to products, dry skin, dandruff, or scalp psoriasis/eczema","Persistent itching, redness, occasional burning sensation","Switch to fragrance-free, sulfate-free shampoo; use a soothing scalp serum with aloe vera or tea tree oil. Porosity-specific tip: Use rich creams, butters, and oils to seal the cuticle; do a protein treatment periodically since high porosity hair loses moisture quickly.",Soothing scalp serum,"Daily until resolved, then 2x/week",Mild-Moderate
352,1C,"Straight - Coarse, slight body",High Porosity,Dry Scalp,Product Buildup,"Accumulation of styling products, hard water minerals, or infrequent clarifying washes","Dull, weighed-down hair, reduced curl definition, waxy scalp feel","Use a clarifying or chelating shampoo once every 1-2 weeks to remove residue. Porosity-specific tip: Use rich creams, butters, and oils to seal the cuticle; do a protein treatment periodically since high porosity hair loses moisture quickly.",Clarifying/chelating shampoo,Every 1-2 weeks,Mild
353,1C,"Straight - Coarse, slight body",High Porosity,Normal Scalp,Dandruff,"Malassezia fungus overgrowth, dry skin, or sensitivity to hair products","White/yellow flakes on scalp and shoulders, mild itching","Use an anti-dandruff shampoo containing zinc pyrithione, ketoconazole, or selenium sulfide; avoid over-washing. Porosity-specific tip: Use rich creams, butters, and oils to seal the cuticle; do a protein treatment periodically since high porosity hair loses moisture quickly.",Medicated anti-dandruff shampoo,2-3 times per week,Mild-Moderate
354,1C,"Straight - Coarse, slight body",High Porosity,Normal Scalp,Oily Scalp,"Overactive sebaceous glands, hormonal changes, or infrequent washing","Greasy roots, flat-looking hair, scalp odor","Use a clarifying shampoo with tea tree oil or salicylic acid; avoid heavy conditioners near the roots. Porosity-specific tip: Use rich creams, butters, and oils to seal the cuticle; do a protein treatment periodically since high porosity hair loses moisture quickly.",Clarifying shampoo,Every 2-3 days,Mild-Moderate
355,1C,"Straight - Coarse, slight body",High Porosity,Normal Scalp,Hair Breakage,"Excess heat styling, chemical treatments, over-brushing, or protein/moisture imbalance","Short broken strands, rough texture, visible split hairs","Reduce heat styling, use a protein-moisture balanced deep conditioner, trim damaged ends. Porosity-specific tip: Use rich creams, butters, and oils to seal the cuticle; do a protein treatment periodically since high porosity hair loses moisture quickly.",Protein treatment + deep conditioning mask,Weekly,Moderate
356,1C,"Straight - Coarse, slight body",High Porosity,Normal Scalp,Split Ends,"Mechanical damage, lack of trimming, friction from towels/pillowcases","Frayed, forked hair tips that look dry and dull","Regular trims every 8-10 weeks and use leave-in conditioner or hair oil to seal ends. Porosity-specific tip: Use rich creams, butters, and oils to seal the cuticle; do a protein treatment periodically since high porosity hair loses moisture quickly.",Leave-in conditioner + regular trims,"Bi-weekly application, trims every 2 months",Mild
357,1C,"Straight - Coarse, slight body",High Porosity,Normal Scalp,Frizz,"Humidity, lack of moisture, raised hair cuticle, or over-washing","Flyaway strands, rough and unmanageable texture","Use anti-frizz serum, microfiber towel drying, and leave-in cream with humectants like glycerin. Porosity-specific tip: Use rich creams, butters, and oils to seal the cuticle; do a protein treatment periodically since high porosity hair loses moisture quickly.",Anti-frizz serum/cream,Daily as needed,Mild
358,1C,"Straight - Coarse, slight body",High Porosity,Normal Scalp,Hair Thinning,"Genetics, stress, nutritional deficiency, hormonal imbalance, or postpartum changes","Reduced hair density, visible scalp, thinner ponytail","Use minoxidil-based topical treatment, biotin/iron supplementation (consult a doctor), and gentle scalp massage. Porosity-specific tip: Use rich creams, butters, and oils to seal the cuticle; do a protein treatment periodically since high porosity hair loses moisture quickly.",Minoxidil topical + supplements,Daily application,Moderate-Severe
359,1C,"Straight - Coarse, slight body",High Porosity,Normal Scalp,Product Buildup,"Accumulation of styling products, hard water minerals, or infrequent clarifying washes","Dull, weighed-down hair, reduced curl definition, waxy scalp feel","Use a clarifying or chelating shampoo once every 1-2 weeks to remove residue. Porosity-specific tip: Use rich creams, butters, and oils to seal the cuticle; do a protein treatment periodically since high porosity hair loses moisture quickly.",Clarifying/chelating shampoo,Every 1-2 weeks,Mild
360,1C,"Straight - Coarse, slight body",High Porosity,Combination Scalp,Dry Scalp,"Low sebum production, cold/dry weather, harsh shampoos, or dehydration","Tight, flaky, itchy scalp without excess oil","Apply a hydrating scalp oil (jojoba, argan) and switch to a sulfate-free moisturizing shampoo. Porosity-specific tip: Use rich creams, butters, and oils to seal the cuticle; do a protein treatment periodically since high porosity hair loses moisture quickly.",Scalp oil massage + hydrating shampoo,2 times per week,Mild
361,1C,"Straight - Coarse, slight body",High Porosity,Combination Scalp,Oily Scalp,"Overactive sebaceous glands, hormonal changes, or infrequent washing","Greasy roots, flat-looking hair, scalp odor","Use a clarifying shampoo with tea tree oil or salicylic acid; avoid heavy conditioners near the roots. Porosity-specific tip: Use rich creams, butters, and oils to seal the cuticle; do a protein treatment periodically since high porosity hair loses moisture quickly.",Clarifying shampoo,Every 2-3 days,Mild-Moderate
362,1C,"Straight - Coarse, slight body",High Porosity,Combination Scalp,Hair Breakage,"Excess heat styling, chemical treatments, over-brushing, or protein/moisture imbalance","Short broken strands, rough texture, visible split hairs","Reduce heat styling, use a protein-moisture balanced deep conditioner, trim damaged ends. Porosity-specific tip: Use rich creams, butters, and oils to seal the cuticle; do a protein treatment periodically since high porosity hair loses moisture quickly.",Protein treatment + deep conditioning mask,Weekly,Moderate
363,1C,"Straight - Coarse, slight body",High Porosity,Combination Scalp,Frizz,"Humidity, lack of moisture, raised hair cuticle, or over-washing","Flyaway strands, rough and unmanageable texture","Use anti-frizz serum, microfiber towel drying, and leave-in cream with humectants like glycerin. Porosity-specific tip: Use rich creams, butters, and oils to seal the cuticle; do a protein treatment periodically since high porosity hair loses moisture quickly.",Anti-frizz serum/cream,Daily as needed,Mild
364,1C,"Straight - Coarse, slight body",High Porosity,Combination Scalp,Hair Thinning,"Genetics, stress, nutritional deficiency, hormonal imbalance, or postpartum changes","Reduced hair density, visible scalp, thinner ponytail","Use minoxidil-based topical treatment, biotin/iron supplementation (consult a doctor), and gentle scalp massage. Porosity-specific tip: Use rich creams, butters, and oils to seal the cuticle; do a protein treatment periodically since high porosity hair loses moisture quickly.",Minoxidil topical + supplements,Daily application,Moderate-Severe
365,1C,"Straight - Coarse, slight body",High Porosity,Combination Scalp,Itchy/Irritated Scalp,"Allergic reaction to products, dry skin, dandruff, or scalp psoriasis/eczema","Persistent itching, redness, occasional burning sensation","Switch to fragrance-free, sulfate-free shampoo; use a soothing scalp serum with aloe vera or tea tree oil. Porosity-specific tip: Use rich creams, butters, and oils to seal the cuticle; do a protein treatment periodically since high porosity hair loses moisture quickly.",Soothing scalp serum,"Daily until resolved, then 2x/week",Mild-Moderate
366,1C,"Straight - Coarse, slight body",High Porosity,Combination Scalp,Product Buildup,"Accumulation of styling products, hard water minerals, or infrequent clarifying washes","Dull, weighed-down hair, reduced curl definition, waxy scalp feel","Use a clarifying or chelating shampoo once every 1-2 weeks to remove residue. Porosity-specific tip: Use rich creams, butters, and oils to seal the cuticle; do a protein treatment periodically since high porosity hair loses moisture quickly.",Clarifying/chelating shampoo,Every 1-2 weeks,Mild
367,1C,"Straight - Coarse, slight body",High Porosity,Sensitive Scalp,Dandruff,"Malassezia fungus overgrowth, dry skin, or sensitivity to hair products","White/yellow flakes on scalp and shoulders, mild itching","Use an anti-dandruff shampoo containing zinc pyrithione, ketoconazole, or selenium sulfide; avoid over-washing. Porosity-specific tip: Use rich creams, butters, and oils to seal the cuticle; do a protein treatment periodically since high porosity hair loses moisture quickly.",Medicated anti-dandruff shampoo,2-3 times per week,Mild-Moderate
368,1C,"Straight - Coarse, slight body",High Porosity,Sensitive Scalp,Dry Scalp,"Low sebum production, cold/dry weather, harsh shampoos, or dehydration","Tight, flaky, itchy scalp without excess oil","Apply a hydrating scalp oil (jojoba, argan) and switch to a sulfate-free moisturizing shampoo. Porosity-specific tip: Use rich creams, butters, and oils to seal the cuticle; do a protein treatment periodically since high porosity hair loses moisture quickly.",Scalp oil massage + hydrating shampoo,2 times per week,Mild
369,1C,"Straight - Coarse, slight body",High Porosity,Sensitive Scalp,Oily Scalp,"Overactive sebaceous glands, hormonal changes, or infrequent washing","Greasy roots, flat-looking hair, scalp odor","Use a clarifying shampoo with tea tree oil or salicylic acid; avoid heavy conditioners near the roots. Porosity-specific tip: Use rich creams, butters, and oils to seal the cuticle; do a protein treatment periodically since high porosity hair loses moisture quickly.",Clarifying shampoo,Every 2-3 days,Mild-Moderate
370,1C,"Straight - Coarse, slight body",High Porosity,Sensitive Scalp,Hair Breakage,"Excess heat styling, chemical treatments, over-brushing, or protein/moisture imbalance","Short broken strands, rough texture, visible split hairs","Reduce heat styling, use a protein-moisture balanced deep conditioner, trim damaged ends. Porosity-specific tip: Use rich creams, butters, and oils to seal the cuticle; do a protein treatment periodically since high porosity hair loses moisture quickly.",Protein treatment + deep conditioning mask,Weekly,Moderate
371,1C,"Straight - Coarse, slight body",High Porosity,Sensitive Scalp,Split Ends,"Mechanical damage, lack of trimming, friction from towels/pillowcases","Frayed, forked hair tips that look dry and dull","Regular trims every 8-10 weeks and use leave-in conditioner or hair oil to seal ends. Porosity-specific tip: Use rich creams, butters, and oils to seal the cuticle; do a protein treatment periodically since high porosity hair loses moisture quickly.",Leave-in conditioner + regular trims,"Bi-weekly application, trims every 2 months",Mild
372,1C,"Straight - Coarse, slight body",High Porosity,Sensitive Scalp,Hair Thinning,"Genetics, stress, nutritional deficiency, hormonal imbalance, or postpartum changes","Reduced hair density, visible scalp, thinner ponytail","Use minoxidil-based topical treatment, biotin/iron supplementation (consult a doctor), and gentle scalp massage. Porosity-specific tip: Use rich creams, butters, and oils to seal the cuticle; do a protein treatment periodically since high porosity hair loses moisture quickly.",Minoxidil topical + supplements,Daily application,Moderate-Severe
373,1C,"Straight - Coarse, slight body",High Porosity,Sensitive Scalp,Itchy/Irritated Scalp,"Allergic reaction to products, dry skin, dandruff, or scalp psoriasis/eczema","Persistent itching, redness, occasional burning sensation","Switch to fragrance-free, sulfate-free shampoo; use a soothing scalp serum with aloe vera or tea tree oil. Porosity-specific tip: Use rich creams, butters, and oils to seal the cuticle; do a protein treatment periodically since high porosity hair loses moisture quickly.",Soothing scalp serum,"Daily until resolved, then 2x/week",Mild-Moderate
374,1C,"Straight - Coarse, slight body",High Porosity,Sensitive Scalp,Product Buildup,"Accumulation of styling products, hard water minerals, or infrequent clarifying washes","Dull, weighed-down hair, reduced curl definition, waxy scalp feel","Use a clarifying or chelating shampoo once every 1-2 weeks to remove residue. Porosity-specific tip: Use rich creams, butters, and oils to seal the cuticle; do a protein treatment periodically since high porosity hair loses moisture quickly.",Clarifying/chelating shampoo,Every 1-2 weeks,Mild
375,2A,"Wavy - Loose, fine waves",Low Porosity,Oily Scalp,Dandruff,"Malassezia fungus overgrowth, dry skin, or sensitivity to hair products","White/yellow flakes on scalp and shoulders, mild itching","Use an anti-dandruff shampoo containing zinc pyrithione, ketoconazole, or selenium sulfide; avoid over-washing. Porosity-specific tip: Use lightweight, water-based products applied to damp hair; avoid heavy butters/oils that sit on the cuticle; consider heat (steam) to help product absorption.",Medicated anti-dandruff shampoo,2-3 times per week,Mild-Moderate
376,2A,"Wavy - Loose, fine waves",Low Porosity,Oily Scalp,Dry Scalp,"Low sebum production, cold/dry weather, harsh shampoos, or dehydration","Tight, flaky, itchy scalp without excess oil","Apply a hydrating scalp oil (jojoba, argan) and switch to a sulfate-free moisturizing shampoo. Porosity-specific tip: Use lightweight, water-based products applied to damp hair; avoid heavy butters/oils that sit on the cuticle; consider heat (steam) to help product absorption.",Scalp oil massage + hydrating shampoo,2 times per week,Mild
377,2A,"Wavy - Loose, fine waves",Low Porosity,Oily Scalp,Oily Scalp,"Overactive sebaceous glands, hormonal changes, or infrequent washing","Greasy roots, flat-looking hair, scalp odor","Use a clarifying shampoo with tea tree oil or salicylic acid; avoid heavy conditioners near the roots. Porosity-specific tip: Use lightweight, water-based products applied to damp hair; avoid heavy butters/oils that sit on the cuticle; consider heat (steam) to help product absorption.",Clarifying shampoo,Every 2-3 days,Mild-Moderate
378,2A,"Wavy - Loose, fine waves",Low Porosity,Oily Scalp,Hair Breakage,"Excess heat styling, chemical treatments, over-brushing, or protein/moisture imbalance","Short broken strands, rough texture, visible split hairs","Reduce heat styling, use a protein-moisture balanced deep conditioner, trim damaged ends. Porosity-specific tip: Use lightweight, water-based products applied to damp hair; avoid heavy butters/oils that sit on the cuticle; consider heat (steam) to help product absorption.",Protein treatment + deep conditioning mask,Weekly,Moderate
379,2A,"Wavy - Loose, fine waves",Low Porosity,Oily Scalp,Split Ends,"Mechanical damage, lack of trimming, friction from towels/pillowcases","Frayed, forked hair tips that look dry and dull","Regular trims every 8-10 weeks and use leave-in conditioner or hair oil to seal ends. Porosity-specific tip: Use lightweight, water-based products applied to damp hair; avoid heavy butters/oils that sit on the cuticle; consider heat (steam) to help product absorption.",Leave-in conditioner + regular trims,"Bi-weekly application, trims every 2 months",Mild
380,2A,"Wavy - Loose, fine waves",Low Porosity,Oily Scalp,Frizz,"Humidity, lack of moisture, raised hair cuticle, or over-washing","Flyaway strands, rough and unmanageable texture","Use anti-frizz serum, microfiber towel drying, and leave-in cream with humectants like glycerin. Porosity-specific tip: Use lightweight, water-based products applied to damp hair; avoid heavy butters/oils that sit on the cuticle; consider heat (steam) to help product absorption.",Anti-frizz serum/cream,Daily as needed,Mild
381,2A,"Wavy - Loose, fine waves",Low Porosity,Oily Scalp,Hair Thinning,"Genetics, stress, nutritional deficiency, hormonal imbalance, or postpartum changes","Reduced hair density, visible scalp, thinner ponytail","Use minoxidil-based topical treatment, biotin/iron supplementation (consult a doctor), and gentle scalp massage. Porosity-specific tip: Use lightweight, water-based products applied to damp hair; avoid heavy butters/oils that sit on the cuticle; consider heat (steam) to help product absorption.",Minoxidil topical + supplements,Daily application,Moderate-Severe
382,2A,"Wavy - Loose, fine waves",Low Porosity,Oily Scalp,Itchy/Irritated Scalp,"Allergic reaction to products, dry skin, dandruff, or scalp psoriasis/eczema","Persistent itching, redness, occasional burning sensation","Switch to fragrance-free, sulfate-free shampoo; use a soothing scalp serum with aloe vera or tea tree oil. Porosity-specific tip: Use lightweight, water-based products applied to damp hair; avoid heavy butters/oils that sit on the cuticle; consider heat (steam) to help product absorption.",Soothing scalp serum,"Daily until resolved, then 2x/week",Mild-Moderate
383,2A,"Wavy - Loose, fine waves",Low Porosity,Oily Scalp,Product Buildup,"Accumulation of styling products, hard water minerals, or infrequent clarifying washes","Dull, weighed-down hair, reduced curl definition, waxy scalp feel","Use a clarifying or chelating shampoo once every 1-2 weeks to remove residue. Porosity-specific tip: Use lightweight, water-based products applied to damp hair; avoid heavy butters/oils that sit on the cuticle; consider heat (steam) to help product absorption.",Clarifying/chelating shampoo,Every 1-2 weeks,Mild
384,2A,"Wavy - Loose, fine waves",Low Porosity,Dry Scalp,Dandruff,"Malassezia fungus overgrowth, dry skin, or sensitivity to hair products","White/yellow flakes on scalp and shoulders, mild itching","Use an anti-dandruff shampoo containing zinc pyrithione, ketoconazole, or selenium sulfide; avoid over-washing. Porosity-specific tip: Use lightweight, water-based products applied to damp hair; avoid heavy butters/oils that sit on the cuticle; consider heat (steam) to help product absorption.",Medicated anti-dandruff shampoo,2-3 times per week,Mild-Moderate
385,2A,"Wavy - Loose, fine waves",Low Porosity,Dry Scalp,Dry Scalp,"Low sebum production, cold/dry weather, harsh shampoos, or dehydration","Tight, flaky, itchy scalp without excess oil","Apply a hydrating scalp oil (jojoba, argan) and switch to a sulfate-free moisturizing shampoo. Porosity-specific tip: Use lightweight, water-based products applied to damp hair; avoid heavy butters/oils that sit on the cuticle; consider heat (steam) to help product absorption.",Scalp oil massage + hydrating shampoo,2 times per week,Mild
386,2A,"Wavy - Loose, fine waves",Low Porosity,Dry Scalp,Oily Scalp,"Overactive sebaceous glands, hormonal changes, or infrequent washing","Greasy roots, flat-looking hair, scalp odor","Use a clarifying shampoo with tea tree oil or salicylic acid; avoid heavy conditioners near the roots. Porosity-specific tip: Use lightweight, water-based products applied to damp hair; avoid heavy butters/oils that sit on the cuticle; consider heat (steam) to help product absorption.",Clarifying shampoo,Every 2-3 days,Mild-Moderate
387,2A,"Wavy - Loose, fine waves",Low Porosity,Dry Scalp,Hair Breakage,"Excess heat styling, chemical treatments, over-brushing, or protein/moisture imbalance","Short broken strands, rough texture, visible split hairs","Reduce heat styling, use a protein-moisture balanced deep conditioner, trim damaged ends. Porosity-specific tip: Use lightweight, water-based products applied to damp hair; avoid heavy butters/oils that sit on the cuticle; consider heat (steam) to help product absorption.",Protein treatment + deep conditioning mask,Weekly,Moderate
388,2A,"Wavy - Loose, fine waves",Low Porosity,Dry Scalp,Split Ends,"Mechanical damage, lack of trimming, friction from towels/pillowcases","Frayed, forked hair tips that look dry and dull","Regular trims every 8-10 weeks and use leave-in conditioner or hair oil to seal ends. Porosity-specific tip: Use lightweight, water-based products applied to damp hair; avoid heavy butters/oils that sit on the cuticle; consider heat (steam) to help product absorption.",Leave-in conditioner + regular trims,"Bi-weekly application, trims every 2 months",Mild
389,2A,"Wavy - Loose, fine waves",Low Porosity,Dry Scalp,Frizz,"Humidity, lack of moisture, raised hair cuticle, or over-washing","Flyaway strands, rough and unmanageable texture","Use anti-frizz serum, microfiber towel drying, and leave-in cream with humectants like glycerin. Porosity-specific tip: Use lightweight, water-based products applied to damp hair; avoid heavy butters/oils that sit on the cuticle; consider heat (steam) to help product absorption.",Anti-frizz serum/cream,Daily as needed,Mild
390,2A,"Wavy - Loose, fine waves",Low Porosity,Dry Scalp,Hair Thinning,"Genetics, stress, nutritional deficiency, hormonal imbalance, or postpartum changes","Reduced hair density, visible scalp, thinner ponytail","Use minoxidil-based topical treatment, biotin/iron supplementation (consult a doctor), and gentle scalp massage. Porosity-specific tip: Use lightweight, water-based products applied to damp hair; avoid heavy butters/oils that sit on the cuticle; consider heat (steam) to help product absorption.",Minoxidil topical + supplements,Daily application,Moderate-Severe
391,2A,"Wavy - Loose, fine waves",Low Porosity,Dry Scalp,Itchy/Irritated Scalp,"Allergic reaction to products, dry skin, dandruff, or scalp psoriasis/eczema","Persistent itching, redness, occasional burning sensation","Switch to fragrance-free, sulfate-free shampoo; use a soothing scalp serum with aloe vera or tea tree oil. Porosity-specific tip: Use lightweight, water-based products applied to damp hair; avoid heavy butters/oils that sit on the cuticle; consider heat (steam) to help product absorption.",Soothing scalp serum,"Daily until resolved, then 2x/week",Mild-Moderate
392,2A,"Wavy - Loose, fine waves",Low Porosity,Dry Scalp,Product Buildup,"Accumulation of styling products, hard water minerals, or infrequent clarifying washes","Dull, weighed-down hair, reduced curl definition, waxy scalp feel","Use a clarifying or chelating shampoo once every 1-2 weeks to remove residue. Porosity-specific tip: Use lightweight, water-based products applied to damp hair; avoid heavy butters/oils that sit on the cuticle; consider heat (steam) to help product absorption.",Clarifying/chelating shampoo,Every 1-2 weeks,Mild
393,2A,"Wavy - Loose, fine waves",Low Porosity,Normal Scalp,Dandruff,"Malassezia fungus overgrowth, dry skin, or sensitivity to hair products","White/yellow flakes on scalp and shoulders, mild itching","Use an anti-dandruff shampoo containing zinc pyrithione, ketoconazole, or selenium sulfide; avoid over-washing. Porosity-specific tip: Use lightweight, water-based products applied to damp hair; avoid heavy butters/oils that sit on the cuticle; consider heat (steam) to help product absorption.",Medicated anti-dandruff shampoo,2-3 times per week,Mild-Moderate
394,2A,"Wavy - Loose, fine waves",Low Porosity,Normal Scalp,Dry Scalp,"Low sebum production, cold/dry weather, harsh shampoos, or dehydration","Tight, flaky, itchy scalp without excess oil","Apply a hydrating scalp oil (jojoba, argan) and switch to a sulfate-free moisturizing shampoo. Porosity-specific tip: Use lightweight, water-based products applied to damp hair; avoid heavy butters/oils that sit on the cuticle; consider heat (steam) to help product absorption.",Scalp oil massage + hydrating shampoo,2 times per week,Mild
395,2A,"Wavy - Loose, fine waves",Low Porosity,Normal Scalp,Oily Scalp,"Overactive sebaceous glands, hormonal changes, or infrequent washing","Greasy roots, flat-looking hair, scalp odor","Use a clarifying shampoo with tea tree oil or salicylic acid; avoid heavy conditioners near the roots. Porosity-specific tip: Use lightweight, water-based products applied to damp hair; avoid heavy butters/oils that sit on the cuticle; consider heat (steam) to help product absorption.",Clarifying shampoo,Every 2-3 days,Mild-Moderate
396,2A,"Wavy - Loose, fine waves",Low Porosity,Normal Scalp,Hair Breakage,"Excess heat styling, chemical treatments, over-brushing, or protein/moisture imbalance","Short broken strands, rough texture, visible split hairs","Reduce heat styling, use a protein-moisture balanced deep conditioner, trim damaged ends. Porosity-specific tip: Use lightweight, water-based products applied to damp hair; avoid heavy butters/oils that sit on the cuticle; consider heat (steam) to help product absorption.",Protein treatment + deep conditioning mask,Weekly,Moderate
397,2A,"Wavy - Loose, fine waves",Low Porosity,Normal Scalp,Split Ends,"Mechanical damage, lack of trimming, friction from towels/pillowcases","Frayed, forked hair tips that look dry and dull","Regular trims every 8-10 weeks and use leave-in conditioner or hair oil to seal ends. Porosity-specific tip: Use lightweight, water-based products applied to damp hair; avoid heavy butters/oils that sit on the cuticle; consider heat (steam) to help product absorption.",Leave-in conditioner + regular trims,"Bi-weekly application, trims every 2 months",Mild
398,2A,"Wavy - Loose, fine waves",Low Porosity,Normal Scalp,Frizz,"Humidity, lack of moisture, raised hair cuticle, or over-washing","Flyaway strands, rough and unmanageable texture","Use anti-frizz serum, microfiber towel drying, and leave-in cream with humectants like glycerin. Porosity-specific tip: Use lightweight, water-based products applied to damp hair; avoid heavy butters/oils that sit on the cuticle; consider heat (steam) to help product absorption.",Anti-frizz serum/cream,Daily as needed,Mild
399,2A,"Wavy - Loose, fine waves",Low Porosity,Normal Scalp,Hair Thinning,"Genetics, stress, nutritional deficiency, hormonal imbalance, or postpartum changes","Reduced hair density, visible scalp, thinner ponytail","Use minoxidil-based topical treatment, biotin/iron supplementation (consult a doctor), and gentle scalp massage. Porosity-specific tip: Use lightweight, water-based products applied to damp hair; avoid heavy butters/oils that sit on the cuticle; consider heat (steam) to help product absorption.",Minoxidil topical + supplements,Daily application,Moderate-Severe
400,2A,"Wavy - Loose, fine waves",Low Porosity,Normal Scalp,Itchy/Irritated Scalp,"Allergic reaction to products, dry skin, dandruff, or scalp psoriasis/eczema","Persistent itching, redness, occasional burning sensation","Switch to fragrance-free, sulfate-free shampoo; use a soothing scalp serum with aloe vera or tea tree oil. Porosity-specific tip: Use lightweight, water-based products applied to damp hair; avoid heavy butters/oils that sit on the cuticle; consider heat (steam) to help product absorption.",Soothing scalp serum,"Daily until resolved, then 2x/week",Mild-Moderate
401,2A,"Wavy - Loose, fine waves",Low Porosity,Normal Scalp,Product Buildup,"Accumulation of styling products, hard water minerals, or infrequent clarifying washes","Dull, weighed-down hair, reduced curl definition, waxy scalp feel","Use a clarifying or chelating shampoo once every 1-2 weeks to remove residue. Porosity-specific tip: Use lightweight, water-based products applied to damp hair; avoid heavy butters/oils that sit on the cuticle; consider heat (steam) to help product absorption.",Clarifying/chelating shampoo,Every 1-2 weeks,Mild
402,2A,"Wavy - Loose, fine waves",Low Porosity,Combination Scalp,Dandruff,"Malassezia fungus overgrowth, dry skin, or sensitivity to hair products","White/yellow flakes on scalp and shoulders, mild itching","Use an anti-dandruff shampoo containing zinc pyrithione, ketoconazole, or selenium sulfide; avoid over-washing. Porosity-specific tip: Use lightweight, water-based products applied to damp hair; avoid heavy butters/oils that sit on the cuticle; consider heat (steam) to help product absorption.",Medicated anti-dandruff shampoo,2-3 times per week,Mild-Moderate
403,2A,"Wavy - Loose, fine waves",Low Porosity,Combination Scalp,Dry Scalp,"Low sebum production, cold/dry weather, harsh shampoos, or dehydration","Tight, flaky, itchy scalp without excess oil","Apply a hydrating scalp oil (jojoba, argan) and switch to a sulfate-free moisturizing shampoo. Porosity-specific tip: Use lightweight, water-based products applied to damp hair; avoid heavy butters/oils that sit on the cuticle; consider heat (steam) to help product absorption.",Scalp oil massage + hydrating shampoo,2 times per week,Mild
404,2A,"Wavy - Loose, fine waves",Low Porosity,Combination Scalp,Oily Scalp,"Overactive sebaceous glands, hormonal changes, or infrequent washing","Greasy roots, flat-looking hair, scalp odor","Use a clarifying shampoo with tea tree oil or salicylic acid; avoid heavy conditioners near the roots. Porosity-specific tip: Use lightweight, water-based products applied to damp hair; avoid heavy butters/oils that sit on the cuticle; consider heat (steam) to help product absorption.",Clarifying shampoo,Every 2-3 days,Mild-Moderate
405,2A,"Wavy - Loose, fine waves",Low Porosity,Combination Scalp,Hair Breakage,"Excess heat styling, chemical treatments, over-brushing, or protein/moisture imbalance","Short broken strands, rough texture, visible split hairs","Reduce heat styling, use a protein-moisture balanced deep conditioner, trim damaged ends. Porosity-specific tip: Use lightweight, water-based products applied to damp hair; avoid heavy butters/oils that sit on the cuticle; consider heat (steam) to help product absorption.",Protein treatment + deep conditioning mask,Weekly,Moderate
406,2A,"Wavy - Loose, fine waves",Low Porosity,Combination Scalp,Split Ends,"Mechanical damage, lack of trimming, friction from towels/pillowcases","Frayed, forked hair tips that look dry and dull","Regular trims every 8-10 weeks and use leave-in conditioner or hair oil to seal ends. Porosity-specific tip: Use lightweight, water-based products applied to damp hair; avoid heavy butters/oils that sit on the cuticle; consider heat (steam) to help product absorption.",Leave-in conditioner + regular trims,"Bi-weekly application, trims every 2 months",Mild
407,2A,"Wavy - Loose, fine waves",Low Porosity,Combination Scalp,Frizz,"Humidity, lack of moisture, raised hair cuticle, or over-washing","Flyaway strands, rough and unmanageable texture","Use anti-frizz serum, microfiber towel drying, and leave-in cream with humectants like glycerin. Porosity-specific tip: Use lightweight, water-based products applied to damp hair; avoid heavy butters/oils that sit on the cuticle; consider heat (steam) to help product absorption.",Anti-frizz serum/cream,Daily as needed,Mild
408,2A,"Wavy - Loose, fine waves",Low Porosity,Combination Scalp,Hair Thinning,"Genetics, stress, nutritional deficiency, hormonal imbalance, or postpartum changes","Reduced hair density, visible scalp, thinner ponytail","Use minoxidil-based topical treatment, biotin/iron supplementation (consult a doctor), and gentle scalp massage. Porosity-specific tip: Use lightweight, water-based products applied to damp hair; avoid heavy butters/oils that sit on the cuticle; consider heat (steam) to help product absorption.",Minoxidil topical + supplements,Daily application,Moderate-Severe
409,2A,"Wavy - Loose, fine waves",Low Porosity,Combination Scalp,Itchy/Irritated Scalp,"Allergic reaction to products, dry skin, dandruff, or scalp psoriasis/eczema","Persistent itching, redness, occasional burning sensation","Switch to fragrance-free, sulfate-free shampoo; use a soothing scalp serum with aloe vera or tea tree oil. Porosity-specific tip: Use lightweight, water-based products applied to damp hair; avoid heavy butters/oils that sit on the cuticle; consider heat (steam) to help product absorption.",Soothing scalp serum,"Daily until resolved, then 2x/week",Mild-Moderate
410,2A,"Wavy - Loose, fine waves",Low Porosity,Combination Scalp,Product Buildup,"Accumulation of styling products, hard water minerals, or infrequent clarifying washes","Dull, weighed-down hair, reduced curl definition, waxy scalp feel","Use a clarifying or chelating shampoo once every 1-2 weeks to remove residue. Porosity-specific tip: Use lightweight, water-based products applied to damp hair; avoid heavy butters/oils that sit on the cuticle; consider heat (steam) to help product absorption.",Clarifying/chelating shampoo,Every 1-2 weeks,Mild
411,2A,"Wavy - Loose, fine waves",Low Porosity,Sensitive Scalp,Dandruff,"Malassezia fungus overgrowth, dry skin, or sensitivity to hair products","White/yellow flakes on scalp and shoulders, mild itching","Use an anti-dandruff shampoo containing zinc pyrithione, ketoconazole, or selenium sulfide; avoid over-washing. Porosity-specific tip: Use lightweight, water-based products applied to damp hair; avoid heavy butters/oils that sit on the cuticle; consider heat (steam) to help product absorption.",Medicated anti-dandruff shampoo,2-3 times per week,Mild-Moderate
412,2A,"Wavy - Loose, fine waves",Low Porosity,Sensitive Scalp,Dry Scalp,"Low sebum production, cold/dry weather, harsh shampoos, or dehydration","Tight, flaky, itchy scalp without excess oil","Apply a hydrating scalp oil (jojoba, argan) and switch to a sulfate-free moisturizing shampoo. Porosity-specific tip: Use lightweight, water-based products applied to damp hair; avoid heavy butters/oils that sit on the cuticle; consider heat (steam) to help product absorption.",Scalp oil massage + hydrating shampoo,2 times per week,Mild
413,2A,"Wavy - Loose, fine waves",Low Porosity,Sensitive Scalp,Oily Scalp,"Overactive sebaceous glands, hormonal changes, or infrequent washing","Greasy roots, flat-looking hair, scalp odor","Use a clarifying shampoo with tea tree oil or salicylic acid; avoid heavy conditioners near the roots. Porosity-specific tip: Use lightweight, water-based products applied to damp hair; avoid heavy butters/oils that sit on the cuticle; consider heat (steam) to help product absorption.",Clarifying shampoo,Every 2-3 days,Mild-Moderate
414,2A,"Wavy - Loose, fine waves",Low Porosity,Sensitive Scalp,Hair Breakage,"Excess heat styling, chemical treatments, over-brushing, or protein/moisture imbalance","Short broken strands, rough texture, visible split hairs","Reduce heat styling, use a protein-moisture balanced deep conditioner, trim damaged ends. Porosity-specific tip: Use lightweight, water-based products applied to damp hair; avoid heavy butters/oils that sit on the cuticle; consider heat (steam) to help product absorption.",Protein treatment + deep conditioning mask,Weekly,Moderate
415,2A,"Wavy - Loose, fine waves",Low Porosity,Sensitive Scalp,Split Ends,"Mechanical damage, lack of trimming, friction from towels/pillowcases","Frayed, forked hair tips that look dry and dull","Regular trims every 8-10 weeks and use leave-in conditioner or hair oil to seal ends. Porosity-specific tip: Use lightweight, water-based products applied to damp hair; avoid heavy butters/oils that sit on the cuticle; consider heat (steam) to help product absorption.",Leave-in conditioner + regular trims,"Bi-weekly application, trims every 2 months",Mild
416,2A,"Wavy - Loose, fine waves",Low Porosity,Sensitive Scalp,Frizz,"Humidity, lack of moisture, raised hair cuticle, or over-washing","Flyaway strands, rough and unmanageable texture","Use anti-frizz serum, microfiber towel drying, and leave-in cream with humectants like glycerin. Porosity-specific tip: Use lightweight, water-based products applied to damp hair; avoid heavy butters/oils that sit on the cuticle; consider heat (steam) to help product absorption.",Anti-frizz serum/cream,Daily as needed,Mild
417,2A,"Wavy - Loose, fine waves",Low Porosity,Sensitive Scalp,Hair Thinning,"Genetics, stress, nutritional deficiency, hormonal imbalance, or postpartum changes","Reduced hair density, visible scalp, thinner ponytail","Use minoxidil-based topical treatment, biotin/iron supplementation (consult a doctor), and gentle scalp massage. Porosity-specific tip: Use lightweight, water-based products applied to damp hair; avoid heavy butters/oils that sit on the cuticle; consider heat (steam) to help product absorption.",Minoxidil topical + supplements,Daily application,Moderate-Severe
418,2A,"Wavy - Loose, fine waves",Low Porosity,Sensitive Scalp,Itchy/Irritated Scalp,"Allergic reaction to products, dry skin, dandruff, or scalp psoriasis/eczema","Persistent itching, redness, occasional burning sensation","Switch to fragrance-free, sulfate-free shampoo; use a soothing scalp serum with aloe vera or tea tree oil. Porosity-specific tip: Use lightweight, water-based products applied to damp hair; avoid heavy butters/oils that sit on the cuticle; consider heat (steam) to help product absorption.",Soothing scalp serum,"Daily until resolved, then 2x/week",Mild-Moderate
419,2A,"Wavy - Loose, fine waves",Low Porosity,Sensitive Scalp,Product Buildup,"Accumulation of styling products, hard water minerals, or infrequent clarifying washes","Dull, weighed-down hair, reduced curl definition, waxy scalp feel","Use a clarifying or chelating shampoo once every 1-2 weeks to remove residue. Porosity-specific tip: Use lightweight, water-based products applied to damp hair; avoid heavy butters/oils that sit on the cuticle; consider heat (steam) to help product absorption.",Clarifying/chelating shampoo,Every 1-2 weeks,Mild
420,2A,"Wavy - Loose, fine waves",Medium Porosity,Oily Scalp,Dandruff,"Malassezia fungus overgrowth, dry skin, or sensitivity to hair products","White/yellow flakes on scalp and shoulders, mild itching","Use an anti-dandruff shampoo containing zinc pyrithione, ketoconazole, or selenium sulfide; avoid over-washing. Porosity-specific tip: Balanced routine works well; maintain regular deep conditioning every 1-2 weeks to preserve moisture-protein balance.",Medicated anti-dandruff shampoo,2-3 times per week,Mild-Moderate
421,2A,"Wavy - Loose, fine waves",Medium Porosity,Oily Scalp,Dry Scalp,"Low sebum production, cold/dry weather, harsh shampoos, or dehydration","Tight, flaky, itchy scalp without excess oil","Apply a hydrating scalp oil (jojoba, argan) and switch to a sulfate-free moisturizing shampoo. Porosity-specific tip: Balanced routine works well; maintain regular deep conditioning every 1-2 weeks to preserve moisture-protein balance.",Scalp oil massage + hydrating shampoo,2 times per week,Mild
422,2A,"Wavy - Loose, fine waves",Medium Porosity,Oily Scalp,Oily Scalp,"Overactive sebaceous glands, hormonal changes, or infrequent washing","Greasy roots, flat-looking hair, scalp odor",Use a clarifying shampoo with tea tree oil or salicylic acid; avoid heavy conditioners near the roots. Porosity-specific tip: Balanced routine works well; maintain regular deep conditioning every 1-2 weeks to preserve moisture-protein balance.,Clarifying shampoo,Every 2-3 days,Mild-Moderate
423,2A,"Wavy - Loose, fine waves",Medium Porosity,Oily Scalp,Hair Breakage,"Excess heat styling, chemical treatments, over-brushing, or protein/moisture imbalance","Short broken strands, rough texture, visible split hairs","Reduce heat styling, use a protein-moisture balanced deep conditioner, trim damaged ends. Porosity-specific tip: Balanced routine works well; maintain regular deep conditioning every 1-2 weeks to preserve moisture-protein balance.",Protein treatment + deep conditioning mask,Weekly,Moderate
424,2A,"Wavy - Loose, fine waves",Medium Porosity,Oily Scalp,Split Ends,"Mechanical damage, lack of trimming, friction from towels/pillowcases","Frayed, forked hair tips that look dry and dull",Regular trims every 8-10 weeks and use leave-in conditioner or hair oil to seal ends. Porosity-specific tip: Balanced routine works well; maintain regular deep conditioning every 1-2 weeks to preserve moisture-protein balance.,Leave-in conditioner + regular trims,"Bi-weekly application, trims every 2 months",Mild
425,2A,"Wavy - Loose, fine waves",Medium Porosity,Oily Scalp,Hair Thinning,"Genetics, stress, nutritional deficiency, hormonal imbalance, or postpartum changes","Reduced hair density, visible scalp, thinner ponytail","Use minoxidil-based topical treatment, biotin/iron supplementation (consult a doctor), and gentle scalp massage. Porosity-specific tip: Balanced routine works well; maintain regular deep conditioning every 1-2 weeks to preserve moisture-protein balance.",Minoxidil topical + supplements,Daily application,Moderate-Severe
426,2A,"Wavy - Loose, fine waves",Medium Porosity,Oily Scalp,Itchy/Irritated Scalp,"Allergic reaction to products, dry skin, dandruff, or scalp psoriasis/eczema","Persistent itching, redness, occasional burning sensation","Switch to fragrance-free, sulfate-free shampoo; use a soothing scalp serum with aloe vera or tea tree oil. Porosity-specific tip: Balanced routine works well; maintain regular deep conditioning every 1-2 weeks to preserve moisture-protein balance.",Soothing scalp serum,"Daily until resolved, then 2x/week",Mild-Moderate
427,2A,"Wavy - Loose, fine waves",Medium Porosity,Oily Scalp,Product Buildup,"Accumulation of styling products, hard water minerals, or infrequent clarifying washes","Dull, weighed-down hair, reduced curl definition, waxy scalp feel",Use a clarifying or chelating shampoo once every 1-2 weeks to remove residue. Porosity-specific tip: Balanced routine works well; maintain regular deep conditioning every 1-2 weeks to preserve moisture-protein balance.,Clarifying/chelating shampoo,Every 1-2 weeks,Mild
428,2A,"Wavy - Loose, fine waves",Medium Porosity,Dry Scalp,Dry Scalp,"Low sebum production, cold/dry weather, harsh shampoos, or dehydration","Tight, flaky, itchy scalp without excess oil","Apply a hydrating scalp oil (jojoba, argan) and switch to a sulfate-free moisturizing shampoo. Porosity-specific tip: Balanced routine works well; maintain regular deep conditioning every 1-2 weeks to preserve moisture-protein balance.",Scalp oil massage + hydrating shampoo,2 times per week,Mild
429,2A,"Wavy - Loose, fine waves",Medium Porosity,Dry Scalp,Oily Scalp,"Overactive sebaceous glands, hormonal changes, or infrequent washing","Greasy roots, flat-looking hair, scalp odor",Use a clarifying shampoo with tea tree oil or salicylic acid; avoid heavy conditioners near the roots. Porosity-specific tip: Balanced routine works well; maintain regular deep conditioning every 1-2 weeks to preserve moisture-protein balance.,Clarifying shampoo,Every 2-3 days,Mild-Moderate
430,2A,"Wavy - Loose, fine waves",Medium Porosity,Dry Scalp,Hair Breakage,"Excess heat styling, chemical treatments, over-brushing, or protein/moisture imbalance","Short broken strands, rough texture, visible split hairs","Reduce heat styling, use a protein-moisture balanced deep conditioner, trim damaged ends. Porosity-specific tip: Balanced routine works well; maintain regular deep conditioning every 1-2 weeks to preserve moisture-protein balance.",Protein treatment + deep conditioning mask,Weekly,Moderate
431,2A,"Wavy - Loose, fine waves",Medium Porosity,Dry Scalp,Split Ends,"Mechanical damage, lack of trimming, friction from towels/pillowcases","Frayed, forked hair tips that look dry and dull",Regular trims every 8-10 weeks and use leave-in conditioner or hair oil to seal ends. Porosity-specific tip: Balanced routine works well; maintain regular deep conditioning every 1-2 weeks to preserve moisture-protein balance.,Leave-in conditioner + regular trims,"Bi-weekly application, trims every 2 months",Mild
432,2A,"Wavy - Loose, fine waves",Medium Porosity,Dry Scalp,Frizz,"Humidity, lack of moisture, raised hair cuticle, or over-washing","Flyaway strands, rough and unmanageable texture","Use anti-frizz serum, microfiber towel drying, and leave-in cream with humectants like glycerin. Porosity-specific tip: Balanced routine works well; maintain regular deep conditioning every 1-2 weeks to preserve moisture-protein balance.",Anti-frizz serum/cream,Daily as needed,Mild
433,2A,"Wavy - Loose, fine waves",Medium Porosity,Dry Scalp,Hair Thinning,"Genetics, stress, nutritional deficiency, hormonal imbalance, or postpartum changes","Reduced hair density, visible scalp, thinner ponytail","Use minoxidil-based topical treatment, biotin/iron supplementation (consult a doctor), and gentle scalp massage. Porosity-specific tip: Balanced routine works well; maintain regular deep conditioning every 1-2 weeks to preserve moisture-protein balance.",Minoxidil topical + supplements,Daily application,Moderate-Severe
434,2A,"Wavy - Loose, fine waves",Medium Porosity,Dry Scalp,Product Buildup,"Accumulation of styling products, hard water minerals, or infrequent clarifying washes","Dull, weighed-down hair, reduced curl definition, waxy scalp feel",Use a clarifying or chelating shampoo once every 1-2 weeks to remove residue. Porosity-specific tip: Balanced routine works well; maintain regular deep conditioning every 1-2 weeks to preserve moisture-protein balance.,Clarifying/chelating shampoo,Every 1-2 weeks,Mild
435,2A,"Wavy - Loose, fine waves",Medium Porosity,Normal Scalp,Dandruff,"Malassezia fungus overgrowth, dry skin, or sensitivity to hair products","White/yellow flakes on scalp and shoulders, mild itching","Use an anti-dandruff shampoo containing zinc pyrithione, ketoconazole, or selenium sulfide; avoid over-washing. Porosity-specific tip: Balanced routine works well; maintain regular deep conditioning every 1-2 weeks to preserve moisture-protein balance.",Medicated anti-dandruff shampoo,2-3 times per week,Mild-Moderate
436,2A,"Wavy - Loose, fine waves",Medium Porosity,Normal Scalp,Dry Scalp,"Low sebum production, cold/dry weather, harsh shampoos, or dehydration","Tight, flaky, itchy scalp without excess oil","Apply a hydrating scalp oil (jojoba, argan) and switch to a sulfate-free moisturizing shampoo. Porosity-specific tip: Balanced routine works well; maintain regular deep conditioning every 1-2 weeks to preserve moisture-protein balance.",Scalp oil massage + hydrating shampoo,2 times per week,Mild
437,2A,"Wavy - Loose, fine waves",Medium Porosity,Normal Scalp,Oily Scalp,"Overactive sebaceous glands, hormonal changes, or infrequent washing","Greasy roots, flat-looking hair, scalp odor",Use a clarifying shampoo with tea tree oil or salicylic acid; avoid heavy conditioners near the roots. Porosity-specific tip: Balanced routine works well; maintain regular deep conditioning every 1-2 weeks to preserve moisture-protein balance.,Clarifying shampoo,Every 2-3 days,Mild-Moderate
438,2A,"Wavy - Loose, fine waves",Medium Porosity,Normal Scalp,Hair Breakage,"Excess heat styling, chemical treatments, over-brushing, or protein/moisture imbalance","Short broken strands, rough texture, visible split hairs","Reduce heat styling, use a protein-moisture balanced deep conditioner, trim damaged ends. Porosity-specific tip: Balanced routine works well; maintain regular deep conditioning every 1-2 weeks to preserve moisture-protein balance.",Protein treatment + deep conditioning mask,Weekly,Moderate
439,2A,"Wavy - Loose, fine waves",Medium Porosity,Normal Scalp,Split Ends,"Mechanical damage, lack of trimming, friction from towels/pillowcases","Frayed, forked hair tips that look dry and dull",Regular trims every 8-10 weeks and use leave-in conditioner or hair oil to seal ends. Porosity-specific tip: Balanced routine works well; maintain regular deep conditioning every 1-2 weeks to preserve moisture-protein balance.,Leave-in conditioner + regular trims,"Bi-weekly application, trims every 2 months",Mild
440,2A,"Wavy - Loose, fine waves",Medium Porosity,Normal Scalp,Frizz,"Humidity, lack of moisture, raised hair cuticle, or over-washing","Flyaway strands, rough and unmanageable texture","Use anti-frizz serum, microfiber towel drying, and leave-in cream with humectants like glycerin. Porosity-specific tip: Balanced routine works well; maintain regular deep conditioning every 1-2 weeks to preserve moisture-protein balance.",Anti-frizz serum/cream,Daily as needed,Mild
441,2A,"Wavy - Loose, fine waves",Medium Porosity,Normal Scalp,Itchy/Irritated Scalp,"Allergic reaction to products, dry skin, dandruff, or scalp psoriasis/eczema","Persistent itching, redness, occasional burning sensation","Switch to fragrance-free, sulfate-free shampoo; use a soothing scalp serum with aloe vera or tea tree oil. Porosity-specific tip: Balanced routine works well; maintain regular deep conditioning every 1-2 weeks to preserve moisture-protein balance.",Soothing scalp serum,"Daily until resolved, then 2x/week",Mild-Moderate
442,2A,"Wavy - Loose, fine waves",Medium Porosity,Normal Scalp,Product Buildup,"Accumulation of styling products, hard water minerals, or infrequent clarifying washes","Dull, weighed-down hair, reduced curl definition, waxy scalp feel",Use a clarifying or chelating shampoo once every 1-2 weeks to remove residue. Porosity-specific tip: Balanced routine works well; maintain regular deep conditioning every 1-2 weeks to preserve moisture-protein balance.,Clarifying/chelating shampoo,Every 1-2 weeks,Mild
443,2A,"Wavy - Loose, fine waves",Medium Porosity,Combination Scalp,Dandruff,"Malassezia fungus overgrowth, dry skin, or sensitivity to hair products","White/yellow flakes on scalp and shoulders, mild itching","Use an anti-dandruff shampoo containing zinc pyrithione, ketoconazole, or selenium sulfide; avoid over-washing. Porosity-specific tip: Balanced routine works well; maintain regular deep conditioning every 1-2 weeks to preserve moisture-protein balance.",Medicated anti-dandruff shampoo,2-3 times per week,Mild-Moderate
444,2A,"Wavy - Loose, fine waves",Medium Porosity,Combination Scalp,Dry Scalp,"Low sebum production, cold/dry weather, harsh shampoos, or dehydration","Tight, flaky, itchy scalp without excess oil","Apply a hydrating scalp oil (jojoba, argan) and switch to a sulfate-free moisturizing shampoo. Porosity-specific tip: Balanced routine works well; maintain regular deep conditioning every 1-2 weeks to preserve moisture-protein balance.",Scalp oil massage + hydrating shampoo,2 times per week,Mild
445,2A,"Wavy - Loose, fine waves",Medium Porosity,Combination Scalp,Oily Scalp,"Overactive sebaceous glands, hormonal changes, or infrequent washing","Greasy roots, flat-looking hair, scalp odor",Use a clarifying shampoo with tea tree oil or salicylic acid; avoid heavy conditioners near the roots. Porosity-specific tip: Balanced routine works well; maintain regular deep conditioning every 1-2 weeks to preserve moisture-protein balance.,Clarifying shampoo,Every 2-3 days,Mild-Moderate
446,2A,"Wavy - Loose, fine waves",Medium Porosity,Combination Scalp,Hair Breakage,"Excess heat styling, chemical treatments, over-brushing, or protein/moisture imbalance","Short broken strands, rough texture, visible split hairs","Reduce heat styling, use a protein-moisture balanced deep conditioner, trim damaged ends. Porosity-specific tip: Balanced routine works well; maintain regular deep conditioning every 1-2 weeks to preserve moisture-protein balance.",Protein treatment + deep conditioning mask,Weekly,Moderate
447,2A,"Wavy - Loose, fine waves",Medium Porosity,Combination Scalp,Split Ends,"Mechanical damage, lack of trimming, friction from towels/pillowcases","Frayed, forked hair tips that look dry and dull",Regular trims every 8-10 weeks and use leave-in conditioner or hair oil to seal ends. Porosity-specific tip: Balanced routine works well; maintain regular deep conditioning every 1-2 weeks to preserve moisture-protein balance.,Leave-in conditioner + regular trims,"Bi-weekly application, trims every 2 months",Mild
448,2A,"Wavy - Loose, fine waves",Medium Porosity,Combination Scalp,Frizz,"Humidity, lack of moisture, raised hair cuticle, or over-washing","Flyaway strands, rough and unmanageable texture","Use anti-frizz serum, microfiber towel drying, and leave-in cream with humectants like glycerin. Porosity-specific tip: Balanced routine works well; maintain regular deep conditioning every 1-2 weeks to preserve moisture-protein balance.",Anti-frizz serum/cream,Daily as needed,Mild
449,2A,"Wavy - Loose, fine waves",Medium Porosity,Combination Scalp,Hair Thinning,"Genetics, stress, nutritional deficiency, hormonal imbalance, or postpartum changes","Reduced hair density, visible scalp, thinner ponytail","Use minoxidil-based topical treatment, biotin/iron supplementation (consult a doctor), and gentle scalp massage. Porosity-specific tip: Balanced routine works well; maintain regular deep conditioning every 1-2 weeks to preserve moisture-protein balance.",Minoxidil topical + supplements,Daily application,Moderate-Severe
450,2A,"Wavy - Loose, fine waves",Medium Porosity,Combination Scalp,Itchy/Irritated Scalp,"Allergic reaction to products, dry skin, dandruff, or scalp psoriasis/eczema","Persistent itching, redness, occasional burning sensation","Switch to fragrance-free, sulfate-free shampoo; use a soothing scalp serum with aloe vera or tea tree oil. Porosity-specific tip: Balanced routine works well; maintain regular deep conditioning every 1-2 weeks to preserve moisture-protein balance.",Soothing scalp serum,"Daily until resolved, then 2x/week",Mild-Moderate
451,2A,"Wavy - Loose, fine waves",Medium Porosity,Combination Scalp,Product Buildup,"Accumulation of styling products, hard water minerals, or infrequent clarifying washes","Dull, weighed-down hair, reduced curl definition, waxy scalp feel",Use a clarifying or chelating shampoo once every 1-2 weeks to remove residue. Porosity-specific tip: Balanced routine works well; maintain regular deep conditioning every 1-2 weeks to preserve moisture-protein balance.,Clarifying/chelating shampoo,Every 1-2 weeks,Mild
452,2A,"Wavy - Loose, fine waves",Medium Porosity,Sensitive Scalp,Dandruff,"Malassezia fungus overgrowth, dry skin, or sensitivity to hair products","White/yellow flakes on scalp and shoulders, mild itching","Use an anti-dandruff shampoo containing zinc pyrithione, ketoconazole, or selenium sulfide; avoid over-washing. Porosity-specific tip: Balanced routine works well; maintain regular deep conditioning every 1-2 weeks to preserve moisture-protein balance.",Medicated anti-dandruff shampoo,2-3 times per week,Mild-Moderate
453,2A,"Wavy - Loose, fine waves",Medium Porosity,Sensitive Scalp,Dry Scalp,"Low sebum production, cold/dry weather, harsh shampoos, or dehydration","Tight, flaky, itchy scalp without excess oil","Apply a hydrating scalp oil (jojoba, argan) and switch to a sulfate-free moisturizing shampoo. Porosity-specific tip: Balanced routine works well; maintain regular deep conditioning every 1-2 weeks to preserve moisture-protein balance.",Scalp oil massage + hydrating shampoo,2 times per week,Mild
454,2A,"Wavy - Loose, fine waves",Medium Porosity,Sensitive Scalp,Oily Scalp,"Overactive sebaceous glands, hormonal changes, or infrequent washing","Greasy roots, flat-looking hair, scalp odor",Use a clarifying shampoo with tea tree oil or salicylic acid; avoid heavy conditioners near the roots. Porosity-specific tip: Balanced routine works well; maintain regular deep conditioning every 1-2 weeks to preserve moisture-protein balance.,Clarifying shampoo,Every 2-3 days,Mild-Moderate
455,2A,"Wavy - Loose, fine waves",Medium Porosity,Sensitive Scalp,Hair Breakage,"Excess heat styling, chemical treatments, over-brushing, or protein/moisture imbalance","Short broken strands, rough texture, visible split hairs","Reduce heat styling, use a protein-moisture balanced deep conditioner, trim damaged ends. Porosity-specific tip: Balanced routine works well; maintain regular deep conditioning every 1-2 weeks to preserve moisture-protein balance.",Protein treatment + deep conditioning mask,Weekly,Moderate
456,2A,"Wavy - Loose, fine waves",Medium Porosity,Sensitive Scalp,Split Ends,"Mechanical damage, lack of trimming, friction from towels/pillowcases","Frayed, forked hair tips that look dry and dull",Regular trims every 8-10 weeks and use leave-in conditioner or hair oil to seal ends. Porosity-specific tip: Balanced routine works well; maintain regular deep conditioning every 1-2 weeks to preserve moisture-protein balance.,Leave-in conditioner + regular trims,"Bi-weekly application, trims every 2 months",Mild
457,2A,"Wavy - Loose, fine waves",Medium Porosity,Sensitive Scalp,Frizz,"Humidity, lack of moisture, raised hair cuticle, or over-washing","Flyaway strands, rough and unmanageable texture","Use anti-frizz serum, microfiber towel drying, and leave-in cream with humectants like glycerin. Porosity-specific tip: Balanced routine works well; maintain regular deep conditioning every 1-2 weeks to preserve moisture-protein balance.",Anti-frizz serum/cream,Daily as needed,Mild
458,2A,"Wavy - Loose, fine waves",Medium Porosity,Sensitive Scalp,Itchy/Irritated Scalp,"Allergic reaction to products, dry skin, dandruff, or scalp psoriasis/eczema","Persistent itching, redness, occasional burning sensation","Switch to fragrance-free, sulfate-free shampoo; use a soothing scalp serum with aloe vera or tea tree oil. Porosity-specific tip: Balanced routine works well; maintain regular deep conditioning every 1-2 weeks to preserve moisture-protein balance.",Soothing scalp serum,"Daily until resolved, then 2x/week",Mild-Moderate
459,2A,"Wavy - Loose, fine waves",Medium Porosity,Sensitive Scalp,Product Buildup,"Accumulation of styling products, hard water minerals, or infrequent clarifying washes","Dull, weighed-down hair, reduced curl definition, waxy scalp feel",Use a clarifying or chelating shampoo once every 1-2 weeks to remove residue. Porosity-specific tip: Balanced routine works well; maintain regular deep conditioning every 1-2 weeks to preserve moisture-protein balance.,Clarifying/chelating shampoo,Every 1-2 weeks,Mild
460,2A,"Wavy - Loose, fine waves",High Porosity,Oily Scalp,Dandruff,"Malassezia fungus overgrowth, dry skin, or sensitivity to hair products","White/yellow flakes on scalp and shoulders, mild itching","Use an anti-dandruff shampoo containing zinc pyrithione, ketoconazole, or selenium sulfide; avoid over-washing. Porosity-specific tip: Use rich creams, butters, and oils to seal the cuticle; do a protein treatment periodically since high porosity hair loses moisture quickly.",Medicated anti-dandruff shampoo,2-3 times per week,Mild-Moderate
461,2A,"Wavy - Loose, fine waves",High Porosity,Oily Scalp,Dry Scalp,"Low sebum production, cold/dry weather, harsh shampoos, or dehydration","Tight, flaky, itchy scalp without excess oil","Apply a hydrating scalp oil (jojoba, argan) and switch to a sulfate-free moisturizing shampoo. Porosity-specific tip: Use rich creams, butters, and oils to seal the cuticle; do a protein treatment periodically since high porosity hair loses moisture quickly.",Scalp oil massage + hydrating shampoo,2 times per week,Mild
462,2A,"Wavy - Loose, fine waves",High Porosity,Oily Scalp,Oily Scalp,"Overactive sebaceous glands, hormonal changes, or infrequent washing","Greasy roots, flat-looking hair, scalp odor","Use a clarifying shampoo with tea tree oil or salicylic acid; avoid heavy conditioners near the roots. Porosity-specific tip: Use rich creams, butters, and oils to seal the cuticle; do a protein treatment periodically since high porosity hair loses moisture quickly.",Clarifying shampoo,Every 2-3 days,Mild-Moderate
463,2A,"Wavy - Loose, fine waves",High Porosity,Oily Scalp,Hair Breakage,"Excess heat styling, chemical treatments, over-brushing, or protein/moisture imbalance","Short broken strands, rough texture, visible split hairs","Reduce heat styling, use a protein-moisture balanced deep conditioner, trim damaged ends. Porosity-specific tip: Use rich creams, butters, and oils to seal the cuticle; do a protein treatment periodically since high porosity hair loses moisture quickly.",Protein treatment + deep conditioning mask,Weekly,Moderate
464,2A,"Wavy - Loose, fine waves",High Porosity,Oily Scalp,Split Ends,"Mechanical damage, lack of trimming, friction from towels/pillowcases","Frayed, forked hair tips that look dry and dull","Regular trims every 8-10 weeks and use leave-in conditioner or hair oil to seal ends. Porosity-specific tip: Use rich creams, butters, and oils to seal the cuticle; do a protein treatment periodically since high porosity hair loses moisture quickly.",Leave-in conditioner + regular trims,"Bi-weekly application, trims every 2 months",Mild
465,2A,"Wavy - Loose, fine waves",High Porosity,Oily Scalp,Frizz,"Humidity, lack of moisture, raised hair cuticle, or over-washing","Flyaway strands, rough and unmanageable texture","Use anti-frizz serum, microfiber towel drying, and leave-in cream with humectants like glycerin. Porosity-specific tip: Use rich creams, butters, and oils to seal the cuticle; do a protein treatment periodically since high porosity hair loses moisture quickly.",Anti-frizz serum/cream,Daily as needed,Mild
466,2A,"Wavy - Loose, fine waves",High Porosity,Oily Scalp,Hair Thinning,"Genetics, stress, nutritional deficiency, hormonal imbalance, or postpartum changes","Reduced hair density, visible scalp, thinner ponytail","Use minoxidil-based topical treatment, biotin/iron supplementation (consult a doctor), and gentle scalp massage. Porosity-specific tip: Use rich creams, butters, and oils to seal the cuticle; do a protein treatment periodically since high porosity hair loses moisture quickly.",Minoxidil topical + supplements,Daily application,Moderate-Severe
467,2A,"Wavy - Loose, fine waves",High Porosity,Oily Scalp,Itchy/Irritated Scalp,"Allergic reaction to products, dry skin, dandruff, or scalp psoriasis/eczema","Persistent itching, redness, occasional burning sensation","Switch to fragrance-free, sulfate-free shampoo; use a soothing scalp serum with aloe vera or tea tree oil. Porosity-specific tip: Use rich creams, butters, and oils to seal the cuticle; do a protein treatment periodically since high porosity hair loses moisture quickly.",Soothing scalp serum,"Daily until resolved, then 2x/week",Mild-Moderate
468,2A,"Wavy - Loose, fine waves",High Porosity,Oily Scalp,Product Buildup,"Accumulation of styling products, hard water minerals, or infrequent clarifying washes","Dull, weighed-down hair, reduced curl definition, waxy scalp feel","Use a clarifying or chelating shampoo once every 1-2 weeks to remove residue. Porosity-specific tip: Use rich creams, butters, and oils to seal the cuticle; do a protein treatment periodically since high porosity hair loses moisture quickly.",Clarifying/chelating shampoo,Every 1-2 weeks,Mild
469,2A,"Wavy - Loose, fine waves",High Porosity,Dry Scalp,Dandruff,"Malassezia fungus overgrowth, dry skin, or sensitivity to hair products","White/yellow flakes on scalp and shoulders, mild itching","Use an anti-dandruff shampoo containing zinc pyrithione, ketoconazole, or selenium sulfide; avoid over-washing. Porosity-specific tip: Use rich creams, butters, and oils to seal the cuticle; do a protein treatment periodically since high porosity hair loses moisture quickly.",Medicated anti-dandruff shampoo,2-3 times per week,Mild-Moderate
470,2A,"Wavy - Loose, fine waves",High Porosity,Dry Scalp,Dry Scalp,"Low sebum production, cold/dry weather, harsh shampoos, or dehydration","Tight, flaky, itchy scalp without excess oil","Apply a hydrating scalp oil (jojoba, argan) and switch to a sulfate-free moisturizing shampoo. Porosity-specific tip: Use rich creams, butters, and oils to seal the cuticle; do a protein treatment periodically since high porosity hair loses moisture quickly.",Scalp oil massage + hydrating shampoo,2 times per week,Mild
471,2A,"Wavy - Loose, fine waves",High Porosity,Dry Scalp,Oily Scalp,"Overactive sebaceous glands, hormonal changes, or infrequent washing","Greasy roots, flat-looking hair, scalp odor","Use a clarifying shampoo with tea tree oil or salicylic acid; avoid heavy conditioners near the roots. Porosity-specific tip: Use rich creams, butters, and oils to seal the cuticle; do a protein treatment periodically since high porosity hair loses moisture quickly.",Clarifying shampoo,Every 2-3 days,Mild-Moderate
472,2A,"Wavy - Loose, fine waves",High Porosity,Dry Scalp,Hair Breakage,"Excess heat styling, chemical treatments, over-brushing, or protein/moisture imbalance","Short broken strands, rough texture, visible split hairs","Reduce heat styling, use a protein-moisture balanced deep conditioner, trim damaged ends. Porosity-specific tip: Use rich creams, butters, and oils to seal the cuticle; do a protein treatment periodically since high porosity hair loses moisture quickly.",Protein treatment + deep conditioning mask,Weekly,Moderate
473,2A,"Wavy - Loose, fine waves",High Porosity,Dry Scalp,Frizz,"Humidity, lack of moisture, raised hair cuticle, or over-washing","Flyaway strands, rough and unmanageable texture","Use anti-frizz serum, microfiber towel drying, and leave-in cream with humectants like glycerin. Porosity-specific tip: Use rich creams, butters, and oils to seal the cuticle; do a protein treatment periodically since high porosity hair loses moisture quickly.",Anti-frizz serum/cream,Daily as needed,Mild
474,2A,"Wavy - Loose, fine waves",High Porosity,Dry Scalp,Itchy/Irritated Scalp,"Allergic reaction to products, dry skin, dandruff, or scalp psoriasis/eczema","Persistent itching, redness, occasional burning sensation","Switch to fragrance-free, sulfate-free shampoo; use a soothing scalp serum with aloe vera or tea tree oil. Porosity-specific tip: Use rich creams, butters, and oils to seal the cuticle; do a protein treatment periodically since high porosity hair loses moisture quickly.",Soothing scalp serum,"Daily until resolved, then 2x/week",Mild-Moderate
475,2A,"Wavy - Loose, fine waves",High Porosity,Dry Scalp,Product Buildup,"Accumulation of styling products, hard water minerals, or infrequent clarifying washes","Dull, weighed-down hair, reduced curl definition, waxy scalp feel","Use a clarifying or chelating shampoo once every 1-2 weeks to remove residue. Porosity-specific tip: Use rich creams, butters, and oils to seal the cuticle; do a protein treatment periodically since high porosity hair loses moisture quickly.",Clarifying/chelating shampoo,Every 1-2 weeks,Mild
476,2A,"Wavy - Loose, fine waves",High Porosity,Normal Scalp,Dandruff,"Malassezia fungus overgrowth, dry skin, or sensitivity to hair products","White/yellow flakes on scalp and shoulders, mild itching","Use an anti-dandruff shampoo containing zinc pyrithione, ketoconazole, or selenium sulfide; avoid over-washing. Porosity-specific tip: Use rich creams, butters, and oils to seal the cuticle; do a protein treatment periodically since high porosity hair loses moisture quickly.",Medicated anti-dandruff shampoo,2-3 times per week,Mild-Moderate
477,2A,"Wavy - Loose, fine waves",High Porosity,Normal Scalp,Dry Scalp,"Low sebum production, cold/dry weather, harsh shampoos, or dehydration","Tight, flaky, itchy scalp without excess oil","Apply a hydrating scalp oil (jojoba, argan) and switch to a sulfate-free moisturizing shampoo. Porosity-specific tip: Use rich creams, butters, and oils to seal the cuticle; do a protein treatment periodically since high porosity hair loses moisture quickly.",Scalp oil massage + hydrating shampoo,2 times per week,Mild
478,2A,"Wavy - Loose, fine waves",High Porosity,Normal Scalp,Oily Scalp,"Overactive sebaceous glands, hormonal changes, or infrequent washing","Greasy roots, flat-looking hair, scalp odor","Use a clarifying shampoo with tea tree oil or salicylic acid; avoid heavy conditioners near the roots. Porosity-specific tip: Use rich creams, butters, and oils to seal the cuticle; do a protein treatment periodically since high porosity hair loses moisture quickly.",Clarifying shampoo,Every 2-3 days,Mild-Moderate
479,2A,"Wavy - Loose, fine waves",High Porosity,Normal Scalp,Hair Breakage,"Excess heat styling, chemical treatments, over-brushing, or protein/moisture imbalance","Short broken strands, rough texture, visible split hairs","Reduce heat styling, use a protein-moisture balanced deep conditioner, trim damaged ends. Porosity-specific tip: Use rich creams, butters, and oils to seal the cuticle; do a protein treatment periodically since high porosity hair loses moisture quickly.",Protein treatment + deep conditioning mask,Weekly,Moderate
480,2A,"Wavy - Loose, fine waves",High Porosity,Normal Scalp,Split Ends,"Mechanical damage, lack of trimming, friction from towels/pillowcases","Frayed, forked hair tips that look dry and dull","Regular trims every 8-10 weeks and use leave-in conditioner or hair oil to seal ends. Porosity-specific tip: Use rich creams, butters, and oils to seal the cuticle; do a protein treatment periodically since high porosity hair loses moisture quickly.",Leave-in conditioner + regular trims,"Bi-weekly application, trims every 2 months",Mild
481,2A,"Wavy - Loose, fine waves",High Porosity,Normal Scalp,Frizz,"Humidity, lack of moisture, raised hair cuticle, or over-washing","Flyaway strands, rough and unmanageable texture","Use anti-frizz serum, microfiber towel drying, and leave-in cream with humectants like glycerin. Porosity-specific tip: Use rich creams, butters, and oils to seal the cuticle; do a protein treatment periodically since high porosity hair loses moisture quickly.",Anti-frizz serum/cream,Daily as needed,Mild
482,2A,"Wavy - Loose, fine waves",High Porosity,Normal Scalp,Hair Thinning,"Genetics, stress, nutritional deficiency, hormonal imbalance, or postpartum changes","Reduced hair density, visible scalp, thinner ponytail","Use minoxidil-based topical treatment, biotin/iron supplementation (consult a doctor), and gentle scalp massage. Porosity-specific tip: Use rich creams, butters, and oils to seal the cuticle; do a protein treatment periodically since high porosity hair loses moisture quickly.",Minoxidil topical + supplements,Daily application,Moderate-Severe
483,2A,"Wavy - Loose, fine waves",High Porosity,Normal Scalp,Product Buildup,"Accumulation of styling products, hard water minerals, or infrequent clarifying washes","Dull, weighed-down hair, reduced curl definition, waxy scalp feel","Use a clarifying or chelating shampoo once every 1-2 weeks to remove residue. Porosity-specific tip: Use rich creams, butters, and oils to seal the cuticle; do a protein treatment periodically since high porosity hair loses moisture quickly.",Clarifying/chelating shampoo,Every 1-2 weeks,Mild
484,2A,"Wavy - Loose, fine waves",High Porosity,Combination Scalp,Dandruff,"Malassezia fungus overgrowth, dry skin, or sensitivity to hair products","White/yellow flakes on scalp and shoulders, mild itching","Use an anti-dandruff shampoo containing zinc pyrithione, ketoconazole, or selenium sulfide; avoid over-washing. Porosity-specific tip: Use rich creams, butters, and oils to seal the cuticle; do a protein treatment periodically since high porosity hair loses moisture quickly.",Medicated anti-dandruff shampoo,2-3 times per week,Mild-Moderate
485,2A,"Wavy - Loose, fine waves",High Porosity,Combination Scalp,Dry Scalp,"Low sebum production, cold/dry weather, harsh shampoos, or dehydration","Tight, flaky, itchy scalp without excess oil","Apply a hydrating scalp oil (jojoba, argan) and switch to a sulfate-free moisturizing shampoo. Porosity-specific tip: Use rich creams, butters, and oils to seal the cuticle; do a protein treatment periodically since high porosity hair loses moisture quickly.",Scalp oil massage + hydrating shampoo,2 times per week,Mild
486,2A,"Wavy - Loose, fine waves",High Porosity,Combination Scalp,Oily Scalp,"Overactive sebaceous glands, hormonal changes, or infrequent washing","Greasy roots, flat-looking hair, scalp odor","Use a clarifying shampoo with tea tree oil or salicylic acid; avoid heavy conditioners near the roots. Porosity-specific tip: Use rich creams, butters, and oils to seal the cuticle; do a protein treatment periodically since high porosity hair loses moisture quickly.",Clarifying shampoo,Every 2-3 days,Mild-Moderate
487,2A,"Wavy - Loose, fine waves",High Porosity,Combination Scalp,Hair Breakage,"Excess heat styling, chemical treatments, over-brushing, or protein/moisture imbalance","Short broken strands, rough texture, visible split hairs","Reduce heat styling, use a protein-moisture balanced deep conditioner, trim damaged ends. Porosity-specific tip: Use rich creams, butters, and oils to seal the cuticle; do a protein treatment periodically since high porosity hair loses moisture quickly.",Protein treatment + deep conditioning mask,Weekly,Moderate
488,2A,"Wavy - Loose, fine waves",High Porosity,Combination Scalp,Split Ends,"Mechanical damage, lack of trimming, friction from towels/pillowcases","Frayed, forked hair tips that look dry and dull","Regular trims every 8-10 weeks and use leave-in conditioner or hair oil to seal ends. Porosity-specific tip: Use rich creams, butters, and oils to seal the cuticle; do a protein treatment periodically since high porosity hair loses moisture quickly.",Leave-in conditioner + regular trims,"Bi-weekly application, trims every 2 months",Mild
489,2A,"Wavy - Loose, fine waves",High Porosity,Combination Scalp,Frizz,"Humidity, lack of moisture, raised hair cuticle, or over-washing","Flyaway strands, rough and unmanageable texture","Use anti-frizz serum, microfiber towel drying, and leave-in cream with humectants like glycerin. Porosity-specific tip: Use rich creams, butters, and oils to seal the cuticle; do a protein treatment periodically since high porosity hair loses moisture quickly.",Anti-frizz serum/cream,Daily as needed,Mild
490,2A,"Wavy - Loose, fine waves",High Porosity,Combination Scalp,Hair Thinning,"Genetics, stress, nutritional deficiency, hormonal imbalance, or postpartum changes","Reduced hair density, visible scalp, thinner ponytail","Use minoxidil-based topical treatment, biotin/iron supplementation (consult a doctor), and gentle scalp massage. Porosity-specific tip: Use rich creams, butters, and oils to seal the cuticle; do a protein treatment periodically since high porosity hair loses moisture quickly.",Minoxidil topical + supplements,Daily application,Moderate-Severe
491,2A,"Wavy - Loose, fine waves",High Porosity,Combination Scalp,Itchy/Irritated Scalp,"Allergic reaction to products, dry skin, dandruff, or scalp psoriasis/eczema","Persistent itching, redness, occasional burning sensation","Switch to fragrance-free, sulfate-free shampoo; use a soothing scalp serum with aloe vera or tea tree oil. Porosity-specific tip: Use rich creams, butters, and oils to seal the cuticle; do a protein treatment periodically since high porosity hair loses moisture quickly.",Soothing scalp serum,"Daily until resolved, then 2x/week",Mild-Moderate
492,2A,"Wavy - Loose, fine waves",High Porosity,Combination Scalp,Product Buildup,"Accumulation of styling products, hard water minerals, or infrequent clarifying washes","Dull, weighed-down hair, reduced curl definition, waxy scalp feel","Use a clarifying or chelating shampoo once every 1-2 weeks to remove residue. Porosity-specific tip: Use rich creams, butters, and oils to seal the cuticle; do a protein treatment periodically since high porosity hair loses moisture quickly.",Clarifying/chelating shampoo,Every 1-2 weeks,Mild
493,2A,"Wavy - Loose, fine waves",High Porosity,Sensitive Scalp,Dandruff,"Malassezia fungus overgrowth, dry skin, or sensitivity to hair products","White/yellow flakes on scalp and shoulders, mild itching","Use an anti-dandruff shampoo containing zinc pyrithione, ketoconazole, or selenium sulfide; avoid over-washing. Porosity-specific tip: Use rich creams, butters, and oils to seal the cuticle; do a protein treatment periodically since high porosity hair loses moisture quickly.",Medicated anti-dandruff shampoo,2-3 times per week,Mild-Moderate
494,2A,"Wavy - Loose, fine waves",High Porosity,Sensitive Scalp,Dry Scalp,"Low sebum production, cold/dry weather, harsh shampoos, or dehydration","Tight, flaky, itchy scalp without excess oil","Apply a hydrating scalp oil (jojoba, argan) and switch to a sulfate-free moisturizing shampoo. Porosity-specific tip: Use rich creams, butters, and oils to seal the cuticle; do a protein treatment periodically since high porosity hair loses moisture quickly.",Scalp oil massage + hydrating shampoo,2 times per week,Mild
495,2A,"Wavy - Loose, fine waves",High Porosity,Sensitive Scalp,Oily Scalp,"Overactive sebaceous glands, hormonal changes, or infrequent washing","Greasy roots, flat-looking hair, scalp odor","Use a clarifying shampoo with tea tree oil or salicylic acid; avoid heavy conditioners near the roots. Porosity-specific tip: Use rich creams, butters, and oils to seal the cuticle; do a protein treatment periodically since high porosity hair loses moisture quickly.",Clarifying shampoo,Every 2-3 days,Mild-Moderate
496,2A,"Wavy - Loose, fine waves",High Porosity,Sensitive Scalp,Hair Breakage,"Excess heat styling, chemical treatments, over-brushing, or protein/moisture imbalance","Short broken strands, rough texture, visible split hairs","Reduce heat styling, use a protein-moisture balanced deep conditioner, trim damaged ends. Porosity-specific tip: Use rich creams, butters, and oils to seal the cuticle; do a protein treatment periodically since high porosity hair loses moisture quickly.",Protein treatment + deep conditioning mask,Weekly,Moderate
497,2A,"Wavy - Loose, fine waves",High Porosity,Sensitive Scalp,Split Ends,"Mechanical damage, lack of trimming, friction from towels/pillowcases","Frayed, forked hair tips that look dry and dull","Regular trims every 8-10 weeks and use leave-in conditioner or hair oil to seal ends. Porosity-specific tip: Use rich creams, butters, and oils to seal the cuticle; do a protein treatment periodically since high porosity hair loses moisture quickly.",Leave-in conditioner + regular trims,"Bi-weekly application, trims every 2 months",Mild
498,2A,"Wavy - Loose, fine waves",High Porosity,Sensitive Scalp,Frizz,"Humidity, lack of moisture, raised hair cuticle, or over-washing","Flyaway strands, rough and unmanageable texture","Use anti-frizz serum, microfiber towel drying, and leave-in cream with humectants like glycerin. Porosity-specific tip: Use rich creams, butters, and oils to seal the cuticle; do a protein treatment periodically since high porosity hair loses moisture quickly.",Anti-frizz serum/cream,Daily as needed,Mild
499,2A,"Wavy - Loose, fine waves",High Porosity,Sensitive Scalp,Hair Thinning,"Genetics, stress, nutritional deficiency, hormonal imbalance, or postpartum changes","Reduced hair density, visible scalp, thinner ponytail","Use minoxidil-based topical treatment, biotin/iron supplementation (consult a doctor), and gentle scalp massage. Porosity-specific tip: Use rich creams, butters, and oils to seal the cuticle; do a protein treatment periodically since high porosity hair loses moisture quickly.",Minoxidil topical + supplements,Daily application,Moderate-Severe
500,2A,"Wavy - Loose, fine waves",High Porosity,Sensitive Scalp,Itchy/Irritated Scalp,"Allergic reaction to products, dry skin, dandruff, or scalp psoriasis/eczema","Persistent itching, redness, occasional burning sensation","Switch to fragrance-free, sulfate-free shampoo; use a soothing scalp serum with aloe vera or tea tree oil. Porosity-specific tip: Use rich creams, butters, and oils to seal the cuticle; do a protein treatment periodically since high porosity hair loses moisture quickly.",Soothing scalp serum,"Daily until resolved, then 2x/week",Mild-Moderate
501,2A,"Wavy - Loose, fine waves",High Porosity,Sensitive Scalp,Product Buildup,"Accumulation of styling products, hard water minerals, or infrequent clarifying washes","Dull, weighed-down hair, reduced curl definition, waxy scalp feel","Use a clarifying or chelating shampoo once every 1-2 weeks to remove residue. Porosity-specific tip: Use rich creams, butters, and oils to seal the cuticle; do a protein treatment periodically since high porosity hair loses moisture quickly.",Clarifying/chelating shampoo,Every 1-2 weeks,Mild
502,2B,Wavy - Defined S-waves,Low Porosity,Oily Scalp,Dandruff,"Malassezia fungus overgrowth, dry skin, or sensitivity to hair products","White/yellow flakes on scalp and shoulders, mild itching","Use an anti-dandruff shampoo containing zinc pyrithione, ketoconazole, or selenium sulfide; avoid over-washing. Porosity-specific tip: Use lightweight, water-based products applied to damp hair; avoid heavy butters/oils that sit on the cuticle; consider heat (steam) to help product absorption.",Medicated anti-dandruff shampoo,2-3 times per week,Mild-Moderate
503,2B,Wavy - Defined S-waves,Low Porosity,Oily Scalp,Dry Scalp,"Low sebum production, cold/dry weather, harsh shampoos, or dehydration","Tight, flaky, itchy scalp without excess oil","Apply a hydrating scalp oil (jojoba, argan) and switch to a sulfate-free moisturizing shampoo. Porosity-specific tip: Use lightweight, water-based products applied to damp hair; avoid heavy butters/oils that sit on the cuticle; consider heat (steam) to help product absorption.",Scalp oil massage + hydrating shampoo,2 times per week,Mild
504,2B,Wavy - Defined S-waves,Low Porosity,Oily Scalp,Oily Scalp,"Overactive sebaceous glands, hormonal changes, or infrequent washing","Greasy roots, flat-looking hair, scalp odor","Use a clarifying shampoo with tea tree oil or salicylic acid; avoid heavy conditioners near the roots. Porosity-specific tip: Use lightweight, water-based products applied to damp hair; avoid heavy butters/oils that sit on the cuticle; consider heat (steam) to help product absorption.",Clarifying shampoo,Every 2-3 days,Mild-Moderate
505,2B,Wavy - Defined S-waves,Low Porosity,Oily Scalp,Hair Breakage,"Excess heat styling, chemical treatments, over-brushing, or protein/moisture imbalance","Short broken strands, rough texture, visible split hairs","Reduce heat styling, use a protein-moisture balanced deep conditioner, trim damaged ends. Porosity-specific tip: Use lightweight, water-based products applied to damp hair; avoid heavy butters/oils that sit on the cuticle; consider heat (steam) to help product absorption.",Protein treatment + deep conditioning mask,Weekly,Moderate
506,2B,Wavy - Defined S-waves,Low Porosity,Oily Scalp,Split Ends,"Mechanical damage, lack of trimming, friction from towels/pillowcases","Frayed, forked hair tips that look dry and dull","Regular trims every 8-10 weeks and use leave-in conditioner or hair oil to seal ends. Porosity-specific tip: Use lightweight, water-based products applied to damp hair; avoid heavy butters/oils that sit on the cuticle; consider heat (steam) to help product absorption.",Leave-in conditioner + regular trims,"Bi-weekly application, trims every 2 months",Mild
507,2B,Wavy - Defined S-waves,Low Porosity,Oily Scalp,Frizz,"Humidity, lack of moisture, raised hair cuticle, or over-washing","Flyaway strands, rough and unmanageable texture","Use anti-frizz serum, microfiber towel drying, and leave-in cream with humectants like glycerin. Porosity-specific tip: Use lightweight, water-based products applied to damp hair; avoid heavy butters/oils that sit on the cuticle; consider heat (steam) to help product absorption.",Anti-frizz serum/cream,Daily as needed,Mild
508,2B,Wavy - Defined S-waves,Low Porosity,Oily Scalp,Hair Thinning,"Genetics, stress, nutritional deficiency, hormonal imbalance, or postpartum changes","Reduced hair density, visible scalp, thinner ponytail","Use minoxidil-based topical treatment, biotin/iron supplementation (consult a doctor), and gentle scalp massage. Porosity-specific tip: Use lightweight, water-based products applied to damp hair; avoid heavy butters/oils that sit on the cuticle; consider heat (steam) to help product absorption.",Minoxidil topical + supplements,Daily application,Moderate-Severe
509,2B,Wavy - Defined S-waves,Low Porosity,Oily Scalp,Itchy/Irritated Scalp,"Allergic reaction to products, dry skin, dandruff, or scalp psoriasis/eczema","Persistent itching, redness, occasional burning sensation","Switch to fragrance-free, sulfate-free shampoo; use a soothing scalp serum with aloe vera or tea tree oil. Porosity-specific tip: Use lightweight, water-based products applied to damp hair; avoid heavy butters/oils that sit on the cuticle; consider heat (steam) to help product absorption.",Soothing scalp serum,"Daily until resolved, then 2x/week",Mild-Moderate
510,2B,Wavy - Defined S-waves,Low Porosity,Oily Scalp,Product Buildup,"Accumulation of styling products, hard water minerals, or infrequent clarifying washes","Dull, weighed-down hair, reduced curl definition, waxy scalp feel","Use a clarifying or chelating shampoo once every 1-2 weeks to remove residue. Porosity-specific tip: Use lightweight, water-based products applied to damp hair; avoid heavy butters/oils that sit on the cuticle; consider heat (steam) to help product absorption.",Clarifying/chelating shampoo,Every 1-2 weeks,Mild
511,2B,Wavy - Defined S-waves,Low Porosity,Dry Scalp,Dandruff,"Malassezia fungus overgrowth, dry skin, or sensitivity to hair products","White/yellow flakes on scalp and shoulders, mild itching","Use an anti-dandruff shampoo containing zinc pyrithione, ketoconazole, or selenium sulfide; avoid over-washing. Porosity-specific tip: Use lightweight, water-based products applied to damp hair; avoid heavy butters/oils that sit on the cuticle; consider heat (steam) to help product absorption.",Medicated anti-dandruff shampoo,2-3 times per week,Mild-Moderate
512,2B,Wavy - Defined S-waves,Low Porosity,Dry Scalp,Dry Scalp,"Low sebum production, cold/dry weather, harsh shampoos, or dehydration","Tight, flaky, itchy scalp without excess oil","Apply a hydrating scalp oil (jojoba, argan) and switch to a sulfate-free moisturizing shampoo. Porosity-specific tip: Use lightweight, water-based products applied to damp hair; avoid heavy butters/oils that sit on the cuticle; consider heat (steam) to help product absorption.",Scalp oil massage + hydrating shampoo,2 times per week,Mild
513,2B,Wavy - Defined S-waves,Low Porosity,Dry Scalp,Oily Scalp,"Overactive sebaceous glands, hormonal changes, or infrequent washing","Greasy roots, flat-looking hair, scalp odor","Use a clarifying shampoo with tea tree oil or salicylic acid; avoid heavy conditioners near the roots. Porosity-specific tip: Use lightweight, water-based products applied to damp hair; avoid heavy butters/oils that sit on the cuticle; consider heat (steam) to help product absorption.",Clarifying shampoo,Every 2-3 days,Mild-Moderate
514,2B,Wavy - Defined S-waves,Low Porosity,Dry Scalp,Hair Breakage,"Excess heat styling, chemical treatments, over-brushing, or protein/moisture imbalance","Short broken strands, rough texture, visible split hairs","Reduce heat styling, use a protein-moisture balanced deep conditioner, trim damaged ends. Porosity-specific tip: Use lightweight, water-based products applied to damp hair; avoid heavy butters/oils that sit on the cuticle; consider heat (steam) to help product absorption.",Protein treatment + deep conditioning mask,Weekly,Moderate
515,2B,Wavy - Defined S-waves,Low Porosity,Dry Scalp,Split Ends,"Mechanical damage, lack of trimming, friction from towels/pillowcases","Frayed, forked hair tips that look dry and dull","Regular trims every 8-10 weeks and use leave-in conditioner or hair oil to seal ends. Porosity-specific tip: Use lightweight, water-based products applied to damp hair; avoid heavy butters/oils that sit on the cuticle; consider heat (steam) to help product absorption.",Leave-in conditioner + regular trims,"Bi-weekly application, trims every 2 months",Mild
516,2B,Wavy - Defined S-waves,Low Porosity,Dry Scalp,Frizz,"Humidity, lack of moisture, raised hair cuticle, or over-washing","Flyaway strands, rough and unmanageable texture","Use anti-frizz serum, microfiber towel drying, and leave-in cream with humectants like glycerin. Porosity-specific tip: Use lightweight, water-based products applied to damp hair; avoid heavy butters/oils that sit on the cuticle; consider heat (steam) to help product absorption.",Anti-frizz serum/cream,Daily as needed,Mild
517,2B,Wavy - Defined S-waves,Low Porosity,Dry Scalp,Hair Thinning,"Genetics, stress, nutritional deficiency, hormonal imbalance, or postpartum changes","Reduced hair density, visible scalp, thinner ponytail","Use minoxidil-based topical treatment, biotin/iron supplementation (consult a doctor), and gentle scalp massage. Porosity-specific tip: Use lightweight, water-based products applied to damp hair; avoid heavy butters/oils that sit on the cuticle; consider heat (steam) to help product absorption.",Minoxidil topical + supplements,Daily application,Moderate-Severe
518,2B,Wavy - Defined S-waves,Low Porosity,Dry Scalp,Itchy/Irritated Scalp,"Allergic reaction to products, dry skin, dandruff, or scalp psoriasis/eczema","Persistent itching, redness, occasional burning sensation","Switch to fragrance-free, sulfate-free shampoo; use a soothing scalp serum with aloe vera or tea tree oil. Porosity-specific tip: Use lightweight, water-based products applied to damp hair; avoid heavy butters/oils that sit on the cuticle; consider heat (steam) to help product absorption.",Soothing scalp serum,"Daily until resolved, then 2x/week",Mild-Moderate
519,2B,Wavy - Defined S-waves,Low Porosity,Dry Scalp,Product Buildup,"Accumulation of styling products, hard water minerals, or infrequent clarifying washes","Dull, weighed-down hair, reduced curl definition, waxy scalp feel","Use a clarifying or chelating shampoo once every 1-2 weeks to remove residue. Porosity-specific tip: Use lightweight, water-based products applied to damp hair; avoid heavy butters/oils that sit on the cuticle; consider heat (steam) to help product absorption.",Clarifying/chelating shampoo,Every 1-2 weeks,Mild
520,2B,Wavy - Defined S-waves,Low Porosity,Normal Scalp,Dandruff,"Malassezia fungus overgrowth, dry skin, or sensitivity to hair products","White/yellow flakes on scalp and shoulders, mild itching","Use an anti-dandruff shampoo containing zinc pyrithione, ketoconazole, or selenium sulfide; avoid over-washing. Porosity-specific tip: Use lightweight, water-based products applied to damp hair; avoid heavy butters/oils that sit on the cuticle; consider heat (steam) to help product absorption.",Medicated anti-dandruff shampoo,2-3 times per week,Mild-Moderate
521,2B,Wavy - Defined S-waves,Low Porosity,Normal Scalp,Dry Scalp,"Low sebum production, cold/dry weather, harsh shampoos, or dehydration","Tight, flaky, itchy scalp without excess oil","Apply a hydrating scalp oil (jojoba, argan) and switch to a sulfate-free moisturizing shampoo. Porosity-specific tip: Use lightweight, water-based products applied to damp hair; avoid heavy butters/oils that sit on the cuticle; consider heat (steam) to help product absorption.",Scalp oil massage + hydrating shampoo,2 times per week,Mild
522,2B,Wavy - Defined S-waves,Low Porosity,Normal Scalp,Oily Scalp,"Overactive sebaceous glands, hormonal changes, or infrequent washing","Greasy roots, flat-looking hair, scalp odor","Use a clarifying shampoo with tea tree oil or salicylic acid; avoid heavy conditioners near the roots. Porosity-specific tip: Use lightweight, water-based products applied to damp hair; avoid heavy butters/oils that sit on the cuticle; consider heat (steam) to help product absorption.",Clarifying shampoo,Every 2-3 days,Mild-Moderate
523,2B,Wavy - Defined S-waves,Low Porosity,Normal Scalp,Hair Breakage,"Excess heat styling, chemical treatments, over-brushing, or protein/moisture imbalance","Short broken strands, rough texture, visible split hairs","Reduce heat styling, use a protein-moisture balanced deep conditioner, trim damaged ends. Porosity-specific tip: Use lightweight, water-based products applied to damp hair; avoid heavy butters/oils that sit on the cuticle; consider heat (steam) to help product absorption.",Protein treatment + deep conditioning mask,Weekly,Moderate
524,2B,Wavy - Defined S-waves,Low Porosity,Normal Scalp,Frizz,"Humidity, lack of moisture, raised hair cuticle, or over-washing","Flyaway strands, rough and unmanageable texture","Use anti-frizz serum, microfiber towel drying, and leave-in cream with humectants like glycerin. Porosity-specific tip: Use lightweight, water-based products applied to damp hair; avoid heavy butters/oils that sit on the cuticle; consider heat (steam) to help product absorption.",Anti-frizz serum/cream,Daily as needed,Mild
525,2B,Wavy - Defined S-waves,Low Porosity,Normal Scalp,Product Buildup,"Accumulation of styling products, hard water minerals, or infrequent clarifying washes","Dull, weighed-down hair, reduced curl definition, waxy scalp feel","Use a clarifying or chelating shampoo once every 1-2 weeks to remove residue. Porosity-specific tip: Use lightweight, water-based products applied to damp hair; avoid heavy butters/oils that sit on the cuticle; consider heat (steam) to help product absorption.",Clarifying/chelating shampoo,Every 1-2 weeks,Mild
526,2B,Wavy - Defined S-waves,Low Porosity,Combination Scalp,Dandruff,"Malassezia fungus overgrowth, dry skin, or sensitivity to hair products","White/yellow flakes on scalp and shoulders, mild itching","Use an anti-dandruff shampoo containing zinc pyrithione, ketoconazole, or selenium sulfide; avoid over-washing. Porosity-specific tip: Use lightweight, water-based products applied to damp hair; avoid heavy butters/oils that sit on the cuticle; consider heat (steam) to help product absorption.",Medicated anti-dandruff shampoo,2-3 times per week,Mild-Moderate
527,2B,Wavy - Defined S-waves,Low Porosity,Combination Scalp,Dry Scalp,"Low sebum production, cold/dry weather, harsh shampoos, or dehydration","Tight, flaky, itchy scalp without excess oil","Apply a hydrating scalp oil (jojoba, argan) and switch to a sulfate-free moisturizing shampoo. Porosity-specific tip: Use lightweight, water-based products applied to damp hair; avoid heavy butters/oils that sit on the cuticle; consider heat (steam) to help product absorption.",Scalp oil massage + hydrating shampoo,2 times per week,Mild
528,2B,Wavy - Defined S-waves,Low Porosity,Combination Scalp,Oily Scalp,"Overactive sebaceous glands, hormonal changes, or infrequent washing","Greasy roots, flat-looking hair, scalp odor","Use a clarifying shampoo with tea tree oil or salicylic acid; avoid heavy conditioners near the roots. Porosity-specific tip: Use lightweight, water-based products applied to damp hair; avoid heavy butters/oils that sit on the cuticle; consider heat (steam) to help product absorption.",Clarifying shampoo,Every 2-3 days,Mild-Moderate
529,2B,Wavy - Defined S-waves,Low Porosity,Combination Scalp,Hair Breakage,"Excess heat styling, chemical treatments, over-brushing, or protein/moisture imbalance","Short broken strands, rough texture, visible split hairs","Reduce heat styling, use a protein-moisture balanced deep conditioner, trim damaged ends. Porosity-specific tip: Use lightweight, water-based products applied to damp hair; avoid heavy butters/oils that sit on the cuticle; consider heat (steam) to help product absorption.",Protein treatment + deep conditioning mask,Weekly,Moderate
530,2B,Wavy - Defined S-waves,Low Porosity,Combination Scalp,Split Ends,"Mechanical damage, lack of trimming, friction from towels/pillowcases","Frayed, forked hair tips that look dry and dull","Regular trims every 8-10 weeks and use leave-in conditioner or hair oil to seal ends. Porosity-specific tip: Use lightweight, water-based products applied to damp hair; avoid heavy butters/oils that sit on the cuticle; consider heat (steam) to help product absorption.",Leave-in conditioner + regular trims,"Bi-weekly application, trims every 2 months",Mild
531,2B,Wavy - Defined S-waves,Low Porosity,Combination Scalp,Frizz,"Humidity, lack of moisture, raised hair cuticle, or over-washing","Flyaway strands, rough and unmanageable texture","Use anti-frizz serum, microfiber towel drying, and leave-in cream with humectants like glycerin. Porosity-specific tip: Use lightweight, water-based products applied to damp hair; avoid heavy butters/oils that sit on the cuticle; consider heat (steam) to help product absorption.",Anti-frizz serum/cream,Daily as needed,Mild
532,2B,Wavy - Defined S-waves,Low Porosity,Combination Scalp,Hair Thinning,"Genetics, stress, nutritional deficiency, hormonal imbalance, or postpartum changes","Reduced hair density, visible scalp, thinner ponytail","Use minoxidil-based topical treatment, biotin/iron supplementation (consult a doctor), and gentle scalp massage. Porosity-specific tip: Use lightweight, water-based products applied to damp hair; avoid heavy butters/oils that sit on the cuticle; consider heat (steam) to help product absorption.",Minoxidil topical + supplements,Daily application,Moderate-Severe
533,2B,Wavy - Defined S-waves,Low Porosity,Combination Scalp,Itchy/Irritated Scalp,"Allergic reaction to products, dry skin, dandruff, or scalp psoriasis/eczema","Persistent itching, redness, occasional burning sensation","Switch to fragrance-free, sulfate-free shampoo; use a soothing scalp serum with aloe vera or tea tree oil. Porosity-specific tip: Use lightweight, water-based products applied to damp hair; avoid heavy butters/oils that sit on the cuticle; consider heat (steam) to help product absorption.",Soothing scalp serum,"Daily until resolved, then 2x/week",Mild-Moderate
534,2B,Wavy - Defined S-waves,Low Porosity,Combination Scalp,Product Buildup,"Accumulation of styling products, hard water minerals, or infrequent clarifying washes","Dull, weighed-down hair, reduced curl definition, waxy scalp feel","Use a clarifying or chelating shampoo once every 1-2 weeks to remove residue. Porosity-specific tip: Use lightweight, water-based products applied to damp hair; avoid heavy butters/oils that sit on the cuticle; consider heat (steam) to help product absorption.",Clarifying/chelating shampoo,Every 1-2 weeks,Mild
535,2B,Wavy - Defined S-waves,Low Porosity,Sensitive Scalp,Dandruff,"Malassezia fungus overgrowth, dry skin, or sensitivity to hair products","White/yellow flakes on scalp and shoulders, mild itching","Use an anti-dandruff shampoo containing zinc pyrithione, ketoconazole, or selenium sulfide; avoid over-washing. Porosity-specific tip: Use lightweight, water-based products applied to damp hair; avoid heavy butters/oils that sit on the cuticle; consider heat (steam) to help product absorption.",Medicated anti-dandruff shampoo,2-3 times per week,Mild-Moderate
536,2B,Wavy - Defined S-waves,Low Porosity,Sensitive Scalp,Dry Scalp,"Low sebum production, cold/dry weather, harsh shampoos, or dehydration","Tight, flaky, itchy scalp without excess oil","Apply a hydrating scalp oil (jojoba, argan) and switch to a sulfate-free moisturizing shampoo. Porosity-specific tip: Use lightweight, water-based products applied to damp hair; avoid heavy butters/oils that sit on the cuticle; consider heat (steam) to help product absorption.",Scalp oil massage + hydrating shampoo,2 times per week,Mild
537,2B,Wavy - Defined S-waves,Low Porosity,Sensitive Scalp,Oily Scalp,"Overactive sebaceous glands, hormonal changes, or infrequent washing","Greasy roots, flat-looking hair, scalp odor","Use a clarifying shampoo with tea tree oil or salicylic acid; avoid heavy conditioners near the roots. Porosity-specific tip: Use lightweight, water-based products applied to damp hair; avoid heavy butters/oils that sit on the cuticle; consider heat (steam) to help product absorption.",Clarifying shampoo,Every 2-3 days,Mild-Moderate
538,2B,Wavy - Defined S-waves,Low Porosity,Sensitive Scalp,Hair Breakage,"Excess heat styling, chemical treatments, over-brushing, or protein/moisture imbalance","Short broken strands, rough texture, visible split hairs","Reduce heat styling, use a protein-moisture balanced deep conditioner, trim damaged ends. Porosity-specific tip: Use lightweight, water-based products applied to damp hair; avoid heavy butters/oils that sit on the cuticle; consider heat (steam) to help product absorption.",Protein treatment + deep conditioning mask,Weekly,Moderate
539,2B,Wavy - Defined S-waves,Low Porosity,Sensitive Scalp,Split Ends,"Mechanical damage, lack of trimming, friction from towels/pillowcases","Frayed, forked hair tips that look dry and dull","Regular trims every 8-10 weeks and use leave-in conditioner or hair oil to seal ends. Porosity-specific tip: Use lightweight, water-based products applied to damp hair; avoid heavy butters/oils that sit on the cuticle; consider heat (steam) to help product absorption.",Leave-in conditioner + regular trims,"Bi-weekly application, trims every 2 months",Mild
540,2B,Wavy - Defined S-waves,Low Porosity,Sensitive Scalp,Frizz,"Humidity, lack of moisture, raised hair cuticle, or over-washing","Flyaway strands, rough and unmanageable texture","Use anti-frizz serum, microfiber towel drying, and leave-in cream with humectants like glycerin. Porosity-specific tip: Use lightweight, water-based products applied to damp hair; avoid heavy butters/oils that sit on the cuticle; consider heat (steam) to help product absorption.",Anti-frizz serum/cream,Daily as needed,Mild
541,2B,Wavy - Defined S-waves,Low Porosity,Sensitive Scalp,Hair Thinning,"Genetics, stress, nutritional deficiency, hormonal imbalance, or postpartum changes","Reduced hair density, visible scalp, thinner ponytail","Use minoxidil-based topical treatment, biotin/iron supplementation (consult a doctor), and gentle scalp massage. Porosity-specific tip: Use lightweight, water-based products applied to damp hair; avoid heavy butters/oils that sit on the cuticle; consider heat (steam) to help product absorption.",Minoxidil topical + supplements,Daily application,Moderate-Severe
542,2B,Wavy - Defined S-waves,Low Porosity,Sensitive Scalp,Itchy/Irritated Scalp,"Allergic reaction to products, dry skin, dandruff, or scalp psoriasis/eczema","Persistent itching, redness, occasional burning sensation","Switch to fragrance-free, sulfate-free shampoo; use a soothing scalp serum with aloe vera or tea tree oil. Porosity-specific tip: Use lightweight, water-based products applied to damp hair; avoid heavy butters/oils that sit on the cuticle; consider heat (steam) to help product absorption.",Soothing scalp serum,"Daily until resolved, then 2x/week",Mild-Moderate
543,2B,Wavy - Defined S-waves,Low Porosity,Sensitive Scalp,Product Buildup,"Accumulation of styling products, hard water minerals, or infrequent clarifying washes","Dull, weighed-down hair, reduced curl definition, waxy scalp feel","Use a clarifying or chelating shampoo once every 1-2 weeks to remove residue. Porosity-specific tip: Use lightweight, water-based products applied to damp hair; avoid heavy butters/oils that sit on the cuticle; consider heat (steam) to help product absorption.",Clarifying/chelating shampoo,Every 1-2 weeks,Mild
544,2B,Wavy - Defined S-waves,Medium Porosity,Oily Scalp,Dandruff,"Malassezia fungus overgrowth, dry skin, or sensitivity to hair products","White/yellow flakes on scalp and shoulders, mild itching","Use an anti-dandruff shampoo containing zinc pyrithione, ketoconazole, or selenium sulfide; avoid over-washing. Porosity-specific tip: Balanced routine works well; maintain regular deep conditioning every 1-2 weeks to preserve moisture-protein balance.",Medicated anti-dandruff shampoo,2-3 times per week,Mild-Moderate
545,2B,Wavy - Defined S-waves,Medium Porosity,Oily Scalp,Dry Scalp,"Low sebum production, cold/dry weather, harsh shampoos, or dehydration","Tight, flaky, itchy scalp without excess oil","Apply a hydrating scalp oil (jojoba, argan) and switch to a sulfate-free moisturizing shampoo. Porosity-specific tip: Balanced routine works well; maintain regular deep conditioning every 1-2 weeks to preserve moisture-protein balance.",Scalp oil massage + hydrating shampoo,2 times per week,Mild
546,2B,Wavy - Defined S-waves,Medium Porosity,Oily Scalp,Oily Scalp,"Overactive sebaceous glands, hormonal changes, or infrequent washing","Greasy roots, flat-looking hair, scalp odor",Use a clarifying shampoo with tea tree oil or salicylic acid; avoid heavy conditioners near the roots. Porosity-specific tip: Balanced routine works well; maintain regular deep conditioning every 1-2 weeks to preserve moisture-protein balance.,Clarifying shampoo,Every 2-3 days,Mild-Moderate
547,2B,Wavy - Defined S-waves,Medium Porosity,Oily Scalp,Hair Breakage,"Excess heat styling, chemical treatments, over-brushing, or protein/moisture imbalance","Short broken strands, rough texture, visible split hairs","Reduce heat styling, use a protein-moisture balanced deep conditioner, trim damaged ends. Porosity-specific tip: Balanced routine works well; maintain regular deep conditioning every 1-2 weeks to preserve moisture-protein balance.",Protein treatment + deep conditioning mask,Weekly,Moderate
548,2B,Wavy - Defined S-waves,Medium Porosity,Oily Scalp,Split Ends,"Mechanical damage, lack of trimming, friction from towels/pillowcases","Frayed, forked hair tips that look dry and dull",Regular trims every 8-10 weeks and use leave-in conditioner or hair oil to seal ends. Porosity-specific tip: Balanced routine works well; maintain regular deep conditioning every 1-2 weeks to preserve moisture-protein balance.,Leave-in conditioner + regular trims,"Bi-weekly application, trims every 2 months",Mild
549,2B,Wavy - Defined S-waves,Medium Porosity,Oily Scalp,Frizz,"Humidity, lack of moisture, raised hair cuticle, or over-washing","Flyaway strands, rough and unmanageable texture","Use anti-frizz serum, microfiber towel drying, and leave-in cream with humectants like glycerin. Porosity-specific tip: Balanced routine works well; maintain regular deep conditioning every 1-2 weeks to preserve moisture-protein balance.",Anti-frizz serum/cream,Daily as needed,Mild
550,2B,Wavy - Defined S-waves,Medium Porosity,Oily Scalp,Hair Thinning,"Genetics, stress, nutritional deficiency, hormonal imbalance, or postpartum changes","Reduced hair density, visible scalp, thinner ponytail","Use minoxidil-based topical treatment, biotin/iron supplementation (consult a doctor), and gentle scalp massage. Porosity-specific tip: Balanced routine works well; maintain regular deep conditioning every 1-2 weeks to preserve moisture-protein balance.",Minoxidil topical + supplements,Daily application,Moderate-Severe
551,2B,Wavy - Defined S-waves,Medium Porosity,Oily Scalp,Product Buildup,"Accumulation of styling products, hard water minerals, or infrequent clarifying washes","Dull, weighed-down hair, reduced curl definition, waxy scalp feel",Use a clarifying or chelating shampoo once every 1-2 weeks to remove residue. Porosity-specific tip: Balanced routine works well; maintain regular deep conditioning every 1-2 weeks to preserve moisture-protein balance.,Clarifying/chelating shampoo,Every 1-2 weeks,Mild
552,2B,Wavy - Defined S-waves,Medium Porosity,Dry Scalp,Dandruff,"Malassezia fungus overgrowth, dry skin, or sensitivity to hair products","White/yellow flakes on scalp and shoulders, mild itching","Use an anti-dandruff shampoo containing zinc pyrithione, ketoconazole, or selenium sulfide; avoid over-washing. Porosity-specific tip: Balanced routine works well; maintain regular deep conditioning every 1-2 weeks to preserve moisture-protein balance.",Medicated anti-dandruff shampoo,2-3 times per week,Mild-Moderate
553,2B,Wavy - Defined S-waves,Medium Porosity,Dry Scalp,Dry Scalp,"Low sebum production, cold/dry weather, harsh shampoos, or dehydration","Tight, flaky, itchy scalp without excess oil","Apply a hydrating scalp oil (jojoba, argan) and switch to a sulfate-free moisturizing shampoo. Porosity-specific tip: Balanced routine works well; maintain regular deep conditioning every 1-2 weeks to preserve moisture-protein balance.",Scalp oil massage + hydrating shampoo,2 times per week,Mild
554,2B,Wavy - Defined S-waves,Medium Porosity,Dry Scalp,Oily Scalp,"Overactive sebaceous glands, hormonal changes, or infrequent washing","Greasy roots, flat-looking hair, scalp odor",Use a clarifying shampoo with tea tree oil or salicylic acid; avoid heavy conditioners near the roots. Porosity-specific tip: Balanced routine works well; maintain regular deep conditioning every 1-2 weeks to preserve moisture-protein balance.,Clarifying shampoo,Every 2-3 days,Mild-Moderate
555,2B,Wavy - Defined S-waves,Medium Porosity,Dry Scalp,Hair Breakage,"Excess heat styling, chemical treatments, over-brushing, or protein/moisture imbalance","Short broken strands, rough texture, visible split hairs","Reduce heat styling, use a protein-moisture balanced deep conditioner, trim damaged ends. Porosity-specific tip: Balanced routine works well; maintain regular deep conditioning every 1-2 weeks to preserve moisture-protein balance.",Protein treatment + deep conditioning mask,Weekly,Moderate
556,2B,Wavy - Defined S-waves,Medium Porosity,Dry Scalp,Split Ends,"Mechanical damage, lack of trimming, friction from towels/pillowcases","Frayed, forked hair tips that look dry and dull",Regular trims every 8-10 weeks and use leave-in conditioner or hair oil to seal ends. Porosity-specific tip: Balanced routine works well; maintain regular deep conditioning every 1-2 weeks to preserve moisture-protein balance.,Leave-in conditioner + regular trims,"Bi-weekly application, trims every 2 months",Mild
557,2B,Wavy - Defined S-waves,Medium Porosity,Dry Scalp,Frizz,"Humidity, lack of moisture, raised hair cuticle, or over-washing","Flyaway strands, rough and unmanageable texture","Use anti-frizz serum, microfiber towel drying, and leave-in cream with humectants like glycerin. Porosity-specific tip: Balanced routine works well; maintain regular deep conditioning every 1-2 weeks to preserve moisture-protein balance.",Anti-frizz serum/cream,Daily as needed,Mild
558,2B,Wavy - Defined S-waves,Medium Porosity,Dry Scalp,Itchy/Irritated Scalp,"Allergic reaction to products, dry skin, dandruff, or scalp psoriasis/eczema","Persistent itching, redness, occasional burning sensation","Switch to fragrance-free, sulfate-free shampoo; use a soothing scalp serum with aloe vera or tea tree oil. Porosity-specific tip: Balanced routine works well; maintain regular deep conditioning every 1-2 weeks to preserve moisture-protein balance.",Soothing scalp serum,"Daily until resolved, then 2x/week",Mild-Moderate
559,2B,Wavy - Defined S-waves,Medium Porosity,Dry Scalp,Product Buildup,"Accumulation of styling products, hard water minerals, or infrequent clarifying washes","Dull, weighed-down hair, reduced curl definition, waxy scalp feel",Use a clarifying or chelating shampoo once every 1-2 weeks to remove residue. Porosity-specific tip: Balanced routine works well; maintain regular deep conditioning every 1-2 weeks to preserve moisture-protein balance.,Clarifying/chelating shampoo,Every 1-2 weeks,Mild
560,2B,Wavy - Defined S-waves,Medium Porosity,Normal Scalp,Dandruff,"Malassezia fungus overgrowth, dry skin, or sensitivity to hair products","White/yellow flakes on scalp and shoulders, mild itching","Use an anti-dandruff shampoo containing zinc pyrithione, ketoconazole, or selenium sulfide; avoid over-washing. Porosity-specific tip: Balanced routine works well; maintain regular deep conditioning every 1-2 weeks to preserve moisture-protein balance.",Medicated anti-dandruff shampoo,2-3 times per week,Mild-Moderate
561,2B,Wavy - Defined S-waves,Medium Porosity,Normal Scalp,Dry Scalp,"Low sebum production, cold/dry weather, harsh shampoos, or dehydration","Tight, flaky, itchy scalp without excess oil","Apply a hydrating scalp oil (jojoba, argan) and switch to a sulfate-free moisturizing shampoo. Porosity-specific tip: Balanced routine works well; maintain regular deep conditioning every 1-2 weeks to preserve moisture-protein balance.",Scalp oil massage + hydrating shampoo,2 times per week,Mild
562,2B,Wavy - Defined S-waves,Medium Porosity,Normal Scalp,Oily Scalp,"Overactive sebaceous glands, hormonal changes, or infrequent washing","Greasy roots, flat-looking hair, scalp odor",Use a clarifying shampoo with tea tree oil or salicylic acid; avoid heavy conditioners near the roots. Porosity-specific tip: Balanced routine works well; maintain regular deep conditioning every 1-2 weeks to preserve moisture-protein balance.,Clarifying shampoo,Every 2-3 days,Mild-Moderate
563,2B,Wavy - Defined S-waves,Medium Porosity,Normal Scalp,Hair Breakage,"Excess heat styling, chemical treatments, over-brushing, or protein/moisture imbalance","Short broken strands, rough texture, visible split hairs","Reduce heat styling, use a protein-moisture balanced deep conditioner, trim damaged ends. Porosity-specific tip: Balanced routine works well; maintain regular deep conditioning every 1-2 weeks to preserve moisture-protein balance.",Protein treatment + deep conditioning mask,Weekly,Moderate
564,2B,Wavy - Defined S-waves,Medium Porosity,Normal Scalp,Split Ends,"Mechanical damage, lack of trimming, friction from towels/pillowcases","Frayed, forked hair tips that look dry and dull",Regular trims every 8-10 weeks and use leave-in conditioner or hair oil to seal ends. Porosity-specific tip: Balanced routine works well; maintain regular deep conditioning every 1-2 weeks to preserve moisture-protein balance.,Leave-in conditioner + regular trims,"Bi-weekly application, trims every 2 months",Mild
565,2B,Wavy - Defined S-waves,Medium Porosity,Normal Scalp,Frizz,"Humidity, lack of moisture, raised hair cuticle, or over-washing","Flyaway strands, rough and unmanageable texture","Use anti-frizz serum, microfiber towel drying, and leave-in cream with humectants like glycerin. Porosity-specific tip: Balanced routine works well; maintain regular deep conditioning every 1-2 weeks to preserve moisture-protein balance.",Anti-frizz serum/cream,Daily as needed,Mild
566,2B,Wavy - Defined S-waves,Medium Porosity,Normal Scalp,Hair Thinning,"Genetics, stress, nutritional deficiency, hormonal imbalance, or postpartum changes","Reduced hair density, visible scalp, thinner ponytail","Use minoxidil-based topical treatment, biotin/iron supplementation (consult a doctor), and gentle scalp massage. Porosity-specific tip: Balanced routine works well; maintain regular deep conditioning every 1-2 weeks to preserve moisture-protein balance.",Minoxidil topical + supplements,Daily application,Moderate-Severe
567,2B,Wavy - Defined S-waves,Medium Porosity,Normal Scalp,Itchy/Irritated Scalp,"Allergic reaction to products, dry skin, dandruff, or scalp psoriasis/eczema","Persistent itching, redness, occasional burning sensation","Switch to fragrance-free, sulfate-free shampoo; use a soothing scalp serum with aloe vera or tea tree oil. Porosity-specific tip: Balanced routine works well; maintain regular deep conditioning every 1-2 weeks to preserve moisture-protein balance.",Soothing scalp serum,"Daily until resolved, then 2x/week",Mild-Moderate
568,2B,Wavy - Defined S-waves,Medium Porosity,Normal Scalp,Product Buildup,"Accumulation of styling products, hard water minerals, or infrequent clarifying washes","Dull, weighed-down hair, reduced curl definition, waxy scalp feel",Use a clarifying or chelating shampoo once every 1-2 weeks to remove residue. Porosity-specific tip: Balanced routine works well; maintain regular deep conditioning every 1-2 weeks to preserve moisture-protein balance.,Clarifying/chelating shampoo,Every 1-2 weeks,Mild
569,2B,Wavy - Defined S-waves,Medium Porosity,Combination Scalp,Dandruff,"Malassezia fungus overgrowth, dry skin, or sensitivity to hair products","White/yellow flakes on scalp and shoulders, mild itching","Use an anti-dandruff shampoo containing zinc pyrithione, ketoconazole, or selenium sulfide; avoid over-washing. Porosity-specific tip: Balanced routine works well; maintain regular deep conditioning every 1-2 weeks to preserve moisture-protein balance.",Medicated anti-dandruff shampoo,2-3 times per week,Mild-Moderate
570,2B,Wavy - Defined S-waves,Medium Porosity,Combination Scalp,Dry Scalp,"Low sebum production, cold/dry weather, harsh shampoos, or dehydration","Tight, flaky, itchy scalp without excess oil","Apply a hydrating scalp oil (jojoba, argan) and switch to a sulfate-free moisturizing shampoo. Porosity-specific tip: Balanced routine works well; maintain regular deep conditioning every 1-2 weeks to preserve moisture-protein balance.",Scalp oil massage + hydrating shampoo,2 times per week,Mild
571,2B,Wavy - Defined S-waves,Medium Porosity,Combination Scalp,Oily Scalp,"Overactive sebaceous glands, hormonal changes, or infrequent washing","Greasy roots, flat-looking hair, scalp odor",Use a clarifying shampoo with tea tree oil or salicylic acid; avoid heavy conditioners near the roots. Porosity-specific tip: Balanced routine works well; maintain regular deep conditioning every 1-2 weeks to preserve moisture-protein balance.,Clarifying shampoo,Every 2-3 days,Mild-Moderate
572,2B,Wavy - Defined S-waves,Medium Porosity,Combination Scalp,Hair Breakage,"Excess heat styling, chemical treatments, over-brushing, or protein/moisture imbalance","Short broken strands, rough texture, visible split hairs","Reduce heat styling, use a protein-moisture balanced deep conditioner, trim damaged ends. Porosity-specific tip: Balanced routine works well; maintain regular deep conditioning every 1-2 weeks to preserve moisture-protein balance.",Protein treatment + deep conditioning mask,Weekly,Moderate
573,2B,Wavy - Defined S-waves,Medium Porosity,Combination Scalp,Split Ends,"Mechanical damage, lack of trimming, friction from towels/pillowcases","Frayed, forked hair tips that look dry and dull",Regular trims every 8-10 weeks and use leave-in conditioner or hair oil to seal ends. Porosity-specific tip: Balanced routine works well; maintain regular deep conditioning every 1-2 weeks to preserve moisture-protein balance.,Leave-in conditioner + regular trims,"Bi-weekly application, trims every 2 months",Mild
574,2B,Wavy - Defined S-waves,Medium Porosity,Combination Scalp,Frizz,"Humidity, lack of moisture, raised hair cuticle, or over-washing","Flyaway strands, rough and unmanageable texture","Use anti-frizz serum, microfiber towel drying, and leave-in cream with humectants like glycerin. Porosity-specific tip: Balanced routine works well; maintain regular deep conditioning every 1-2 weeks to preserve moisture-protein balance.",Anti-frizz serum/cream,Daily as needed,Mild
575,2B,Wavy - Defined S-waves,Medium Porosity,Combination Scalp,Hair Thinning,"Genetics, stress, nutritional deficiency, hormonal imbalance, or postpartum changes","Reduced hair density, visible scalp, thinner ponytail","Use minoxidil-based topical treatment, biotin/iron supplementation (consult a doctor), and gentle scalp massage. Porosity-specific tip: Balanced routine works well; maintain regular deep conditioning every 1-2 weeks to preserve moisture-protein balance.",Minoxidil topical + supplements,Daily application,Moderate-Severe
576,2B,Wavy - Defined S-waves,Medium Porosity,Combination Scalp,Itchy/Irritated Scalp,"Allergic reaction to products, dry skin, dandruff, or scalp psoriasis/eczema","Persistent itching, redness, occasional burning sensation","Switch to fragrance-free, sulfate-free shampoo; use a soothing scalp serum with aloe vera or tea tree oil. Porosity-specific tip: Balanced routine works well; maintain regular deep conditioning every 1-2 weeks to preserve moisture-protein balance.",Soothing scalp serum,"Daily until resolved, then 2x/week",Mild-Moderate
577,2B,Wavy - Defined S-waves,Medium Porosity,Combination Scalp,Product Buildup,"Accumulation of styling products, hard water minerals, or infrequent clarifying washes","Dull, weighed-down hair, reduced curl definition, waxy scalp feel",Use a clarifying or chelating shampoo once every 1-2 weeks to remove residue. Porosity-specific tip: Balanced routine works well; maintain regular deep conditioning every 1-2 weeks to preserve moisture-protein balance.,Clarifying/chelating shampoo,Every 1-2 weeks,Mild
578,2B,Wavy - Defined S-waves,Medium Porosity,Sensitive Scalp,Dandruff,"Malassezia fungus overgrowth, dry skin, or sensitivity to hair products","White/yellow flakes on scalp and shoulders, mild itching","Use an anti-dandruff shampoo containing zinc pyrithione, ketoconazole, or selenium sulfide; avoid over-washing. Porosity-specific tip: Balanced routine works well; maintain regular deep conditioning every 1-2 weeks to preserve moisture-protein balance.",Medicated anti-dandruff shampoo,2-3 times per week,Mild-Moderate
579,2B,Wavy - Defined S-waves,Medium Porosity,Sensitive Scalp,Dry Scalp,"Low sebum production, cold/dry weather, harsh shampoos, or dehydration","Tight, flaky, itchy scalp without excess oil","Apply a hydrating scalp oil (jojoba, argan) and switch to a sulfate-free moisturizing shampoo. Porosity-specific tip: Balanced routine works well; maintain regular deep conditioning every 1-2 weeks to preserve moisture-protein balance.",Scalp oil massage + hydrating shampoo,2 times per week,Mild
580,2B,Wavy - Defined S-waves,Medium Porosity,Sensitive Scalp,Oily Scalp,"Overactive sebaceous glands, hormonal changes, or infrequent washing","Greasy roots, flat-looking hair, scalp odor",Use a clarifying shampoo with tea tree oil or salicylic acid; avoid heavy conditioners near the roots. Porosity-specific tip: Balanced routine works well; maintain regular deep conditioning every 1-2 weeks to preserve moisture-protein balance.,Clarifying shampoo,Every 2-3 days,Mild-Moderate
581,2B,Wavy - Defined S-waves,Medium Porosity,Sensitive Scalp,Hair Breakage,"Excess heat styling, chemical treatments, over-brushing, or protein/moisture imbalance","Short broken strands, rough texture, visible split hairs","Reduce heat styling, use a protein-moisture balanced deep conditioner, trim damaged ends. Porosity-specific tip: Balanced routine works well; maintain regular deep conditioning every 1-2 weeks to preserve moisture-protein balance.",Protein treatment + deep conditioning mask,Weekly,Moderate
582,2B,Wavy - Defined S-waves,Medium Porosity,Sensitive Scalp,Split Ends,"Mechanical damage, lack of trimming, friction from towels/pillowcases","Frayed, forked hair tips that look dry and dull",Regular trims every 8-10 weeks and use leave-in conditioner or hair oil to seal ends. Porosity-specific tip: Balanced routine works well; maintain regular deep conditioning every 1-2 weeks to preserve moisture-protein balance.,Leave-in conditioner + regular trims,"Bi-weekly application, trims every 2 months",Mild
583,2B,Wavy - Defined S-waves,Medium Porosity,Sensitive Scalp,Frizz,"Humidity, lack of moisture, raised hair cuticle, or over-washing","Flyaway strands, rough and unmanageable texture","Use anti-frizz serum, microfiber towel drying, and leave-in cream with humectants like glycerin. Porosity-specific tip: Balanced routine works well; maintain regular deep conditioning every 1-2 weeks to preserve moisture-protein balance.",Anti-frizz serum/cream,Daily as needed,Mild
584,2B,Wavy - Defined S-waves,Medium Porosity,Sensitive Scalp,Hair Thinning,"Genetics, stress, nutritional deficiency, hormonal imbalance, or postpartum changes","Reduced hair density, visible scalp, thinner ponytail","Use minoxidil-based topical treatment, biotin/iron supplementation (consult a doctor), and gentle scalp massage. Porosity-specific tip: Balanced routine works well; maintain regular deep conditioning every 1-2 weeks to preserve moisture-protein balance.",Minoxidil topical + supplements,Daily application,Moderate-Severe
585,2B,Wavy - Defined S-waves,Medium Porosity,Sensitive Scalp,Itchy/Irritated Scalp,"Allergic reaction to products, dry skin, dandruff, or scalp psoriasis/eczema","Persistent itching, redness, occasional burning sensation","Switch to fragrance-free, sulfate-free shampoo; use a soothing scalp serum with aloe vera or tea tree oil. Porosity-specific tip: Balanced routine works well; maintain regular deep conditioning every 1-2 weeks to preserve moisture-protein balance.",Soothing scalp serum,"Daily until resolved, then 2x/week",Mild-Moderate
586,2B,Wavy - Defined S-waves,Medium Porosity,Sensitive Scalp,Product Buildup,"Accumulation of styling products, hard water minerals, or infrequent clarifying washes","Dull, weighed-down hair, reduced curl definition, waxy scalp feel",Use a clarifying or chelating shampoo once every 1-2 weeks to remove residue. Porosity-specific tip: Balanced routine works well; maintain regular deep conditioning every 1-2 weeks to preserve moisture-protein balance.,Clarifying/chelating shampoo,Every 1-2 weeks,Mild
587,2B,Wavy - Defined S-waves,High Porosity,Oily Scalp,Dandruff,"Malassezia fungus overgrowth, dry skin, or sensitivity to hair products","White/yellow flakes on scalp and shoulders, mild itching","Use an anti-dandruff shampoo containing zinc pyrithione, ketoconazole, or selenium sulfide; avoid over-washing. Porosity-specific tip: Use rich creams, butters, and oils to seal the cuticle; do a protein treatment periodically since high porosity hair loses moisture quickly.",Medicated anti-dandruff shampoo,2-3 times per week,Mild-Moderate
588,2B,Wavy - Defined S-waves,High Porosity,Oily Scalp,Dry Scalp,"Low sebum production, cold/dry weather, harsh shampoos, or dehydration","Tight, flaky, itchy scalp without excess oil","Apply a hydrating scalp oil (jojoba, argan) and switch to a sulfate-free moisturizing shampoo. Porosity-specific tip: Use rich creams, butters, and oils to seal the cuticle; do a protein treatment periodically since high porosity hair loses moisture quickly.",Scalp oil massage + hydrating shampoo,2 times per week,Mild
589,2B,Wavy - Defined S-waves,High Porosity,Oily Scalp,Oily Scalp,"Overactive sebaceous glands, hormonal changes, or infrequent washing","Greasy roots, flat-looking hair, scalp odor","Use a clarifying shampoo with tea tree oil or salicylic acid; avoid heavy conditioners near the roots. Porosity-specific tip: Use rich creams, butters, and oils to seal the cuticle; do a protein treatment periodically since high porosity hair loses moisture quickly.",Clarifying shampoo,Every 2-3 days,Mild-Moderate
590,2B,Wavy - Defined S-waves,High Porosity,Oily Scalp,Hair Breakage,"Excess heat styling, chemical treatments, over-brushing, or protein/moisture imbalance","Short broken strands, rough texture, visible split hairs","Reduce heat styling, use a protein-moisture balanced deep conditioner, trim damaged ends. Porosity-specific tip: Use rich creams, butters, and oils to seal the cuticle; do a protein treatment periodically since high porosity hair loses moisture quickly.",Protein treatment + deep conditioning mask,Weekly,Moderate
591,2B,Wavy - Defined S-waves,High Porosity,Oily Scalp,Split Ends,"Mechanical damage, lack of trimming, friction from towels/pillowcases","Frayed, forked hair tips that look dry and dull","Regular trims every 8-10 weeks and use leave-in conditioner or hair oil to seal ends. Porosity-specific tip: Use rich creams, butters, and oils to seal the cuticle; do a protein treatment periodically since high porosity hair loses moisture quickly.",Leave-in conditioner + regular trims,"Bi-weekly application, trims every 2 months",Mild
592,2B,Wavy - Defined S-waves,High Porosity,Oily Scalp,Frizz,"Humidity, lack of moisture, raised hair cuticle, or over-washing","Flyaway strands, rough and unmanageable texture","Use anti-frizz serum, microfiber towel drying, and leave-in cream with humectants like glycerin. Porosity-specific tip: Use rich creams, butters, and oils to seal the cuticle; do a protein treatment periodically since high porosity hair loses moisture quickly.",Anti-frizz serum/cream,Daily as needed,Mild
593,2B,Wavy - Defined S-waves,High Porosity,Oily Scalp,Hair Thinning,"Genetics, stress, nutritional deficiency, hormonal imbalance, or postpartum changes","Reduced hair density, visible scalp, thinner ponytail","Use minoxidil-based topical treatment, biotin/iron supplementation (consult a doctor), and gentle scalp massage. Porosity-specific tip: Use rich creams, butters, and oils to seal the cuticle; do a protein treatment periodically since high porosity hair loses moisture quickly.",Minoxidil topical + supplements,Daily application,Moderate-Severe
594,2B,Wavy - Defined S-waves,High Porosity,Oily Scalp,Itchy/Irritated Scalp,"Allergic reaction to products, dry skin, dandruff, or scalp psoriasis/eczema","Persistent itching, redness, occasional burning sensation","Switch to fragrance-free, sulfate-free shampoo; use a soothing scalp serum with aloe vera or tea tree oil. Porosity-specific tip: Use rich creams, butters, and oils to seal the cuticle; do a protein treatment periodically since high porosity hair loses moisture quickly.",Soothing scalp serum,"Daily until resolved, then 2x/week",Mild-Moderate
595,2B,Wavy - Defined S-waves,High Porosity,Oily Scalp,Product Buildup,"Accumulation of styling products, hard water minerals, or infrequent clarifying washes","Dull, weighed-down hair, reduced curl definition, waxy scalp feel","Use a clarifying or chelating shampoo once every 1-2 weeks to remove residue. Porosity-specific tip: Use rich creams, butters, and oils to seal the cuticle; do a protein treatment periodically since high porosity hair loses moisture quickly.",Clarifying/chelating shampoo,Every 1-2 weeks,Mild
596,2B,Wavy - Defined S-waves,High Porosity,Dry Scalp,Dandruff,"Malassezia fungus overgrowth, dry skin, or sensitivity to hair products","White/yellow flakes on scalp and shoulders, mild itching","Use an anti-dandruff shampoo containing zinc pyrithione, ketoconazole, or selenium sulfide; avoid over-washing. Porosity-specific tip: Use rich creams, butters, and oils to seal the cuticle; do a protein treatment periodically since high porosity hair loses moisture quickly.",Medicated anti-dandruff shampoo,2-3 times per week,Mild-Moderate
597,2B,Wavy - Defined S-waves,High Porosity,Dry Scalp,Dry Scalp,"Low sebum production, cold/dry weather, harsh shampoos, or dehydration","Tight, flaky, itchy scalp without excess oil","Apply a hydrating scalp oil (jojoba, argan) and switch to a sulfate-free moisturizing shampoo. Porosity-specific tip: Use rich creams, butters, and oils to seal the cuticle; do a protein treatment periodically since high porosity hair loses moisture quickly.",Scalp oil massage + hydrating shampoo,2 times per week,Mild
598,2B,Wavy - Defined S-waves,High Porosity,Dry Scalp,Oily Scalp,"Overactive sebaceous glands, hormonal changes, or infrequent washing","Greasy roots, flat-looking hair, scalp odor","Use a clarifying shampoo with tea tree oil or salicylic acid; avoid heavy conditioners near the roots. Porosity-specific tip: Use rich creams, butters, and oils to seal the cuticle; do a protein treatment periodically since high porosity hair loses moisture quickly.",Clarifying shampoo,Every 2-3 days,Mild-Moderate
599,2B,Wavy - Defined S-waves,High Porosity,Dry Scalp,Hair Breakage,"Excess heat styling, chemical treatments, over-brushing, or protein/moisture imbalance","Short broken strands, rough texture, visible split hairs","Reduce heat styling, use a protein-moisture balanced deep conditioner, trim damaged ends. Porosity-specific tip: Use rich creams, butters, and oils to seal the cuticle; do a protein treatment periodically since high porosity hair loses moisture quickly.",Protein treatment + deep conditioning mask,Weekly,Moderate
600,2B,Wavy - Defined S-waves,High Porosity,Dry Scalp,Split Ends,"Mechanical damage, lack of trimming, friction from towels/pillowcases","Frayed, forked hair tips that look dry and dull","Regular trims every 8-10 weeks and use leave-in conditioner or hair oil to seal ends. Porosity-specific tip: Use rich creams, butters, and oils to seal the cuticle; do a protein treatment periodically since high porosity hair loses moisture quickly.",Leave-in conditioner + regular trims,"Bi-weekly application, trims every 2 months",Mild
601,2B,Wavy - Defined S-waves,High Porosity,Dry Scalp,Frizz,"Humidity, lack of moisture, raised hair cuticle, or over-washing","Flyaway strands, rough and unmanageable texture","Use anti-frizz serum, microfiber towel drying, and leave-in cream with humectants like glycerin. Porosity-specific tip: Use rich creams, butters, and oils to seal the cuticle; do a protein treatment periodically since high porosity hair loses moisture quickly.",Anti-frizz serum/cream,Daily as needed,Mild
602,2B,Wavy - Defined S-waves,High Porosity,Dry Scalp,Hair Thinning,"Genetics, stress, nutritional deficiency, hormonal imbalance, or postpartum changes","Reduced hair density, visible scalp, thinner ponytail","Use minoxidil-based topical treatment, biotin/iron supplementation (consult a doctor), and gentle scalp massage. Porosity-specific tip: Use rich creams, butters, and oils to seal the cuticle; do a protein treatment periodically since high porosity hair loses moisture quickly.",Minoxidil topical + supplements,Daily application,Moderate-Severe
603,2B,Wavy - Defined S-waves,High Porosity,Normal Scalp,Dandruff,"Malassezia fungus overgrowth, dry skin, or sensitivity to hair products","White/yellow flakes on scalp and shoulders, mild itching","Use an anti-dandruff shampoo containing zinc pyrithione, ketoconazole, or selenium sulfide; avoid over-washing. Porosity-specific tip: Use rich creams, butters, and oils to seal the cuticle; do a protein treatment periodically since high porosity hair loses moisture quickly.",Medicated anti-dandruff shampoo,2-3 times per week,Mild-Moderate
604,2B,Wavy - Defined S-waves,High Porosity,Normal Scalp,Dry Scalp,"Low sebum production, cold/dry weather, harsh shampoos, or dehydration","Tight, flaky, itchy scalp without excess oil","Apply a hydrating scalp oil (jojoba, argan) and switch to a sulfate-free moisturizing shampoo. Porosity-specific tip: Use rich creams, butters, and oils to seal the cuticle; do a protein treatment periodically since high porosity hair loses moisture quickly.",Scalp oil massage + hydrating shampoo,2 times per week,Mild
605,2B,Wavy - Defined S-waves,High Porosity,Normal Scalp,Oily Scalp,"Overactive sebaceous glands, hormonal changes, or infrequent washing","Greasy roots, flat-looking hair, scalp odor","Use a clarifying shampoo with tea tree oil or salicylic acid; avoid heavy conditioners near the roots. Porosity-specific tip: Use rich creams, butters, and oils to seal the cuticle; do a protein treatment periodically since high porosity hair loses moisture quickly.",Clarifying shampoo,Every 2-3 days,Mild-Moderate
606,2B,Wavy - Defined S-waves,High Porosity,Normal Scalp,Hair Breakage,"Excess heat styling, chemical treatments, over-brushing, or protein/moisture imbalance","Short broken strands, rough texture, visible split hairs","Reduce heat styling, use a protein-moisture balanced deep conditioner, trim damaged ends. Porosity-specific tip: Use rich creams, butters, and oils to seal the cuticle; do a protein treatment periodically since high porosity hair loses moisture quickly.",Protein treatment + deep conditioning mask,Weekly,Moderate
607,2B,Wavy - Defined S-waves,High Porosity,Normal Scalp,Split Ends,"Mechanical damage, lack of trimming, friction from towels/pillowcases","Frayed, forked hair tips that look dry and dull","Regular trims every 8-10 weeks and use leave-in conditioner or hair oil to seal ends. Porosity-specific tip: Use rich creams, butters, and oils to seal the cuticle; do a protein treatment periodically since high porosity hair loses moisture quickly.",Leave-in conditioner + regular trims,"Bi-weekly application, trims every 2 months",Mild
608,2B,Wavy - Defined S-waves,High Porosity,Normal Scalp,Frizz,"Humidity, lack of moisture, raised hair cuticle, or over-washing","Flyaway strands, rough and unmanageable texture","Use anti-frizz serum, microfiber towel drying, and leave-in cream with humectants like glycerin. Porosity-specific tip: Use rich creams, butters, and oils to seal the cuticle; do a protein treatment periodically since high porosity hair loses moisture quickly.",Anti-frizz serum/cream,Daily as needed,Mild
609,2B,Wavy - Defined S-waves,High Porosity,Normal Scalp,Hair Thinning,"Genetics, stress, nutritional deficiency, hormonal imbalance, or postpartum changes","Reduced hair density, visible scalp, thinner ponytail","Use minoxidil-based topical treatment, biotin/iron supplementation (consult a doctor), and gentle scalp massage. Porosity-specific tip: Use rich creams, butters, and oils to seal the cuticle; do a protein treatment periodically since high porosity hair loses moisture quickly.",Minoxidil topical + supplements,Daily application,Moderate-Severe
610,2B,Wavy - Defined S-waves,High Porosity,Normal Scalp,Itchy/Irritated Scalp,"Allergic reaction to products, dry skin, dandruff, or scalp psoriasis/eczema","Persistent itching, redness, occasional burning sensation","Switch to fragrance-free, sulfate-free shampoo; use a soothing scalp serum with aloe vera or tea tree oil. Porosity-specific tip: Use rich creams, butters, and oils to seal the cuticle; do a protein treatment periodically since high porosity hair loses moisture quickly.",Soothing scalp serum,"Daily until resolved, then 2x/week",Mild-Moderate
611,2B,Wavy - Defined S-waves,High Porosity,Normal Scalp,Product Buildup,"Accumulation of styling products, hard water minerals, or infrequent clarifying washes","Dull, weighed-down hair, reduced curl definition, waxy scalp feel","Use a clarifying or chelating shampoo once every 1-2 weeks to remove residue. Porosity-specific tip: Use rich creams, butters, and oils to seal the cuticle; do a protein treatment periodically since high porosity hair loses moisture quickly.",Clarifying/chelating shampoo,Every 1-2 weeks,Mild
612,2B,Wavy - Defined S-waves,High Porosity,Combination Scalp,Dandruff,"Malassezia fungus overgrowth, dry skin, or sensitivity to hair products","White/yellow flakes on scalp and shoulders, mild itching","Use an anti-dandruff shampoo containing zinc pyrithione, ketoconazole, or selenium sulfide; avoid over-washing. Porosity-specific tip: Use rich creams, butters, and oils to seal the cuticle; do a protein treatment periodically since high porosity hair loses moisture quickly.",Medicated anti-dandruff shampoo,2-3 times per week,Mild-Moderate
613,2B,Wavy - Defined S-waves,High Porosity,Combination Scalp,Dry Scalp,"Low sebum production, cold/dry weather, harsh shampoos, or dehydration","Tight, flaky, itchy scalp without excess oil","Apply a hydrating scalp oil (jojoba, argan) and switch to a sulfate-free moisturizing shampoo. Porosity-specific tip: Use rich creams, butters, and oils to seal the cuticle; do a protein treatment periodically since high porosity hair loses moisture quickly.",Scalp oil massage + hydrating shampoo,2 times per week,Mild
614,2B,Wavy - Defined S-waves,High Porosity,Combination Scalp,Oily Scalp,"Overactive sebaceous glands, hormonal changes, or infrequent washing","Greasy roots, flat-looking hair, scalp odor","Use a clarifying shampoo with tea tree oil or salicylic acid; avoid heavy conditioners near the roots. Porosity-specific tip: Use rich creams, butters, and oils to seal the cuticle; do a protein treatment periodically since high porosity hair loses moisture quickly.",Clarifying shampoo,Every 2-3 days,Mild-Moderate
615,2B,Wavy - Defined S-waves,High Porosity,Combination Scalp,Hair Breakage,"Excess heat styling, chemical treatments, over-brushing, or protein/moisture imbalance","Short broken strands, rough texture, visible split hairs","Reduce heat styling, use a protein-moisture balanced deep conditioner, trim damaged ends. Porosity-specific tip: Use rich creams, butters, and oils to seal the cuticle; do a protein treatment periodically since high porosity hair loses moisture quickly.",Protein treatment + deep conditioning mask,Weekly,Moderate
616,2B,Wavy - Defined S-waves,High Porosity,Combination Scalp,Split Ends,"Mechanical damage, lack of trimming, friction from towels/pillowcases","Frayed, forked hair tips that look dry and dull","Regular trims every 8-10 weeks and use leave-in conditioner or hair oil to seal ends. Porosity-specific tip: Use rich creams, butters, and oils to seal the cuticle; do a protein treatment periodically since high porosity hair loses moisture quickly.",Leave-in conditioner + regular trims,"Bi-weekly application, trims every 2 months",Mild
617,2B,Wavy - Defined S-waves,High Porosity,Combination Scalp,Frizz,"Humidity, lack of moisture, raised hair cuticle, or over-washing","Flyaway strands, rough and unmanageable texture","Use anti-frizz serum, microfiber towel drying, and leave-in cream with humectants like glycerin. Porosity-specific tip: Use rich creams, butters, and oils to seal the cuticle; do a protein treatment periodically since high porosity hair loses moisture quickly.",Anti-frizz serum/cream,Daily as needed,Mild
618,2B,Wavy - Defined S-waves,High Porosity,Combination Scalp,Hair Thinning,"Genetics, stress, nutritional deficiency, hormonal imbalance, or postpartum changes","Reduced hair density, visible scalp, thinner ponytail","Use minoxidil-based topical treatment, biotin/iron supplementation (consult a doctor), and gentle scalp massage. Porosity-specific tip: Use rich creams, butters, and oils to seal the cuticle; do a protein treatment periodically since high porosity hair loses moisture quickly.",Minoxidil topical + supplements,Daily application,Moderate-Severe
619,2B,Wavy - Defined S-waves,High Porosity,Combination Scalp,Itchy/Irritated Scalp,"Allergic reaction to products, dry skin, dandruff, or scalp psoriasis/eczema","Persistent itching, redness, occasional burning sensation","Switch to fragrance-free, sulfate-free shampoo; use a soothing scalp serum with aloe vera or tea tree oil. Porosity-specific tip: Use rich creams, butters, and oils to seal the cuticle; do a protein treatment periodically since high porosity hair loses moisture quickly.",Soothing scalp serum,"Daily until resolved, then 2x/week",Mild-Moderate
620,2B,Wavy - Defined S-waves,High Porosity,Combination Scalp,Product Buildup,"Accumulation of styling products, hard water minerals, or infrequent clarifying washes","Dull, weighed-down hair, reduced curl definition, waxy scalp feel","Use a clarifying or chelating shampoo once every 1-2 weeks to remove residue. Porosity-specific tip: Use rich creams, butters, and oils to seal the cuticle; do a protein treatment periodically since high porosity hair loses moisture quickly.",Clarifying/chelating shampoo,Every 1-2 weeks,Mild
621,2B,Wavy - Defined S-waves,High Porosity,Sensitive Scalp,Dandruff,"Malassezia fungus overgrowth, dry skin, or sensitivity to hair products","White/yellow flakes on scalp and shoulders, mild itching","Use an anti-dandruff shampoo containing zinc pyrithione, ketoconazole, or selenium sulfide; avoid over-washing. Porosity-specific tip: Use rich creams, butters, and oils to seal the cuticle; do a protein treatment periodically since high porosity hair loses moisture quickly.",Medicated anti-dandruff shampoo,2-3 times per week,Mild-Moderate
622,2B,Wavy - Defined S-waves,High Porosity,Sensitive Scalp,Dry Scalp,"Low sebum production, cold/dry weather, harsh shampoos, or dehydration","Tight, flaky, itchy scalp without excess oil","Apply a hydrating scalp oil (jojoba, argan) and switch to a sulfate-free moisturizing shampoo. Porosity-specific tip: Use rich creams, butters, and oils to seal the cuticle; do a protein treatment periodically since high porosity hair loses moisture quickly.",Scalp oil massage + hydrating shampoo,2 times per week,Mild
623,2B,Wavy - Defined S-waves,High Porosity,Sensitive Scalp,Oily Scalp,"Overactive sebaceous glands, hormonal changes, or infrequent washing","Greasy roots, flat-looking hair, scalp odor","Use a clarifying shampoo with tea tree oil or salicylic acid; avoid heavy conditioners near the roots. Porosity-specific tip: Use rich creams, butters, and oils to seal the cuticle; do a protein treatment periodically since high porosity hair loses moisture quickly.",Clarifying shampoo,Every 2-3 days,Mild-Moderate
624,2B,Wavy - Defined S-waves,High Porosity,Sensitive Scalp,Hair Breakage,"Excess heat styling, chemical treatments, over-brushing, or protein/moisture imbalance","Short broken strands, rough texture, visible split hairs","Reduce heat styling, use a protein-moisture balanced deep conditioner, trim damaged ends. Porosity-specific tip: Use rich creams, butters, and oils to seal the cuticle; do a protein treatment periodically since high porosity hair loses moisture quickly.",Protein treatment + deep conditioning mask,Weekly,Moderate
625,2B,Wavy - Defined S-waves,High Porosity,Sensitive Scalp,Split Ends,"Mechanical damage, lack of trimming, friction from towels/pillowcases","Frayed, forked hair tips that look dry and dull","Regular trims every 8-10 weeks and use leave-in conditioner or hair oil to seal ends. Porosity-specific tip: Use rich creams, butters, and oils to seal the cuticle; do a protein treatment periodically since high porosity hair loses moisture quickly.",Leave-in conditioner + regular trims,"Bi-weekly application, trims every 2 months",Mild
626,2B,Wavy - Defined S-waves,High Porosity,Sensitive Scalp,Frizz,"Humidity, lack of moisture, raised hair cuticle, or over-washing","Flyaway strands, rough and unmanageable texture","Use anti-frizz serum, microfiber towel drying, and leave-in cream with humectants like glycerin. Porosity-specific tip: Use rich creams, butters, and oils to seal the cuticle; do a protein treatment periodically since high porosity hair loses moisture quickly.",Anti-frizz serum/cream,Daily as needed,Mild
627,2B,Wavy - Defined S-waves,High Porosity,Sensitive Scalp,Hair Thinning,"Genetics, stress, nutritional deficiency, hormonal imbalance, or postpartum changes","Reduced hair density, visible scalp, thinner ponytail","Use minoxidil-based topical treatment, biotin/iron supplementation (consult a doctor), and gentle scalp massage. Porosity-specific tip: Use rich creams, butters, and oils to seal the cuticle; do a protein treatment periodically since high porosity hair loses moisture quickly.",Minoxidil topical + supplements,Daily application,Moderate-Severe
628,2B,Wavy - Defined S-waves,High Porosity,Sensitive Scalp,Itchy/Irritated Scalp,"Allergic reaction to products, dry skin, dandruff, or scalp psoriasis/eczema","Persistent itching, redness, occasional burning sensation","Switch to fragrance-free, sulfate-free shampoo; use a soothing scalp serum with aloe vera or tea tree oil. Porosity-specific tip: Use rich creams, butters, and oils to seal the cuticle; do a protein treatment periodically since high porosity hair loses moisture quickly.",Soothing scalp serum,"Daily until resolved, then 2x/week",Mild-Moderate
629,2B,Wavy - Defined S-waves,High Porosity,Sensitive Scalp,Product Buildup,"Accumulation of styling products, hard water minerals, or infrequent clarifying washes","Dull, weighed-down hair, reduced curl definition, waxy scalp feel","Use a clarifying or chelating shampoo once every 1-2 weeks to remove residue. Porosity-specific tip: Use rich creams, butters, and oils to seal the cuticle; do a protein treatment periodically since high porosity hair loses moisture quickly.",Clarifying/chelating shampoo,Every 1-2 weeks,Mild
630,2C,"Wavy - Thick, deep waves, frizz-prone",Low Porosity,Oily Scalp,Dandruff,"Malassezia fungus overgrowth, dry skin, or sensitivity to hair products","White/yellow flakes on scalp and shoulders, mild itching","Use an anti-dandruff shampoo containing zinc pyrithione, ketoconazole, or selenium sulfide; avoid over-washing. Porosity-specific tip: Use lightweight, water-based products applied to damp hair; avoid heavy butters/oils that sit on the cuticle; consider heat (steam) to help product absorption.",Medicated anti-dandruff shampoo,2-3 times per week,Mild-Moderate
631,2C,"Wavy - Thick, deep waves, frizz-prone",Low Porosity,Oily Scalp,Dry Scalp,"Low sebum production, cold/dry weather, harsh shampoos, or dehydration","Tight, flaky, itchy scalp without excess oil","Apply a hydrating scalp oil (jojoba, argan) and switch to a sulfate-free moisturizing shampoo. Porosity-specific tip: Use lightweight, water-based products applied to damp hair; avoid heavy butters/oils that sit on the cuticle; consider heat (steam) to help product absorption.",Scalp oil massage + hydrating shampoo,2 times per week,Mild
632,2C,"Wavy - Thick, deep waves, frizz-prone",Low Porosity,Oily Scalp,Oily Scalp,"Overactive sebaceous glands, hormonal changes, or infrequent washing","Greasy roots, flat-looking hair, scalp odor","Use a clarifying shampoo with tea tree oil or salicylic acid; avoid heavy conditioners near the roots. Porosity-specific tip: Use lightweight, water-based products applied to damp hair; avoid heavy butters/oils that sit on the cuticle; consider heat (steam) to help product absorption.",Clarifying shampoo,Every 2-3 days,Mild-Moderate
633,2C,"Wavy - Thick, deep waves, frizz-prone",Low Porosity,Oily Scalp,Hair Breakage,"Excess heat styling, chemical treatments, over-brushing, or protein/moisture imbalance","Short broken strands, rough texture, visible split hairs","Reduce heat styling, use a protein-moisture balanced deep conditioner, trim damaged ends. Porosity-specific tip: Use lightweight, water-based products applied to damp hair; avoid heavy butters/oils that sit on the cuticle; consider heat (steam) to help product absorption.",Protein treatment + deep conditioning mask,Weekly,Moderate
634,2C,"Wavy - Thick, deep waves, frizz-prone",Low Porosity,Oily Scalp,Split Ends,"Mechanical damage, lack of trimming, friction from towels/pillowcases","Frayed, forked hair tips that look dry and dull","Regular trims every 8-10 weeks and use leave-in conditioner or hair oil to seal ends. Porosity-specific tip: Use lightweight, water-based products applied to damp hair; avoid heavy butters/oils that sit on the cuticle; consider heat (steam) to help product absorption.",Leave-in conditioner + regular trims,"Bi-weekly application, trims every 2 months",Mild
635,2C,"Wavy - Thick, deep waves, frizz-prone",Low Porosity,Oily Scalp,Frizz,"Humidity, lack of moisture, raised hair cuticle, or over-washing","Flyaway strands, rough and unmanageable texture","Use anti-frizz serum, microfiber towel drying, and leave-in cream with humectants like glycerin. Porosity-specific tip: Use lightweight, water-based products applied to damp hair; avoid heavy butters/oils that sit on the cuticle; consider heat (steam) to help product absorption.",Anti-frizz serum/cream,Daily as needed,Mild
636,2C,"Wavy - Thick, deep waves, frizz-prone",Low Porosity,Oily Scalp,Hair Thinning,"Genetics, stress, nutritional deficiency, hormonal imbalance, or postpartum changes","Reduced hair density, visible scalp, thinner ponytail","Use minoxidil-based topical treatment, biotin/iron supplementation (consult a doctor), and gentle scalp massage. Porosity-specific tip: Use lightweight, water-based products applied to damp hair; avoid heavy butters/oils that sit on the cuticle; consider heat (steam) to help product absorption.",Minoxidil topical + supplements,Daily application,Moderate-Severe
637,2C,"Wavy - Thick, deep waves, frizz-prone",Low Porosity,Oily Scalp,Itchy/Irritated Scalp,"Allergic reaction to products, dry skin, dandruff, or scalp psoriasis/eczema","Persistent itching, redness, occasional burning sensation","Switch to fragrance-free, sulfate-free shampoo; use a soothing scalp serum with aloe vera or tea tree oil. Porosity-specific tip: Use lightweight, water-based products applied to damp hair; avoid heavy butters/oils that sit on the cuticle; consider heat (steam) to help product absorption.",Soothing scalp serum,"Daily until resolved, then 2x/week",Mild-Moderate
638,2C,"Wavy - Thick, deep waves, frizz-prone",Low Porosity,Oily Scalp,Product Buildup,"Accumulation of styling products, hard water minerals, or infrequent clarifying washes","Dull, weighed-down hair, reduced curl definition, waxy scalp feel","Use a clarifying or chelating shampoo once every 1-2 weeks to remove residue. Porosity-specific tip: Use lightweight, water-based products applied to damp hair; avoid heavy butters/oils that sit on the cuticle; consider heat (steam) to help product absorption.",Clarifying/chelating shampoo,Every 1-2 weeks,Mild
639,2C,"Wavy - Thick, deep waves, frizz-prone",Low Porosity,Dry Scalp,Dandruff,"Malassezia fungus overgrowth, dry skin, or sensitivity to hair products","White/yellow flakes on scalp and shoulders, mild itching","Use an anti-dandruff shampoo containing zinc pyrithione, ketoconazole, or selenium sulfide; avoid over-washing. Porosity-specific tip: Use lightweight, water-based products applied to damp hair; avoid heavy butters/oils that sit on the cuticle; consider heat (steam) to help product absorption.",Medicated anti-dandruff shampoo,2-3 times per week,Mild-Moderate
640,2C,"Wavy - Thick, deep waves, frizz-prone",Low Porosity,Dry Scalp,Dry Scalp,"Low sebum production, cold/dry weather, harsh shampoos, or dehydration","Tight, flaky, itchy scalp without excess oil","Apply a hydrating scalp oil (jojoba, argan) and switch to a sulfate-free moisturizing shampoo. Porosity-specific tip: Use lightweight, water-based products applied to damp hair; avoid heavy butters/oils that sit on the cuticle; consider heat (steam) to help product absorption.",Scalp oil massage + hydrating shampoo,2 times per week,Mild
641,2C,"Wavy - Thick, deep waves, frizz-prone",Low Porosity,Dry Scalp,Hair Breakage,"Excess heat styling, chemical treatments, over-brushing, or protein/moisture imbalance","Short broken strands, rough texture, visible split hairs","Reduce heat styling, use a protein-moisture balanced deep conditioner, trim damaged ends. Porosity-specific tip: Use lightweight, water-based products applied to damp hair; avoid heavy butters/oils that sit on the cuticle; consider heat (steam) to help product absorption.",Protein treatment + deep conditioning mask,Weekly,Moderate
642,2C,"Wavy - Thick, deep waves, frizz-prone",Low Porosity,Dry Scalp,Split Ends,"Mechanical damage, lack of trimming, friction from towels/pillowcases","Frayed, forked hair tips that look dry and dull","Regular trims every 8-10 weeks and use leave-in conditioner or hair oil to seal ends. Porosity-specific tip: Use lightweight, water-based products applied to damp hair; avoid heavy butters/oils that sit on the cuticle; consider heat (steam) to help product absorption.",Leave-in conditioner + regular trims,"Bi-weekly application, trims every 2 months",Mild
643,2C,"Wavy - Thick, deep waves, frizz-prone",Low Porosity,Dry Scalp,Frizz,"Humidity, lack of moisture, raised hair cuticle, or over-washing","Flyaway strands, rough and unmanageable texture","Use anti-frizz serum, microfiber towel drying, and leave-in cream with humectants like glycerin. Porosity-specific tip: Use lightweight, water-based products applied to damp hair; avoid heavy butters/oils that sit on the cuticle; consider heat (steam) to help product absorption.",Anti-frizz serum/cream,Daily as needed,Mild
644,2C,"Wavy - Thick, deep waves, frizz-prone",Low Porosity,Dry Scalp,Hair Thinning,"Genetics, stress, nutritional deficiency, hormonal imbalance, or postpartum changes","Reduced hair density, visible scalp, thinner ponytail","Use minoxidil-based topical treatment, biotin/iron supplementation (consult a doctor), and gentle scalp massage. Porosity-specific tip: Use lightweight, water-based products applied to damp hair; avoid heavy butters/oils that sit on the cuticle; consider heat (steam) to help product absorption.",Minoxidil topical + supplements,Daily application,Moderate-Severe
645,2C,"Wavy - Thick, deep waves, frizz-prone",Low Porosity,Dry Scalp,Itchy/Irritated Scalp,"Allergic reaction to products, dry skin, dandruff, or scalp psoriasis/eczema","Persistent itching, redness, occasional burning sensation","Switch to fragrance-free, sulfate-free shampoo; use a soothing scalp serum with aloe vera or tea tree oil. Porosity-specific tip: Use lightweight, water-based products applied to damp hair; avoid heavy butters/oils that sit on the cuticle; consider heat (steam) to help product absorption.",Soothing scalp serum,"Daily until resolved, then 2x/week",Mild-Moderate
646,2C,"Wavy - Thick, deep waves, frizz-prone",Low Porosity,Dry Scalp,Product Buildup,"Accumulation of styling products, hard water minerals, or infrequent clarifying washes","Dull, weighed-down hair, reduced curl definition, waxy scalp feel","Use a clarifying or chelating shampoo once every 1-2 weeks to remove residue. Porosity-specific tip: Use lightweight, water-based products applied to damp hair; avoid heavy butters/oils that sit on the cuticle; consider heat (steam) to help product absorption.",Clarifying/chelating shampoo,Every 1-2 weeks,Mild
647,2C,"Wavy - Thick, deep waves, frizz-prone",Low Porosity,Normal Scalp,Dandruff,"Malassezia fungus overgrowth, dry skin, or sensitivity to hair products","White/yellow flakes on scalp and shoulders, mild itching","Use an anti-dandruff shampoo containing zinc pyrithione, ketoconazole, or selenium sulfide; avoid over-washing. Porosity-specific tip: Use lightweight, water-based products applied to damp hair; avoid heavy butters/oils that sit on the cuticle; consider heat (steam) to help product absorption.",Medicated anti-dandruff shampoo,2-3 times per week,Mild-Moderate
648,2C,"Wavy - Thick, deep waves, frizz-prone",Low Porosity,Normal Scalp,Dry Scalp,"Low sebum production, cold/dry weather, harsh shampoos, or dehydration","Tight, flaky, itchy scalp without excess oil","Apply a hydrating scalp oil (jojoba, argan) and switch to a sulfate-free moisturizing shampoo. Porosity-specific tip: Use lightweight, water-based products applied to damp hair; avoid heavy butters/oils that sit on the cuticle; consider heat (steam) to help product absorption.",Scalp oil massage + hydrating shampoo,2 times per week,Mild
649,2C,"Wavy - Thick, deep waves, frizz-prone",Low Porosity,Normal Scalp,Oily Scalp,"Overactive sebaceous glands, hormonal changes, or infrequent washing","Greasy roots, flat-looking hair, scalp odor","Use a clarifying shampoo with tea tree oil or salicylic acid; avoid heavy conditioners near the roots. Porosity-specific tip: Use lightweight, water-based products applied to damp hair; avoid heavy butters/oils that sit on the cuticle; consider heat (steam) to help product absorption.",Clarifying shampoo,Every 2-3 days,Mild-Moderate
650,2C,"Wavy - Thick, deep waves, frizz-prone",Low Porosity,Normal Scalp,Hair Breakage,"Excess heat styling, chemical treatments, over-brushing, or protein/moisture imbalance","Short broken strands, rough texture, visible split hairs","Reduce heat styling, use a protein-moisture balanced deep conditioner, trim damaged ends. Porosity-specific tip: Use lightweight, water-based products applied to damp hair; avoid heavy butters/oils that sit on the cuticle; consider heat (steam) to help product absorption.",Protein treatment + deep conditioning mask,Weekly,Moderate
651,2C,"Wavy - Thick, deep waves, frizz-prone",Low Porosity,Normal Scalp,Split Ends,"Mechanical damage, lack of trimming, friction from towels/pillowcases","Frayed, forked hair tips that look dry and dull","Regular trims every 8-10 weeks and use leave-in conditioner or hair oil to seal ends. Porosity-specific tip: Use lightweight, water-based products applied to damp hair; avoid heavy butters/oils that sit on the cuticle; consider heat (steam) to help product absorption.",Leave-in conditioner + regular trims,"Bi-weekly application, trims every 2 months",Mild
652,2C,"Wavy - Thick, deep waves, frizz-prone",Low Porosity,Normal Scalp,Frizz,"Humidity, lack of moisture, raised hair cuticle, or over-washing","Flyaway strands, rough and unmanageable texture","Use anti-frizz serum, microfiber towel drying, and leave-in cream with humectants like glycerin. Porosity-specific tip: Use lightweight, water-based products applied to damp hair; avoid heavy butters/oils that sit on the cuticle; consider heat (steam) to help product absorption.",Anti-frizz serum/cream,Daily as needed,Mild
653,2C,"Wavy - Thick, deep waves, frizz-prone",Low Porosity,Normal Scalp,Itchy/Irritated Scalp,"Allergic reaction to products, dry skin, dandruff, or scalp psoriasis/eczema","Persistent itching, redness, occasional burning sensation","Switch to fragrance-free, sulfate-free shampoo; use a soothing scalp serum with aloe vera or tea tree oil. Porosity-specific tip: Use lightweight, water-based products applied to damp hair; avoid heavy butters/oils that sit on the cuticle; consider heat (steam) to help product absorption.",Soothing scalp serum,"Daily until resolved, then 2x/week",Mild-Moderate
654,2C,"Wavy - Thick, deep waves, frizz-prone",Low Porosity,Normal Scalp,Product Buildup,"Accumulation of styling products, hard water minerals, or infrequent clarifying washes","Dull, weighed-down hair, reduced curl definition, waxy scalp feel","Use a clarifying or chelating shampoo once every 1-2 weeks to remove residue. Porosity-specific tip: Use lightweight, water-based products applied to damp hair; avoid heavy butters/oils that sit on the cuticle; consider heat (steam) to help product absorption.",Clarifying/chelating shampoo,Every 1-2 weeks,Mild
655,2C,"Wavy - Thick, deep waves, frizz-prone",Low Porosity,Combination Scalp,Dry Scalp,"Low sebum production, cold/dry weather, harsh shampoos, or dehydration","Tight, flaky, itchy scalp without excess oil","Apply a hydrating scalp oil (jojoba, argan) and switch to a sulfate-free moisturizing shampoo. Porosity-specific tip: Use lightweight, water-based products applied to damp hair; avoid heavy butters/oils that sit on the cuticle; consider heat (steam) to help product absorption.",Scalp oil massage + hydrating shampoo,2 times per week,Mild
656,2C,"Wavy - Thick, deep waves, frizz-prone",Low Porosity,Combination Scalp,Oily Scalp,"Overactive sebaceous glands, hormonal changes, or infrequent washing","Greasy roots, flat-looking hair, scalp odor","Use a clarifying shampoo with tea tree oil or salicylic acid; avoid heavy conditioners near the roots. Porosity-specific tip: Use lightweight, water-based products applied to damp hair; avoid heavy butters/oils that sit on the cuticle; consider heat (steam) to help product absorption.",Clarifying shampoo,Every 2-3 days,Mild-Moderate
657,2C,"Wavy - Thick, deep waves, frizz-prone",Low Porosity,Combination Scalp,Hair Breakage,"Excess heat styling, chemical treatments, over-brushing, or protein/moisture imbalance","Short broken strands, rough texture, visible split hairs","Reduce heat styling, use a protein-moisture balanced deep conditioner, trim damaged ends. Porosity-specific tip: Use lightweight, water-based products applied to damp hair; avoid heavy butters/oils that sit on the cuticle; consider heat (steam) to help product absorption.",Protein treatment + deep conditioning mask,Weekly,Moderate
658,2C,"Wavy - Thick, deep waves, frizz-prone",Low Porosity,Combination Scalp,Split Ends,"Mechanical damage, lack of trimming, friction from towels/pillowcases","Frayed, forked hair tips that look dry and dull","Regular trims every 8-10 weeks and use leave-in conditioner or hair oil to seal ends. Porosity-specific tip: Use lightweight, water-based products applied to damp hair; avoid heavy butters/oils that sit on the cuticle; consider heat (steam) to help product absorption.",Leave-in conditioner + regular trims,"Bi-weekly application, trims every 2 months",Mild
659,2C,"Wavy - Thick, deep waves, frizz-prone",Low Porosity,Combination Scalp,Frizz,"Humidity, lack of moisture, raised hair cuticle, or over-washing","Flyaway strands, rough and unmanageable texture","Use anti-frizz serum, microfiber towel drying, and leave-in cream with humectants like glycerin. Porosity-specific tip: Use lightweight, water-based products applied to damp hair; avoid heavy butters/oils that sit on the cuticle; consider heat (steam) to help product absorption.",Anti-frizz serum/cream,Daily as needed,Mild
660,2C,"Wavy - Thick, deep waves, frizz-prone",Low Porosity,Combination Scalp,Hair Thinning,"Genetics, stress, nutritional deficiency, hormonal imbalance, or postpartum changes","Reduced hair density, visible scalp, thinner ponytail","Use minoxidil-based topical treatment, biotin/iron supplementation (consult a doctor), and gentle scalp massage. Porosity-specific tip: Use lightweight, water-based products applied to damp hair; avoid heavy butters/oils that sit on the cuticle; consider heat (steam) to help product absorption.",Minoxidil topical + supplements,Daily application,Moderate-Severe
661,2C,"Wavy - Thick, deep waves, frizz-prone",Low Porosity,Combination Scalp,Itchy/Irritated Scalp,"Allergic reaction to products, dry skin, dandruff, or scalp psoriasis/eczema","Persistent itching, redness, occasional burning sensation","Switch to fragrance-free, sulfate-free shampoo; use a soothing scalp serum with aloe vera or tea tree oil. Porosity-specific tip: Use lightweight, water-based products applied to damp hair; avoid heavy butters/oils that sit on the cuticle; consider heat (steam) to help product absorption.",Soothing scalp serum,"Daily until resolved, then 2x/week",Mild-Moderate
662,2C,"Wavy - Thick, deep waves, frizz-prone",Low Porosity,Combination Scalp,Product Buildup,"Accumulation of styling products, hard water minerals, or infrequent clarifying washes","Dull, weighed-down hair, reduced curl definition, waxy scalp feel","Use a clarifying or chelating shampoo once every 1-2 weeks to remove residue. Porosity-specific tip: Use lightweight, water-based products applied to damp hair; avoid heavy butters/oils that sit on the cuticle; consider heat (steam) to help product absorption.",Clarifying/chelating shampoo,Every 1-2 weeks,Mild
663,2C,"Wavy - Thick, deep waves, frizz-prone",Low Porosity,Sensitive Scalp,Dandruff,"Malassezia fungus overgrowth, dry skin, or sensitivity to hair products","White/yellow flakes on scalp and shoulders, mild itching","Use an anti-dandruff shampoo containing zinc pyrithione, ketoconazole, or selenium sulfide; avoid over-washing. Porosity-specific tip: Use lightweight, water-based products applied to damp hair; avoid heavy butters/oils that sit on the cuticle; consider heat (steam) to help product absorption.",Medicated anti-dandruff shampoo,2-3 times per week,Mild-Moderate
664,2C,"Wavy - Thick, deep waves, frizz-prone",Low Porosity,Sensitive Scalp,Dry Scalp,"Low sebum production, cold/dry weather, harsh shampoos, or dehydration","Tight, flaky, itchy scalp without excess oil","Apply a hydrating scalp oil (jojoba, argan) and switch to a sulfate-free moisturizing shampoo. Porosity-specific tip: Use lightweight, water-based products applied to damp hair; avoid heavy butters/oils that sit on the cuticle; consider heat (steam) to help product absorption.",Scalp oil massage + hydrating shampoo,2 times per week,Mild
665,2C,"Wavy - Thick, deep waves, frizz-prone",Low Porosity,Sensitive Scalp,Oily Scalp,"Overactive sebaceous glands, hormonal changes, or infrequent washing","Greasy roots, flat-looking hair, scalp odor","Use a clarifying shampoo with tea tree oil or salicylic acid; avoid heavy conditioners near the roots. Porosity-specific tip: Use lightweight, water-based products applied to damp hair; avoid heavy butters/oils that sit on the cuticle; consider heat (steam) to help product absorption.",Clarifying shampoo,Every 2-3 days,Mild-Moderate
666,2C,"Wavy - Thick, deep waves, frizz-prone",Low Porosity,Sensitive Scalp,Hair Breakage,"Excess heat styling, chemical treatments, over-brushing, or protein/moisture imbalance","Short broken strands, rough texture, visible split hairs","Reduce heat styling, use a protein-moisture balanced deep conditioner, trim damaged ends. Porosity-specific tip: Use lightweight, water-based products applied to damp hair; avoid heavy butters/oils that sit on the cuticle; consider heat (steam) to help product absorption.",Protein treatment + deep conditioning mask,Weekly,Moderate
667,2C,"Wavy - Thick, deep waves, frizz-prone",Low Porosity,Sensitive Scalp,Split Ends,"Mechanical damage, lack of trimming, friction from towels/pillowcases","Frayed, forked hair tips that look dry and dull","Regular trims every 8-10 weeks and use leave-in conditioner or hair oil to seal ends. Porosity-specific tip: Use lightweight, water-based products applied to damp hair; avoid heavy butters/oils that sit on the cuticle; consider heat (steam) to help product absorption.",Leave-in conditioner + regular trims,"Bi-weekly application, trims every 2 months",Mild
668,2C,"Wavy - Thick, deep waves, frizz-prone",Low Porosity,Sensitive Scalp,Frizz,"Humidity, lack of moisture, raised hair cuticle, or over-washing","Flyaway strands, rough and unmanageable texture","Use anti-frizz serum, microfiber towel drying, and leave-in cream with humectants like glycerin. Porosity-specific tip: Use lightweight, water-based products applied to damp hair; avoid heavy butters/oils that sit on the cuticle; consider heat (steam) to help product absorption.",Anti-frizz serum/cream,Daily as needed,Mild
669,2C,"Wavy - Thick, deep waves, frizz-prone",Low Porosity,Sensitive Scalp,Hair Thinning,"Genetics, stress, nutritional deficiency, hormonal imbalance, or postpartum changes","Reduced hair density, visible scalp, thinner ponytail","Use minoxidil-based topical treatment, biotin/iron supplementation (consult a doctor), and gentle scalp massage. Porosity-specific tip: Use lightweight, water-based products applied to damp hair; avoid heavy butters/oils that sit on the cuticle; consider heat (steam) to help product absorption.",Minoxidil topical + supplements,Daily application,Moderate-Severe
670,2C,"Wavy - Thick, deep waves, frizz-prone",Low Porosity,Sensitive Scalp,Itchy/Irritated Scalp,"Allergic reaction to products, dry skin, dandruff, or scalp psoriasis/eczema","Persistent itching, redness, occasional burning sensation","Switch to fragrance-free, sulfate-free shampoo; use a soothing scalp serum with aloe vera or tea tree oil. Porosity-specific tip: Use lightweight, water-based products applied to damp hair; avoid heavy butters/oils that sit on the cuticle; consider heat (steam) to help product absorption.",Soothing scalp serum,"Daily until resolved, then 2x/week",Mild-Moderate
671,2C,"Wavy - Thick, deep waves, frizz-prone",Medium Porosity,Oily Scalp,Dandruff,"Malassezia fungus overgrowth, dry skin, or sensitivity to hair products","White/yellow flakes on scalp and shoulders, mild itching","Use an anti-dandruff shampoo containing zinc pyrithione, ketoconazole, or selenium sulfide; avoid over-washing. Porosity-specific tip: Balanced routine works well; maintain regular deep conditioning every 1-2 weeks to preserve moisture-protein balance.",Medicated anti-dandruff shampoo,2-3 times per week,Mild-Moderate
672,2C,"Wavy - Thick, deep waves, frizz-prone",Medium Porosity,Oily Scalp,Dry Scalp,"Low sebum production, cold/dry weather, harsh shampoos, or dehydration","Tight, flaky, itchy scalp without excess oil","Apply a hydrating scalp oil (jojoba, argan) and switch to a sulfate-free moisturizing shampoo. Porosity-specific tip: Balanced routine works well; maintain regular deep conditioning every 1-2 weeks to preserve moisture-protein balance.",Scalp oil massage + hydrating shampoo,2 times per week,Mild
673,2C,"Wavy - Thick, deep waves, frizz-prone",Medium Porosity,Oily Scalp,Oily Scalp,"Overactive sebaceous glands, hormonal changes, or infrequent washing","Greasy roots, flat-looking hair, scalp odor",Use a clarifying shampoo with tea tree oil or salicylic acid; avoid heavy conditioners near the roots. Porosity-specific tip: Balanced routine works well; maintain regular deep conditioning every 1-2 weeks to preserve moisture-protein balance.,Clarifying shampoo,Every 2-3 days,Mild-Moderate
674,2C,"Wavy - Thick, deep waves, frizz-prone",Medium Porosity,Oily Scalp,Hair Breakage,"Excess heat styling, chemical treatments, over-brushing, or protein/moisture imbalance","Short broken strands, rough texture, visible split hairs","Reduce heat styling, use a protein-moisture balanced deep conditioner, trim damaged ends. Porosity-specific tip: Balanced routine works well; maintain regular deep conditioning every 1-2 weeks to preserve moisture-protein balance.",Protein treatment + deep conditioning mask,Weekly,Moderate
675,2C,"Wavy - Thick, deep waves, frizz-prone",Medium Porosity,Oily Scalp,Split Ends,"Mechanical damage, lack of trimming, friction from towels/pillowcases","Frayed, forked hair tips that look dry and dull",Regular trims every 8-10 weeks and use leave-in conditioner or hair oil to seal ends. Porosity-specific tip: Balanced routine works well; maintain regular deep conditioning every 1-2 weeks to preserve moisture-protein balance.,Leave-in conditioner + regular trims,"Bi-weekly application, trims every 2 months",Mild
676,2C,"Wavy - Thick, deep waves, frizz-prone",Medium Porosity,Oily Scalp,Frizz,"Humidity, lack of moisture, raised hair cuticle, or over-washing","Flyaway strands, rough and unmanageable texture","Use anti-frizz serum, microfiber towel drying, and leave-in cream with humectants like glycerin. Porosity-specific tip: Balanced routine works well; maintain regular deep conditioning every 1-2 weeks to preserve moisture-protein balance.",Anti-frizz serum/cream,Daily as needed,Mild
677,2C,"Wavy - Thick, deep waves, frizz-prone",Medium Porosity,Oily Scalp,Hair Thinning,"Genetics, stress, nutritional deficiency, hormonal imbalance, or postpartum changes","Reduced hair density, visible scalp, thinner ponytail","Use minoxidil-based topical treatment, biotin/iron supplementation (consult a doctor), and gentle scalp massage. Porosity-specific tip: Balanced routine works well; maintain regular deep conditioning every 1-2 weeks to preserve moisture-protein balance.",Minoxidil topical + supplements,Daily application,Moderate-Severe
678,2C,"Wavy - Thick, deep waves, frizz-prone",Medium Porosity,Oily Scalp,Itchy/Irritated Scalp,"Allergic reaction to products, dry skin, dandruff, or scalp psoriasis/eczema","Persistent itching, redness, occasional burning sensation","Switch to fragrance-free, sulfate-free shampoo; use a soothing scalp serum with aloe vera or tea tree oil. Porosity-specific tip: Balanced routine works well; maintain regular deep conditioning every 1-2 weeks to preserve moisture-protein balance.",Soothing scalp serum,"Daily until resolved, then 2x/week",Mild-Moderate
679,2C,"Wavy - Thick, deep waves, frizz-prone",Medium Porosity,Oily Scalp,Product Buildup,"Accumulation of styling products, hard water minerals, or infrequent clarifying washes","Dull, weighed-down hair, reduced curl definition, waxy scalp feel",Use a clarifying or chelating shampoo once every 1-2 weeks to remove residue. Porosity-specific tip: Balanced routine works well; maintain regular deep conditioning every 1-2 weeks to preserve moisture-protein balance.,Clarifying/chelating shampoo,Every 1-2 weeks,Mild
680,2C,"Wavy - Thick, deep waves, frizz-prone",Medium Porosity,Dry Scalp,Dry Scalp,"Low sebum production, cold/dry weather, harsh shampoos, or dehydration","Tight, flaky, itchy scalp without excess oil","Apply a hydrating scalp oil (jojoba, argan) and switch to a sulfate-free moisturizing shampoo. Porosity-specific tip: Balanced routine works well; maintain regular deep conditioning every 1-2 weeks to preserve moisture-protein balance.",Scalp oil massage + hydrating shampoo,2 times per week,Mild
681,2C,"Wavy - Thick, deep waves, frizz-prone",Medium Porosity,Dry Scalp,Oily Scalp,"Overactive sebaceous glands, hormonal changes, or infrequent washing","Greasy roots, flat-looking hair, scalp odor",Use a clarifying shampoo with tea tree oil or salicylic acid; avoid heavy conditioners near the roots. Porosity-specific tip: Balanced routine works well; maintain regular deep conditioning every 1-2 weeks to preserve moisture-protein balance.,Clarifying shampoo,Every 2-3 days,Mild-Moderate
682,2C,"Wavy - Thick, deep waves, frizz-prone",Medium Porosity,Dry Scalp,Hair Breakage,"Excess heat styling, chemical treatments, over-brushing, or protein/moisture imbalance","Short broken strands, rough texture, visible split hairs","Reduce heat styling, use a protein-moisture balanced deep conditioner, trim damaged ends. Porosity-specific tip: Balanced routine works well; maintain regular deep conditioning every 1-2 weeks to preserve moisture-protein balance.",Protein treatment + deep conditioning mask,Weekly,Moderate
683,2C,"Wavy - Thick, deep waves, frizz-prone",Medium Porosity,Dry Scalp,Split Ends,"Mechanical damage, lack of trimming, friction from towels/pillowcases","Frayed, forked hair tips that look dry and dull",Regular trims every 8-10 weeks and use leave-in conditioner or hair oil to seal ends. Porosity-specific tip: Balanced routine works well; maintain regular deep conditioning every 1-2 weeks to preserve moisture-protein balance.,Leave-in conditioner + regular trims,"Bi-weekly application, trims every 2 months",Mild
684,2C,"Wavy - Thick, deep waves, frizz-prone",Medium Porosity,Dry Scalp,Frizz,"Humidity, lack of moisture, raised hair cuticle, or over-washing","Flyaway strands, rough and unmanageable texture","Use anti-frizz serum, microfiber towel drying, and leave-in cream with humectants like glycerin. Porosity-specific tip: Balanced routine works well; maintain regular deep conditioning every 1-2 weeks to preserve moisture-protein balance.",Anti-frizz serum/cream,Daily as needed,Mild
685,2C,"Wavy - Thick, deep waves, frizz-prone",Medium Porosity,Dry Scalp,Hair Thinning,"Genetics, stress, nutritional deficiency, hormonal imbalance, or postpartum changes","Reduced hair density, visible scalp, thinner ponytail","Use minoxidil-based topical treatment, biotin/iron supplementation (consult a doctor), and gentle scalp massage. Porosity-specific tip: Balanced routine works well; maintain regular deep conditioning every 1-2 weeks to preserve moisture-protein balance.",Minoxidil topical + supplements,Daily application,Moderate-Severe
686,2C,"Wavy - Thick, deep waves, frizz-prone",Medium Porosity,Dry Scalp,Itchy/Irritated Scalp,"Allergic reaction to products, dry skin, dandruff, or scalp psoriasis/eczema","Persistent itching, redness, occasional burning sensation","Switch to fragrance-free, sulfate-free shampoo; use a soothing scalp serum with aloe vera or tea tree oil. Porosity-specific tip: Balanced routine works well; maintain regular deep conditioning every 1-2 weeks to preserve moisture-protein balance.",Soothing scalp serum,"Daily until resolved, then 2x/week",Mild-Moderate
687,2C,"Wavy - Thick, deep waves, frizz-prone",Medium Porosity,Dry Scalp,Product Buildup,"Accumulation of styling products, hard water minerals, or infrequent clarifying washes","Dull, weighed-down hair, reduced curl definition, waxy scalp feel",Use a clarifying or chelating shampoo once every 1-2 weeks to remove residue. Porosity-specific tip: Balanced routine works well; maintain regular deep conditioning every 1-2 weeks to preserve moisture-protein balance.,Clarifying/chelating shampoo,Every 1-2 weeks,Mild
688,2C,"Wavy - Thick, deep waves, frizz-prone",Medium Porosity,Normal Scalp,Dandruff,"Malassezia fungus overgrowth, dry skin, or sensitivity to hair products","White/yellow flakes on scalp and shoulders, mild itching","Use an anti-dandruff shampoo containing zinc pyrithione, ketoconazole, or selenium sulfide; avoid over-washing. Porosity-specific tip: Balanced routine works well; maintain regular deep conditioning every 1-2 weeks to preserve moisture-protein balance.",Medicated anti-dandruff shampoo,2-3 times per week,Mild-Moderate
689,2C,"Wavy - Thick, deep waves, frizz-prone",Medium Porosity,Normal Scalp,Dry Scalp,"Low sebum production, cold/dry weather, harsh shampoos, or dehydration","Tight, flaky, itchy scalp without excess oil","Apply a hydrating scalp oil (jojoba, argan) and switch to a sulfate-free moisturizing shampoo. Porosity-specific tip: Balanced routine works well; maintain regular deep conditioning every 1-2 weeks to preserve moisture-protein balance.",Scalp oil massage + hydrating shampoo,2 times per week,Mild
690,2C,"Wavy - Thick, deep waves, frizz-prone",Medium Porosity,Normal Scalp,Oily Scalp,"Overactive sebaceous glands, hormonal changes, or infrequent washing","Greasy roots, flat-looking hair, scalp odor",Use a clarifying shampoo with tea tree oil or salicylic acid; avoid heavy conditioners near the roots. Porosity-specific tip: Balanced routine works well; maintain regular deep conditioning every 1-2 weeks to preserve moisture-protein balance.,Clarifying shampoo,Every 2-3 days,Mild-Moderate
691,2C,"Wavy - Thick, deep waves, frizz-prone",Medium Porosity,Normal Scalp,Hair Breakage,"Excess heat styling, chemical treatments, over-brushing, or protein/moisture imbalance","Short broken strands, rough texture, visible split hairs","Reduce heat styling, use a protein-moisture balanced deep conditioner, trim damaged ends. Porosity-specific tip: Balanced routine works well; maintain regular deep conditioning every 1-2 weeks to preserve moisture-protein balance.",Protein treatment + deep conditioning mask,Weekly,Moderate
692,2C,"Wavy - Thick, deep waves, frizz-prone",Medium Porosity,Normal Scalp,Split Ends,"Mechanical damage, lack of trimming, friction from towels/pillowcases","Frayed, forked hair tips that look dry and dull",Regular trims every 8-10 weeks and use leave-in conditioner or hair oil to seal ends. Porosity-specific tip: Balanced routine works well; maintain regular deep conditioning every 1-2 weeks to preserve moisture-protein balance.,Leave-in conditioner + regular trims,"Bi-weekly application, trims every 2 months",Mild
693,2C,"Wavy - Thick, deep waves, frizz-prone",Medium Porosity,Normal Scalp,Frizz,"Humidity, lack of moisture, raised hair cuticle, or over-washing","Flyaway strands, rough and unmanageable texture","Use anti-frizz serum, microfiber towel drying, and leave-in cream with humectants like glycerin. Porosity-specific tip: Balanced routine works well; maintain regular deep conditioning every 1-2 weeks to preserve moisture-protein balance.",Anti-frizz serum/cream,Daily as needed,Mild
694,2C,"Wavy - Thick, deep waves, frizz-prone",Medium Porosity,Normal Scalp,Hair Thinning,"Genetics, stress, nutritional deficiency, hormonal imbalance, or postpartum changes","Reduced hair density, visible scalp, thinner ponytail","Use minoxidil-based topical treatment, biotin/iron supplementation (consult a doctor), and gentle scalp massage. Porosity-specific tip: Balanced routine works well; maintain regular deep conditioning every 1-2 weeks to preserve moisture-protein balance.",Minoxidil topical + supplements,Daily application,Moderate-Severe
695,2C,"Wavy - Thick, deep waves, frizz-prone",Medium Porosity,Normal Scalp,Itchy/Irritated Scalp,"Allergic reaction to products, dry skin, dandruff, or scalp psoriasis/eczema","Persistent itching, redness, occasional burning sensation","Switch to fragrance-free, sulfate-free shampoo; use a soothing scalp serum with aloe vera or tea tree oil. Porosity-specific tip: Balanced routine works well; maintain regular deep conditioning every 1-2 weeks to preserve moisture-protein balance.",Soothing scalp serum,"Daily until resolved, then 2x/week",Mild-Moderate
696,2C,"Wavy - Thick, deep waves, frizz-prone",Medium Porosity,Normal Scalp,Product Buildup,"Accumulation of styling products, hard water minerals, or infrequent clarifying washes","Dull, weighed-down hair, reduced curl definition, waxy scalp feel",Use a clarifying or chelating shampoo once every 1-2 weeks to remove residue. Porosity-specific tip: Balanced routine works well; maintain regular deep conditioning every 1-2 weeks to preserve moisture-protein balance.,Clarifying/chelating shampoo,Every 1-2 weeks,Mild
697,2C,"Wavy - Thick, deep waves, frizz-prone",Medium Porosity,Combination Scalp,Dry Scalp,"Low sebum production, cold/dry weather, harsh shampoos, or dehydration","Tight, flaky, itchy scalp without excess oil","Apply a hydrating scalp oil (jojoba, argan) and switch to a sulfate-free moisturizing shampoo. Porosity-specific tip: Balanced routine works well; maintain regular deep conditioning every 1-2 weeks to preserve moisture-protein balance.",Scalp oil massage + hydrating shampoo,2 times per week,Mild
698,2C,"Wavy - Thick, deep waves, frizz-prone",Medium Porosity,Combination Scalp,Oily Scalp,"Overactive sebaceous glands, hormonal changes, or infrequent washing","Greasy roots, flat-looking hair, scalp odor",Use a clarifying shampoo with tea tree oil or salicylic acid; avoid heavy conditioners near the roots. Porosity-specific tip: Balanced routine works well; maintain regular deep conditioning every 1-2 weeks to preserve moisture-protein balance.,Clarifying shampoo,Every 2-3 days,Mild-Moderate
699,2C,"Wavy - Thick, deep waves, frizz-prone",Medium Porosity,Combination Scalp,Hair Breakage,"Excess heat styling, chemical treatments, over-brushing, or protein/moisture imbalance","Short broken strands, rough texture, visible split hairs","Reduce heat styling, use a protein-moisture balanced deep conditioner, trim damaged ends. Porosity-specific tip: Balanced routine works well; maintain regular deep conditioning every 1-2 weeks to preserve moisture-protein balance.",Protein treatment + deep conditioning mask,Weekly,Moderate
700,2C,"Wavy - Thick, deep waves, frizz-prone",Medium Porosity,Combination Scalp,Split Ends,"Mechanical damage, lack of trimming, friction from towels/pillowcases","Frayed, forked hair tips that look dry and dull",Regular trims every 8-10 weeks and use leave-in conditioner or hair oil to seal ends. Porosity-specific tip: Balanced routine works well; maintain regular deep conditioning every 1-2 weeks to preserve moisture-protein balance.,Leave-in conditioner + regular trims,"Bi-weekly application, trims every 2 months",Mild
701,2C,"Wavy - Thick, deep waves, frizz-prone",Medium Porosity,Combination Scalp,Frizz,"Humidity, lack of moisture, raised hair cuticle, or over-washing","Flyaway strands, rough and unmanageable texture","Use anti-frizz serum, microfiber towel drying, and leave-in cream with humectants like glycerin. Porosity-specific tip: Balanced routine works well; maintain regular deep conditioning every 1-2 weeks to preserve moisture-protein balance.",Anti-frizz serum/cream,Daily as needed,Mild
702,2C,"Wavy - Thick, deep waves, frizz-prone",Medium Porosity,Combination Scalp,Hair Thinning,"Genetics, stress, nutritional deficiency, hormonal imbalance, or postpartum changes","Reduced hair density, visible scalp, thinner ponytail","Use minoxidil-based topical treatment, biotin/iron supplementation (consult a doctor), and gentle scalp massage. Porosity-specific tip: Balanced routine works well; maintain regular deep conditioning every 1-2 weeks to preserve moisture-protein balance.",Minoxidil topical + supplements,Daily application,Moderate-Severe
703,2C,"Wavy - Thick, deep waves, frizz-prone",Medium Porosity,Combination Scalp,Itchy/Irritated Scalp,"Allergic reaction to products, dry skin, dandruff, or scalp psoriasis/eczema","Persistent itching, redness, occasional burning sensation","Switch to fragrance-free, sulfate-free shampoo; use a soothing scalp serum with aloe vera or tea tree oil. Porosity-specific tip: Balanced routine works well; maintain regular deep conditioning every 1-2 weeks to preserve moisture-protein balance.",Soothing scalp serum,"Daily until resolved, then 2x/week",Mild-Moderate
704,2C,"Wavy - Thick, deep waves, frizz-prone",Medium Porosity,Combination Scalp,Product Buildup,"Accumulation of styling products, hard water minerals, or infrequent clarifying washes","Dull, weighed-down hair, reduced curl definition, waxy scalp feel",Use a clarifying or chelating shampoo once every 1-2 weeks to remove residue. Porosity-specific tip: Balanced routine works well; maintain regular deep conditioning every 1-2 weeks to preserve moisture-protein balance.,Clarifying/chelating shampoo,Every 1-2 weeks,Mild
705,2C,"Wavy - Thick, deep waves, frizz-prone",Medium Porosity,Sensitive Scalp,Dandruff,"Malassezia fungus overgrowth, dry skin, or sensitivity to hair products","White/yellow flakes on scalp and shoulders, mild itching","Use an anti-dandruff shampoo containing zinc pyrithione, ketoconazole, or selenium sulfide; avoid over-washing. Porosity-specific tip: Balanced routine works well; maintain regular deep conditioning every 1-2 weeks to preserve moisture-protein balance.",Medicated anti-dandruff shampoo,2-3 times per week,Mild-Moderate
706,2C,"Wavy - Thick, deep waves, frizz-prone",Medium Porosity,Sensitive Scalp,Dry Scalp,"Low sebum production, cold/dry weather, harsh shampoos, or dehydration","Tight, flaky, itchy scalp without excess oil","Apply a hydrating scalp oil (jojoba, argan) and switch to a sulfate-free moisturizing shampoo. Porosity-specific tip: Balanced routine works well; maintain regular deep conditioning every 1-2 weeks to preserve moisture-protein balance.",Scalp oil massage + hydrating shampoo,2 times per week,Mild
707,2C,"Wavy - Thick, deep waves, frizz-prone",Medium Porosity,Sensitive Scalp,Oily Scalp,"Overactive sebaceous glands, hormonal changes, or infrequent washing","Greasy roots, flat-looking hair, scalp odor",Use a clarifying shampoo with tea tree oil or salicylic acid; avoid heavy conditioners near the roots. Porosity-specific tip: Balanced routine works well; maintain regular deep conditioning every 1-2 weeks to preserve moisture-protein balance.,Clarifying shampoo,Every 2-3 days,Mild-Moderate
708,2C,"Wavy - Thick, deep waves, frizz-prone",Medium Porosity,Sensitive Scalp,Hair Breakage,"Excess heat styling, chemical treatments, over-brushing, or protein/moisture imbalance","Short broken strands, rough texture, visible split hairs","Reduce heat styling, use a protein-moisture balanced deep conditioner, trim damaged ends. Porosity-specific tip: Balanced routine works well; maintain regular deep conditioning every 1-2 weeks to preserve moisture-protein balance.",Protein treatment + deep conditioning mask,Weekly,Moderate
709,2C,"Wavy - Thick, deep waves, frizz-prone",Medium Porosity,Sensitive Scalp,Split Ends,"Mechanical damage, lack of trimming, friction from towels/pillowcases","Frayed, forked hair tips that look dry and dull",Regular trims every 8-10 weeks and use leave-in conditioner or hair oil to seal ends. Porosity-specific tip: Balanced routine works well; maintain regular deep conditioning every 1-2 weeks to preserve moisture-protein balance.,Leave-in conditioner + regular trims,"Bi-weekly application, trims every 2 months",Mild
710,2C,"Wavy - Thick, deep waves, frizz-prone",Medium Porosity,Sensitive Scalp,Frizz,"Humidity, lack of moisture, raised hair cuticle, or over-washing","Flyaway strands, rough and unmanageable texture","Use anti-frizz serum, microfiber towel drying, and leave-in cream with humectants like glycerin. Porosity-specific tip: Balanced routine works well; maintain regular deep conditioning every 1-2 weeks to preserve moisture-protein balance.",Anti-frizz serum/cream,Daily as needed,Mild
711,2C,"Wavy - Thick, deep waves, frizz-prone",Medium Porosity,Sensitive Scalp,Hair Thinning,"Genetics, stress, nutritional deficiency, hormonal imbalance, or postpartum changes","Reduced hair density, visible scalp, thinner ponytail","Use minoxidil-based topical treatment, biotin/iron supplementation (consult a doctor), and gentle scalp massage. Porosity-specific tip: Balanced routine works well; maintain regular deep conditioning every 1-2 weeks to preserve moisture-protein balance.",Minoxidil topical + supplements,Daily application,Moderate-Severe
712,2C,"Wavy - Thick, deep waves, frizz-prone",Medium Porosity,Sensitive Scalp,Product Buildup,"Accumulation of styling products, hard water minerals, or infrequent clarifying washes","Dull, weighed-down hair, reduced curl definition, waxy scalp feel",Use a clarifying or chelating shampoo once every 1-2 weeks to remove residue. Porosity-specific tip: Balanced routine works well; maintain regular deep conditioning every 1-2 weeks to preserve moisture-protein balance.,Clarifying/chelating shampoo,Every 1-2 weeks,Mild
713,2C,"Wavy - Thick, deep waves, frizz-prone",High Porosity,Oily Scalp,Dandruff,"Malassezia fungus overgrowth, dry skin, or sensitivity to hair products","White/yellow flakes on scalp and shoulders, mild itching","Use an anti-dandruff shampoo containing zinc pyrithione, ketoconazole, or selenium sulfide; avoid over-washing. Porosity-specific tip: Use rich creams, butters, and oils to seal the cuticle; do a protein treatment periodically since high porosity hair loses moisture quickly.",Medicated anti-dandruff shampoo,2-3 times per week,Mild-Moderate
714,2C,"Wavy - Thick, deep waves, frizz-prone",High Porosity,Oily Scalp,Dry Scalp,"Low sebum production, cold/dry weather, harsh shampoos, or dehydration","Tight, flaky, itchy scalp without excess oil","Apply a hydrating scalp oil (jojoba, argan) and switch to a sulfate-free moisturizing shampoo. Porosity-specific tip: Use rich creams, butters, and oils to seal the cuticle; do a protein treatment periodically since high porosity hair loses moisture quickly.",Scalp oil massage + hydrating shampoo,2 times per week,Mild
715,2C,"Wavy - Thick, deep waves, frizz-prone",High Porosity,Oily Scalp,Oily Scalp,"Overactive sebaceous glands, hormonal changes, or infrequent washing","Greasy roots, flat-looking hair, scalp odor","Use a clarifying shampoo with tea tree oil or salicylic acid; avoid heavy conditioners near the roots. Porosity-specific tip: Use rich creams, butters, and oils to seal the cuticle; do a protein treatment periodically since high porosity hair loses moisture quickly.",Clarifying shampoo,Every 2-3 days,Mild-Moderate
716,2C,"Wavy - Thick, deep waves, frizz-prone",High Porosity,Oily Scalp,Hair Breakage,"Excess heat styling, chemical treatments, over-brushing, or protein/moisture imbalance","Short broken strands, rough texture, visible split hairs","Reduce heat styling, use a protein-moisture balanced deep conditioner, trim damaged ends. Porosity-specific tip: Use rich creams, butters, and oils to seal the cuticle; do a protein treatment periodically since high porosity hair loses moisture quickly.",Protein treatment + deep conditioning mask,Weekly,Moderate
717,2C,"Wavy - Thick, deep waves, frizz-prone",High Porosity,Oily Scalp,Frizz,"Humidity, lack of moisture, raised hair cuticle, or over-washing","Flyaway strands, rough and unmanageable texture","Use anti-frizz serum, microfiber towel drying, and leave-in cream with humectants like glycerin. Porosity-specific tip: Use rich creams, butters, and oils to seal the cuticle; do a protein treatment periodically since high porosity hair loses moisture quickly.",Anti-frizz serum/cream,Daily as needed,Mild
718,2C,"Wavy - Thick, deep waves, frizz-prone",High Porosity,Oily Scalp,Hair Thinning,"Genetics, stress, nutritional deficiency, hormonal imbalance, or postpartum changes","Reduced hair density, visible scalp, thinner ponytail","Use minoxidil-based topical treatment, biotin/iron supplementation (consult a doctor), and gentle scalp massage. Porosity-specific tip: Use rich creams, butters, and oils to seal the cuticle; do a protein treatment periodically since high porosity hair loses moisture quickly.",Minoxidil topical + supplements,Daily application,Moderate-Severe
719,2C,"Wavy - Thick, deep waves, frizz-prone",High Porosity,Oily Scalp,Itchy/Irritated Scalp,"Allergic reaction to products, dry skin, dandruff, or scalp psoriasis/eczema","Persistent itching, redness, occasional burning sensation","Switch to fragrance-free, sulfate-free shampoo; use a soothing scalp serum with aloe vera or tea tree oil. Porosity-specific tip: Use rich creams, butters, and oils to seal the cuticle; do a protein treatment periodically since high porosity hair loses moisture quickly.",Soothing scalp serum,"Daily until resolved, then 2x/week",Mild-Moderate
720,2C,"Wavy - Thick, deep waves, frizz-prone",High Porosity,Oily Scalp,Product Buildup,"Accumulation of styling products, hard water minerals, or infrequent clarifying washes","Dull, weighed-down hair, reduced curl definition, waxy scalp feel","Use a clarifying or chelating shampoo once every 1-2 weeks to remove residue. Porosity-specific tip: Use rich creams, butters, and oils to seal the cuticle; do a protein treatment periodically since high porosity hair loses moisture quickly.",Clarifying/chelating shampoo,Every 1-2 weeks,Mild
721,2C,"Wavy - Thick, deep waves, frizz-prone",High Porosity,Dry Scalp,Dandruff,"Malassezia fungus overgrowth, dry skin, or sensitivity to hair products","White/yellow flakes on scalp and shoulders, mild itching","Use an anti-dandruff shampoo containing zinc pyrithione, ketoconazole, or selenium sulfide; avoid over-washing. Porosity-specific tip: Use rich creams, butters, and oils to seal the cuticle; do a protein treatment periodically since high porosity hair loses moisture quickly.",Medicated anti-dandruff shampoo,2-3 times per week,Mild-Moderate
722,2C,"Wavy - Thick, deep waves, frizz-prone",High Porosity,Dry Scalp,Hair Breakage,"Excess heat styling, chemical treatments, over-brushing, or protein/moisture imbalance","Short broken strands, rough texture, visible split hairs","Reduce heat styling, use a protein-moisture balanced deep conditioner, trim damaged ends. Porosity-specific tip: Use rich creams, butters, and oils to seal the cuticle; do a protein treatment periodically since high porosity hair loses moisture quickly.",Protein treatment + deep conditioning mask,Weekly,Moderate
723,2C,"Wavy - Thick, deep waves, frizz-prone",High Porosity,Dry Scalp,Split Ends,"Mechanical damage, lack of trimming, friction from towels/pillowcases","Frayed, forked hair tips that look dry and dull","Regular trims every 8-10 weeks and use leave-in conditioner or hair oil to seal ends. Porosity-specific tip: Use rich creams, butters, and oils to seal the cuticle; do a protein treatment periodically since high porosity hair loses moisture quickly.",Leave-in conditioner + regular trims,"Bi-weekly application, trims every 2 months",Mild
724,2C,"Wavy - Thick, deep waves, frizz-prone",High Porosity,Dry Scalp,Frizz,"Humidity, lack of moisture, raised hair cuticle, or over-washing","Flyaway strands, rough and unmanageable texture","Use anti-frizz serum, microfiber towel drying, and leave-in cream with humectants like glycerin. Porosity-specific tip: Use rich creams, butters, and oils to seal the cuticle; do a protein treatment periodically since high porosity hair loses moisture quickly.",Anti-frizz serum/cream,Daily as needed,Mild
725,2C,"Wavy - Thick, deep waves, frizz-prone",High Porosity,Dry Scalp,Hair Thinning,"Genetics, stress, nutritional deficiency, hormonal imbalance, or postpartum changes","Reduced hair density, visible scalp, thinner ponytail","Use minoxidil-based topical treatment, biotin/iron supplementation (consult a doctor), and gentle scalp massage. Porosity-specific tip: Use rich creams, butters, and oils to seal the cuticle; do a protein treatment periodically since high porosity hair loses moisture quickly.",Minoxidil topical + supplements,Daily application,Moderate-Severe
726,2C,"Wavy - Thick, deep waves, frizz-prone",High Porosity,Dry Scalp,Itchy/Irritated Scalp,"Allergic reaction to products, dry skin, dandruff, or scalp psoriasis/eczema","Persistent itching, redness, occasional burning sensation","Switch to fragrance-free, sulfate-free shampoo; use a soothing scalp serum with aloe vera or tea tree oil. Porosity-specific tip: Use rich creams, butters, and oils to seal the cuticle; do a protein treatment periodically since high porosity hair loses moisture quickly.",Soothing scalp serum,"Daily until resolved, then 2x/week",Mild-Moderate
727,2C,"Wavy - Thick, deep waves, frizz-prone",High Porosity,Dry Scalp,Product Buildup,"Accumulation of styling products, hard water minerals, or infrequent clarifying washes","Dull, weighed-down hair, reduced curl definition, waxy scalp feel","Use a clarifying or chelating shampoo once every 1-2 weeks to remove residue. Porosity-specific tip: Use rich creams, butters, and oils to seal the cuticle; do a protein treatment periodically since high porosity hair loses moisture quickly.",Clarifying/chelating shampoo,Every 1-2 weeks,Mild
728,2C,"Wavy - Thick, deep waves, frizz-prone",High Porosity,Normal Scalp,Dandruff,"Malassezia fungus overgrowth, dry skin, or sensitivity to hair products","White/yellow flakes on scalp and shoulders, mild itching","Use an anti-dandruff shampoo containing zinc pyrithione, ketoconazole, or selenium sulfide; avoid over-washing. Porosity-specific tip: Use rich creams, butters, and oils to seal the cuticle; do a protein treatment periodically since high porosity hair loses moisture quickly.",Medicated anti-dandruff shampoo,2-3 times per week,Mild-Moderate
729,2C,"Wavy - Thick, deep waves, frizz-prone",High Porosity,Normal Scalp,Dry Scalp,"Low sebum production, cold/dry weather, harsh shampoos, or dehydration","Tight, flaky, itchy scalp without excess oil","Apply a hydrating scalp oil (jojoba, argan) and switch to a sulfate-free moisturizing shampoo. Porosity-specific tip: Use rich creams, butters, and oils to seal the cuticle; do a protein treatment periodically since high porosity hair loses moisture quickly.",Scalp oil massage + hydrating shampoo,2 times per week,Mild
730,2C,"Wavy - Thick, deep waves, frizz-prone",High Porosity,Normal Scalp,Oily Scalp,"Overactive sebaceous glands, hormonal changes, or infrequent washing","Greasy roots, flat-looking hair, scalp odor","Use a clarifying shampoo with tea tree oil or salicylic acid; avoid heavy conditioners near the roots. Porosity-specific tip: Use rich creams, butters, and oils to seal the cuticle; do a protein treatment periodically since high porosity hair loses moisture quickly.",Clarifying shampoo,Every 2-3 days,Mild-Moderate
731,2C,"Wavy - Thick, deep waves, frizz-prone",High Porosity,Normal Scalp,Hair Breakage,"Excess heat styling, chemical treatments, over-brushing, or protein/moisture imbalance","Short broken strands, rough texture, visible split hairs","Reduce heat styling, use a protein-moisture balanced deep conditioner, trim damaged ends. Porosity-specific tip: Use rich creams, butters, and oils to seal the cuticle; do a protein treatment periodically since high porosity hair loses moisture quickly.",Protein treatment + deep conditioning mask,Weekly,Moderate
732,2C,"Wavy - Thick, deep waves, frizz-prone",High Porosity,Normal Scalp,Split Ends,"Mechanical damage, lack of trimming, friction from towels/pillowcases","Frayed, forked hair tips that look dry and dull","Regular trims every 8-10 weeks and use leave-in conditioner or hair oil to seal ends. Porosity-specific tip: Use rich creams, butters, and oils to seal the cuticle; do a protein treatment periodically since high porosity hair loses moisture quickly.",Leave-in conditioner + regular trims,"Bi-weekly application, trims every 2 months",Mild
733,2C,"Wavy - Thick, deep waves, frizz-prone",High Porosity,Normal Scalp,Frizz,"Humidity, lack of moisture, raised hair cuticle, or over-washing","Flyaway strands, rough and unmanageable texture","Use anti-frizz serum, microfiber towel drying, and leave-in cream with humectants like glycerin. Porosity-specific tip: Use rich creams, butters, and oils to seal the cuticle; do a protein treatment periodically since high porosity hair loses moisture quickly.",Anti-frizz serum/cream,Daily as needed,Mild
734,2C,"Wavy - Thick, deep waves, frizz-prone",High Porosity,Normal Scalp,Hair Thinning,"Genetics, stress, nutritional deficiency, hormonal imbalance, or postpartum changes","Reduced hair density, visible scalp, thinner ponytail","Use minoxidil-based topical treatment, biotin/iron supplementation (consult a doctor), and gentle scalp massage. Porosity-specific tip: Use rich creams, butters, and oils to seal the cuticle; do a protein treatment periodically since high porosity hair loses moisture quickly.",Minoxidil topical + supplements,Daily application,Moderate-Severe
735,2C,"Wavy - Thick, deep waves, frizz-prone",High Porosity,Normal Scalp,Itchy/Irritated Scalp,"Allergic reaction to products, dry skin, dandruff, or scalp psoriasis/eczema","Persistent itching, redness, occasional burning sensation","Switch to fragrance-free, sulfate-free shampoo; use a soothing scalp serum with aloe vera or tea tree oil. Porosity-specific tip: Use rich creams, butters, and oils to seal the cuticle; do a protein treatment periodically since high porosity hair loses moisture quickly.",Soothing scalp serum,"Daily until resolved, then 2x/week",Mild-Moderate
736,2C,"Wavy - Thick, deep waves, frizz-prone",High Porosity,Combination Scalp,Dandruff,"Malassezia fungus overgrowth, dry skin, or sensitivity to hair products","White/yellow flakes on scalp and shoulders, mild itching","Use an anti-dandruff shampoo containing zinc pyrithione, ketoconazole, or selenium sulfide; avoid over-washing. Porosity-specific tip: Use rich creams, butters, and oils to seal the cuticle; do a protein treatment periodically since high porosity hair loses moisture quickly.",Medicated anti-dandruff shampoo,2-3 times per week,Mild-Moderate
737,2C,"Wavy - Thick, deep waves, frizz-prone",High Porosity,Combination Scalp,Dry Scalp,"Low sebum production, cold/dry weather, harsh shampoos, or dehydration","Tight, flaky, itchy scalp without excess oil","Apply a hydrating scalp oil (jojoba, argan) and switch to a sulfate-free moisturizing shampoo. Porosity-specific tip: Use rich creams, butters, and oils to seal the cuticle; do a protein treatment periodically since high porosity hair loses moisture quickly.",Scalp oil massage + hydrating shampoo,2 times per week,Mild
738,2C,"Wavy - Thick, deep waves, frizz-prone",High Porosity,Combination Scalp,Oily Scalp,"Overactive sebaceous glands, hormonal changes, or infrequent washing","Greasy roots, flat-looking hair, scalp odor","Use a clarifying shampoo with tea tree oil or salicylic acid; avoid heavy conditioners near the roots. Porosity-specific tip: Use rich creams, butters, and oils to seal the cuticle; do a protein treatment periodically since high porosity hair loses moisture quickly.",Clarifying shampoo,Every 2-3 days,Mild-Moderate
739,2C,"Wavy - Thick, deep waves, frizz-prone",High Porosity,Combination Scalp,Hair Breakage,"Excess heat styling, chemical treatments, over-brushing, or protein/moisture imbalance","Short broken strands, rough texture, visible split hairs","Reduce heat styling, use a protein-moisture balanced deep conditioner, trim damaged ends. Porosity-specific tip: Use rich creams, butters, and oils to seal the cuticle; do a protein treatment periodically since high porosity hair loses moisture quickly.",Protein treatment + deep conditioning mask,Weekly,Moderate
740,2C,"Wavy - Thick, deep waves, frizz-prone",High Porosity,Combination Scalp,Split Ends,"Mechanical damage, lack of trimming, friction from towels/pillowcases","Frayed, forked hair tips that look dry and dull","Regular trims every 8-10 weeks and use leave-in conditioner or hair oil to seal ends. Porosity-specific tip: Use rich creams, butters, and oils to seal the cuticle; do a protein treatment periodically since high porosity hair loses moisture quickly.",Leave-in conditioner + regular trims,"Bi-weekly application, trims every 2 months",Mild
741,2C,"Wavy - Thick, deep waves, frizz-prone",High Porosity,Combination Scalp,Frizz,"Humidity, lack of moisture, raised hair cuticle, or over-washing","Flyaway strands, rough and unmanageable texture","Use anti-frizz serum, microfiber towel drying, and leave-in cream with humectants like glycerin. Porosity-specific tip: Use rich creams, butters, and oils to seal the cuticle; do a protein treatment periodically since high porosity hair loses moisture quickly.",Anti-frizz serum/cream,Daily as needed,Mild
742,2C,"Wavy - Thick, deep waves, frizz-prone",High Porosity,Combination Scalp,Hair Thinning,"Genetics, stress, nutritional deficiency, hormonal imbalance, or postpartum changes","Reduced hair density, visible scalp, thinner ponytail","Use minoxidil-based topical treatment, biotin/iron supplementation (consult a doctor), and gentle scalp massage. Porosity-specific tip: Use rich creams, butters, and oils to seal the cuticle; do a protein treatment periodically since high porosity hair loses moisture quickly.",Minoxidil topical + supplements,Daily application,Moderate-Severe
743,2C,"Wavy - Thick, deep waves, frizz-prone",High Porosity,Combination Scalp,Itchy/Irritated Scalp,"Allergic reaction to products, dry skin, dandruff, or scalp psoriasis/eczema","Persistent itching, redness, occasional burning sensation","Switch to fragrance-free, sulfate-free shampoo; use a soothing scalp serum with aloe vera or tea tree oil. Porosity-specific tip: Use rich creams, butters, and oils to seal the cuticle; do a protein treatment periodically since high porosity hair loses moisture quickly.",Soothing scalp serum,"Daily until resolved, then 2x/week",Mild-Moderate
744,2C,"Wavy - Thick, deep waves, frizz-prone",High Porosity,Combination Scalp,Product Buildup,"Accumulation of styling products, hard water minerals, or infrequent clarifying washes","Dull, weighed-down hair, reduced curl definition, waxy scalp feel","Use a clarifying or chelating shampoo once every 1-2 weeks to remove residue. Porosity-specific tip: Use rich creams, butters, and oils to seal the cuticle; do a protein treatment periodically since high porosity hair loses moisture quickly.",Clarifying/chelating shampoo,Every 1-2 weeks,Mild
745,2C,"Wavy - Thick, deep waves, frizz-prone",High Porosity,Sensitive Scalp,Dandruff,"Malassezia fungus overgrowth, dry skin, or sensitivity to hair products","White/yellow flakes on scalp and shoulders, mild itching","Use an anti-dandruff shampoo containing zinc pyrithione, ketoconazole, or selenium sulfide; avoid over-washing. Porosity-specific tip: Use rich creams, butters, and oils to seal the cuticle; do a protein treatment periodically since high porosity hair loses moisture quickly.",Medicated anti-dandruff shampoo,2-3 times per week,Mild-Moderate
746,2C,"Wavy - Thick, deep waves, frizz-prone",High Porosity,Sensitive Scalp,Dry Scalp,"Low sebum production, cold/dry weather, harsh shampoos, or dehydration","Tight, flaky, itchy scalp without excess oil","Apply a hydrating scalp oil (jojoba, argan) and switch to a sulfate-free moisturizing shampoo. Porosity-specific tip: Use rich creams, butters, and oils to seal the cuticle; do a protein treatment periodically since high porosity hair loses moisture quickly.",Scalp oil massage + hydrating shampoo,2 times per week,Mild
747,2C,"Wavy - Thick, deep waves, frizz-prone",High Porosity,Sensitive Scalp,Oily Scalp,"Overactive sebaceous glands, hormonal changes, or infrequent washing","Greasy roots, flat-looking hair, scalp odor","Use a clarifying shampoo with tea tree oil or salicylic acid; avoid heavy conditioners near the roots. Porosity-specific tip: Use rich creams, butters, and oils to seal the cuticle; do a protein treatment periodically since high porosity hair loses moisture quickly.",Clarifying shampoo,Every 2-3 days,Mild-Moderate
748,2C,"Wavy - Thick, deep waves, frizz-prone",High Porosity,Sensitive Scalp,Hair Breakage,"Excess heat styling, chemical treatments, over-brushing, or protein/moisture imbalance","Short broken strands, rough texture, visible split hairs","Reduce heat styling, use a protein-moisture balanced deep conditioner, trim damaged ends. Porosity-specific tip: Use rich creams, butters, and oils to seal the cuticle; do a protein treatment periodically since high porosity hair loses moisture quickly.",Protein treatment + deep conditioning mask,Weekly,Moderate
749,2C,"Wavy - Thick, deep waves, frizz-prone",High Porosity,Sensitive Scalp,Frizz,"Humidity, lack of moisture, raised hair cuticle, or over-washing","Flyaway strands, rough and unmanageable texture","Use anti-frizz serum, microfiber towel drying, and leave-in cream with humectants like glycerin. Porosity-specific tip: Use rich creams, butters, and oils to seal the cuticle; do a protein treatment periodically since high porosity hair loses moisture quickly.",Anti-frizz serum/cream,Daily as needed,Mild
750,2C,"Wavy - Thick, deep waves, frizz-prone",High Porosity,Sensitive Scalp,Hair Thinning,"Genetics, stress, nutritional deficiency, hormonal imbalance, or postpartum changes","Reduced hair density, visible scalp, thinner ponytail","Use minoxidil-based topical treatment, biotin/iron supplementation (consult a doctor), and gentle scalp massage. Porosity-specific tip: Use rich creams, butters, and oils to seal the cuticle; do a protein treatment periodically since high porosity hair loses moisture quickly.",Minoxidil topical + supplements,Daily application,Moderate-Severe
751,2C,"Wavy - Thick, deep waves, frizz-prone",High Porosity,Sensitive Scalp,Itchy/Irritated Scalp,"Allergic reaction to products, dry skin, dandruff, or scalp psoriasis/eczema","Persistent itching, redness, occasional burning sensation","Switch to fragrance-free, sulfate-free shampoo; use a soothing scalp serum with aloe vera or tea tree oil. Porosity-specific tip: Use rich creams, butters, and oils to seal the cuticle; do a protein treatment periodically since high porosity hair loses moisture quickly.",Soothing scalp serum,"Daily until resolved, then 2x/week",Mild-Moderate
752,2C,"Wavy - Thick, deep waves, frizz-prone",High Porosity,Sensitive Scalp,Product Buildup,"Accumulation of styling products, hard water minerals, or infrequent clarifying washes","Dull, weighed-down hair, reduced curl definition, waxy scalp feel","Use a clarifying or chelating shampoo once every 1-2 weeks to remove residue. Porosity-specific tip: Use rich creams, butters, and oils to seal the cuticle; do a protein treatment periodically since high porosity hair loses moisture quickly.",Clarifying/chelating shampoo,Every 1-2 weeks,Mild
753,3A,"Curly - Loose, springy curls",Low Porosity,Oily Scalp,Dandruff,"Malassezia fungus overgrowth, dry skin, or sensitivity to hair products","White/yellow flakes on scalp and shoulders, mild itching","Use an anti-dandruff shampoo containing zinc pyrithione, ketoconazole, or selenium sulfide; avoid over-washing. Porosity-specific tip: Use lightweight, water-based products applied to damp hair; avoid heavy butters/oils that sit on the cuticle; consider heat (steam) to help product absorption.",Medicated anti-dandruff shampoo,2-3 times per week,Mild-Moderate
754,3A,"Curly - Loose, springy curls",Low Porosity,Oily Scalp,Dry Scalp,"Low sebum production, cold/dry weather, harsh shampoos, or dehydration","Tight, flaky, itchy scalp without excess oil","Apply a hydrating scalp oil (jojoba, argan) and switch to a sulfate-free moisturizing shampoo. Porosity-specific tip: Use lightweight, water-based products applied to damp hair; avoid heavy butters/oils that sit on the cuticle; consider heat (steam) to help product absorption.",Scalp oil massage + hydrating shampoo,2 times per week,Mild
755,3A,"Curly - Loose, springy curls",Low Porosity,Oily Scalp,Oily Scalp,"Overactive sebaceous glands, hormonal changes, or infrequent washing","Greasy roots, flat-looking hair, scalp odor","Use a clarifying shampoo with tea tree oil or salicylic acid; avoid heavy conditioners near the roots. Porosity-specific tip: Use lightweight, water-based products applied to damp hair; avoid heavy butters/oils that sit on the cuticle; consider heat (steam) to help product absorption.",Clarifying shampoo,Every 2-3 days,Mild-Moderate
756,3A,"Curly - Loose, springy curls",Low Porosity,Oily Scalp,Hair Breakage,"Excess heat styling, chemical treatments, over-brushing, or protein/moisture imbalance","Short broken strands, rough texture, visible split hairs","Reduce heat styling, use a protein-moisture balanced deep conditioner, trim damaged ends. Porosity-specific tip: Use lightweight, water-based products applied to damp hair; avoid heavy butters/oils that sit on the cuticle; consider heat (steam) to help product absorption.",Protein treatment + deep conditioning mask,Weekly,Moderate
757,3A,"Curly - Loose, springy curls",Low Porosity,Oily Scalp,Split Ends,"Mechanical damage, lack of trimming, friction from towels/pillowcases","Frayed, forked hair tips that look dry and dull","Regular trims every 8-10 weeks and use leave-in conditioner or hair oil to seal ends. Porosity-specific tip: Use lightweight, water-based products applied to damp hair; avoid heavy butters/oils that sit on the cuticle; consider heat (steam) to help product absorption.",Leave-in conditioner + regular trims,"Bi-weekly application, trims every 2 months",Mild
758,3A,"Curly - Loose, springy curls",Low Porosity,Oily Scalp,Hair Thinning,"Genetics, stress, nutritional deficiency, hormonal imbalance, or postpartum changes","Reduced hair density, visible scalp, thinner ponytail","Use minoxidil-based topical treatment, biotin/iron supplementation (consult a doctor), and gentle scalp massage. Porosity-specific tip: Use lightweight, water-based products applied to damp hair; avoid heavy butters/oils that sit on the cuticle; consider heat (steam) to help product absorption.",Minoxidil topical + supplements,Daily application,Moderate-Severe
759,3A,"Curly - Loose, springy curls",Low Porosity,Oily Scalp,Itchy/Irritated Scalp,"Allergic reaction to products, dry skin, dandruff, or scalp psoriasis/eczema","Persistent itching, redness, occasional burning sensation","Switch to fragrance-free, sulfate-free shampoo; use a soothing scalp serum with aloe vera or tea tree oil. Porosity-specific tip: Use lightweight, water-based products applied to damp hair; avoid heavy butters/oils that sit on the cuticle; consider heat (steam) to help product absorption.",Soothing scalp serum,"Daily until resolved, then 2x/week",Mild-Moderate
760,3A,"Curly - Loose, springy curls",Low Porosity,Oily Scalp,Product Buildup,"Accumulation of styling products, hard water minerals, or infrequent clarifying washes","Dull, weighed-down hair, reduced curl definition, waxy scalp feel","Use a clarifying or chelating shampoo once every 1-2 weeks to remove residue. Porosity-specific tip: Use lightweight, water-based products applied to damp hair; avoid heavy butters/oils that sit on the cuticle; consider heat (steam) to help product absorption.",Clarifying/chelating shampoo,Every 1-2 weeks,Mild
761,3A,"Curly - Loose, springy curls",Low Porosity,Dry Scalp,Dandruff,"Malassezia fungus overgrowth, dry skin, or sensitivity to hair products","White/yellow flakes on scalp and shoulders, mild itching","Use an anti-dandruff shampoo containing zinc pyrithione, ketoconazole, or selenium sulfide; avoid over-washing. Porosity-specific tip: Use lightweight, water-based products applied to damp hair; avoid heavy butters/oils that sit on the cuticle; consider heat (steam) to help product absorption.",Medicated anti-dandruff shampoo,2-3 times per week,Mild-Moderate
762,3A,"Curly - Loose, springy curls",Low Porosity,Dry Scalp,Dry Scalp,"Low sebum production, cold/dry weather, harsh shampoos, or dehydration","Tight, flaky, itchy scalp without excess oil","Apply a hydrating scalp oil (jojoba, argan) and switch to a sulfate-free moisturizing shampoo. Porosity-specific tip: Use lightweight, water-based products applied to damp hair; avoid heavy butters/oils that sit on the cuticle; consider heat (steam) to help product absorption.",Scalp oil massage + hydrating shampoo,2 times per week,Mild
763,3A,"Curly - Loose, springy curls",Low Porosity,Dry Scalp,Oily Scalp,"Overactive sebaceous glands, hormonal changes, or infrequent washing","Greasy roots, flat-looking hair, scalp odor","Use a clarifying shampoo with tea tree oil or salicylic acid; avoid heavy conditioners near the roots. Porosity-specific tip: Use lightweight, water-based products applied to damp hair; avoid heavy butters/oils that sit on the cuticle; consider heat (steam) to help product absorption.",Clarifying shampoo,Every 2-3 days,Mild-Moderate
764,3A,"Curly - Loose, springy curls",Low Porosity,Dry Scalp,Hair Breakage,"Excess heat styling, chemical treatments, over-brushing, or protein/moisture imbalance","Short broken strands, rough texture, visible split hairs","Reduce heat styling, use a protein-moisture balanced deep conditioner, trim damaged ends. Porosity-specific tip: Use lightweight, water-based products applied to damp hair; avoid heavy butters/oils that sit on the cuticle; consider heat (steam) to help product absorption.",Protein treatment + deep conditioning mask,Weekly,Moderate
765,3A,"Curly - Loose, springy curls",Low Porosity,Dry Scalp,Split Ends,"Mechanical damage, lack of trimming, friction from towels/pillowcases","Frayed, forked hair tips that look dry and dull","Regular trims every 8-10 weeks and use leave-in conditioner or hair oil to seal ends. Porosity-specific tip: Use lightweight, water-based products applied to damp hair; avoid heavy butters/oils that sit on the cuticle; consider heat (steam) to help product absorption.",Leave-in conditioner + regular trims,"Bi-weekly application, trims every 2 months",Mild
766,3A,"Curly - Loose, springy curls",Low Porosity,Dry Scalp,Frizz,"Humidity, lack of moisture, raised hair cuticle, or over-washing","Flyaway strands, rough and unmanageable texture","Use anti-frizz serum, microfiber towel drying, and leave-in cream with humectants like glycerin. Porosity-specific tip: Use lightweight, water-based products applied to damp hair; avoid heavy butters/oils that sit on the cuticle; consider heat (steam) to help product absorption.",Anti-frizz serum/cream,Daily as needed,Mild
767,3A,"Curly - Loose, springy curls",Low Porosity,Dry Scalp,Hair Thinning,"Genetics, stress, nutritional deficiency, hormonal imbalance, or postpartum changes","Reduced hair density, visible scalp, thinner ponytail","Use minoxidil-based topical treatment, biotin/iron supplementation (consult a doctor), and gentle scalp massage. Porosity-specific tip: Use lightweight, water-based products applied to damp hair; avoid heavy butters/oils that sit on the cuticle; consider heat (steam) to help product absorption.",Minoxidil topical + supplements,Daily application,Moderate-Severe
768,3A,"Curly - Loose, springy curls",Low Porosity,Dry Scalp,Itchy/Irritated Scalp,"Allergic reaction to products, dry skin, dandruff, or scalp psoriasis/eczema","Persistent itching, redness, occasional burning sensation","Switch to fragrance-free, sulfate-free shampoo; use a soothing scalp serum with aloe vera or tea tree oil. Porosity-specific tip: Use lightweight, water-based products applied to damp hair; avoid heavy butters/oils that sit on the cuticle; consider heat (steam) to help product absorption.",Soothing scalp serum,"Daily until resolved, then 2x/week",Mild-Moderate
769,3A,"Curly - Loose, springy curls",Low Porosity,Dry Scalp,Product Buildup,"Accumulation of styling products, hard water minerals, or infrequent clarifying washes","Dull, weighed-down hair, reduced curl definition, waxy scalp feel","Use a clarifying or chelating shampoo once every 1-2 weeks to remove residue. Porosity-specific tip: Use lightweight, water-based products applied to damp hair; avoid heavy butters/oils that sit on the cuticle; consider heat (steam) to help product absorption.",Clarifying/chelating shampoo,Every 1-2 weeks,Mild
770,3A,"Curly - Loose, springy curls",Low Porosity,Normal Scalp,Dandruff,"Malassezia fungus overgrowth, dry skin, or sensitivity to hair products","White/yellow flakes on scalp and shoulders, mild itching","Use an anti-dandruff shampoo containing zinc pyrithione, ketoconazole, or selenium sulfide; avoid over-washing. Porosity-specific tip: Use lightweight, water-based products applied to damp hair; avoid heavy butters/oils that sit on the cuticle; consider heat (steam) to help product absorption.",Medicated anti-dandruff shampoo,2-3 times per week,Mild-Moderate
771,3A,"Curly - Loose, springy curls",Low Porosity,Normal Scalp,Dry Scalp,"Low sebum production, cold/dry weather, harsh shampoos, or dehydration","Tight, flaky, itchy scalp without excess oil","Apply a hydrating scalp oil (jojoba, argan) and switch to a sulfate-free moisturizing shampoo. Porosity-specific tip: Use lightweight, water-based products applied to damp hair; avoid heavy butters/oils that sit on the cuticle; consider heat (steam) to help product absorption.",Scalp oil massage + hydrating shampoo,2 times per week,Mild
772,3A,"Curly - Loose, springy curls",Low Porosity,Normal Scalp,Oily Scalp,"Overactive sebaceous glands, hormonal changes, or infrequent washing","Greasy roots, flat-looking hair, scalp odor","Use a clarifying shampoo with tea tree oil or salicylic acid; avoid heavy conditioners near the roots. Porosity-specific tip: Use lightweight, water-based products applied to damp hair; avoid heavy butters/oils that sit on the cuticle; consider heat (steam) to help product absorption.",Clarifying shampoo,Every 2-3 days,Mild-Moderate
773,3A,"Curly - Loose, springy curls",Low Porosity,Normal Scalp,Split Ends,"Mechanical damage, lack of trimming, friction from towels/pillowcases","Frayed, forked hair tips that look dry and dull","Regular trims every 8-10 weeks and use leave-in conditioner or hair oil to seal ends. Porosity-specific tip: Use lightweight, water-based products applied to damp hair; avoid heavy butters/oils that sit on the cuticle; consider heat (steam) to help product absorption.",Leave-in conditioner + regular trims,"Bi-weekly application, trims every 2 months",Mild
774,3A,"Curly - Loose, springy curls",Low Porosity,Normal Scalp,Frizz,"Humidity, lack of moisture, raised hair cuticle, or over-washing","Flyaway strands, rough and unmanageable texture","Use anti-frizz serum, microfiber towel drying, and leave-in cream with humectants like glycerin. Porosity-specific tip: Use lightweight, water-based products applied to damp hair; avoid heavy butters/oils that sit on the cuticle; consider heat (steam) to help product absorption.",Anti-frizz serum/cream,Daily as needed,Mild
775,3A,"Curly - Loose, springy curls",Low Porosity,Normal Scalp,Hair Thinning,"Genetics, stress, nutritional deficiency, hormonal imbalance, or postpartum changes","Reduced hair density, visible scalp, thinner ponytail","Use minoxidil-based topical treatment, biotin/iron supplementation (consult a doctor), and gentle scalp massage. Porosity-specific tip: Use lightweight, water-based products applied to damp hair; avoid heavy butters/oils that sit on the cuticle; consider heat (steam) to help product absorption.",Minoxidil topical + supplements,Daily application,Moderate-Severe
776,3A,"Curly - Loose, springy curls",Low Porosity,Normal Scalp,Itchy/Irritated Scalp,"Allergic reaction to products, dry skin, dandruff, or scalp psoriasis/eczema","Persistent itching, redness, occasional burning sensation","Switch to fragrance-free, sulfate-free shampoo; use a soothing scalp serum with aloe vera or tea tree oil. Porosity-specific tip: Use lightweight, water-based products applied to damp hair; avoid heavy butters/oils that sit on the cuticle; consider heat (steam) to help product absorption.",Soothing scalp serum,"Daily until resolved, then 2x/week",Mild-Moderate
777,3A,"Curly - Loose, springy curls",Low Porosity,Normal Scalp,Product Buildup,"Accumulation of styling products, hard water minerals, or infrequent clarifying washes","Dull, weighed-down hair, reduced curl definition, waxy scalp feel","Use a clarifying or chelating shampoo once every 1-2 weeks to remove residue. Porosity-specific tip: Use lightweight, water-based products applied to damp hair; avoid heavy butters/oils that sit on the cuticle; consider heat (steam) to help product absorption.",Clarifying/chelating shampoo,Every 1-2 weeks,Mild
778,3A,"Curly - Loose, springy curls",Low Porosity,Combination Scalp,Dandruff,"Malassezia fungus overgrowth, dry skin, or sensitivity to hair products","White/yellow flakes on scalp and shoulders, mild itching","Use an anti-dandruff shampoo containing zinc pyrithione, ketoconazole, or selenium sulfide; avoid over-washing. Porosity-specific tip: Use lightweight, water-based products applied to damp hair; avoid heavy butters/oils that sit on the cuticle; consider heat (steam) to help product absorption.",Medicated anti-dandruff shampoo,2-3 times per week,Mild-Moderate
779,3A,"Curly - Loose, springy curls",Low Porosity,Combination Scalp,Dry Scalp,"Low sebum production, cold/dry weather, harsh shampoos, or dehydration","Tight, flaky, itchy scalp without excess oil","Apply a hydrating scalp oil (jojoba, argan) and switch to a sulfate-free moisturizing shampoo. Porosity-specific tip: Use lightweight, water-based products applied to damp hair; avoid heavy butters/oils that sit on the cuticle; consider heat (steam) to help product absorption.",Scalp oil massage + hydrating shampoo,2 times per week,Mild
780,3A,"Curly - Loose, springy curls",Low Porosity,Combination Scalp,Oily Scalp,"Overactive sebaceous glands, hormonal changes, or infrequent washing","Greasy roots, flat-looking hair, scalp odor","Use a clarifying shampoo with tea tree oil or salicylic acid; avoid heavy conditioners near the roots. Porosity-specific tip: Use lightweight, water-based products applied to damp hair; avoid heavy butters/oils that sit on the cuticle; consider heat (steam) to help product absorption.",Clarifying shampoo,Every 2-3 days,Mild-Moderate
781,3A,"Curly - Loose, springy curls",Low Porosity,Combination Scalp,Split Ends,"Mechanical damage, lack of trimming, friction from towels/pillowcases","Frayed, forked hair tips that look dry and dull","Regular trims every 8-10 weeks and use leave-in conditioner or hair oil to seal ends. Porosity-specific tip: Use lightweight, water-based products applied to damp hair; avoid heavy butters/oils that sit on the cuticle; consider heat (steam) to help product absorption.",Leave-in conditioner + regular trims,"Bi-weekly application, trims every 2 months",Mild
782,3A,"Curly - Loose, springy curls",Low Porosity,Combination Scalp,Frizz,"Humidity, lack of moisture, raised hair cuticle, or over-washing","Flyaway strands, rough and unmanageable texture","Use anti-frizz serum, microfiber towel drying, and leave-in cream with humectants like glycerin. Porosity-specific tip: Use lightweight, water-based products applied to damp hair; avoid heavy butters/oils that sit on the cuticle; consider heat (steam) to help product absorption.",Anti-frizz serum/cream,Daily as needed,Mild
783,3A,"Curly - Loose, springy curls",Low Porosity,Combination Scalp,Hair Thinning,"Genetics, stress, nutritional deficiency, hormonal imbalance, or postpartum changes","Reduced hair density, visible scalp, thinner ponytail","Use minoxidil-based topical treatment, biotin/iron supplementation (consult a doctor), and gentle scalp massage. Porosity-specific tip: Use lightweight, water-based products applied to damp hair; avoid heavy butters/oils that sit on the cuticle; consider heat (steam) to help product absorption.",Minoxidil topical + supplements,Daily application,Moderate-Severe
784,3A,"Curly - Loose, springy curls",Low Porosity,Combination Scalp,Itchy/Irritated Scalp,"Allergic reaction to products, dry skin, dandruff, or scalp psoriasis/eczema","Persistent itching, redness, occasional burning sensation","Switch to fragrance-free, sulfate-free shampoo; use a soothing scalp serum with aloe vera or tea tree oil. Porosity-specific tip: Use lightweight, water-based products applied to damp hair; avoid heavy butters/oils that sit on the cuticle; consider heat (steam) to help product absorption.",Soothing scalp serum,"Daily until resolved, then 2x/week",Mild-Moderate
785,3A,"Curly - Loose, springy curls",Low Porosity,Combination Scalp,Product Buildup,"Accumulation of styling products, hard water minerals, or infrequent clarifying washes","Dull, weighed-down hair, reduced curl definition, waxy scalp feel","Use a clarifying or chelating shampoo once every 1-2 weeks to remove residue. Porosity-specific tip: Use lightweight, water-based products applied to damp hair; avoid heavy butters/oils that sit on the cuticle; consider heat (steam) to help product absorption.",Clarifying/chelating shampoo,Every 1-2 weeks,Mild
786,3A,"Curly - Loose, springy curls",Low Porosity,Sensitive Scalp,Dandruff,"Malassezia fungus overgrowth, dry skin, or sensitivity to hair products","White/yellow flakes on scalp and shoulders, mild itching","Use an anti-dandruff shampoo containing zinc pyrithione, ketoconazole, or selenium sulfide; avoid over-washing. Porosity-specific tip: Use lightweight, water-based products applied to damp hair; avoid heavy butters/oils that sit on the cuticle; consider heat (steam) to help product absorption.",Medicated anti-dandruff shampoo,2-3 times per week,Mild-Moderate
787,3A,"Curly - Loose, springy curls",Low Porosity,Sensitive Scalp,Dry Scalp,"Low sebum production, cold/dry weather, harsh shampoos, or dehydration","Tight, flaky, itchy scalp without excess oil","Apply a hydrating scalp oil (jojoba, argan) and switch to a sulfate-free moisturizing shampoo. Porosity-specific tip: Use lightweight, water-based products applied to damp hair; avoid heavy butters/oils that sit on the cuticle; consider heat (steam) to help product absorption.",Scalp oil massage + hydrating shampoo,2 times per week,Mild
788,3A,"Curly - Loose, springy curls",Low Porosity,Sensitive Scalp,Oily Scalp,"Overactive sebaceous glands, hormonal changes, or infrequent washing","Greasy roots, flat-looking hair, scalp odor","Use a clarifying shampoo with tea tree oil or salicylic acid; avoid heavy conditioners near the roots. Porosity-specific tip: Use lightweight, water-based products applied to damp hair; avoid heavy butters/oils that sit on the cuticle; consider heat (steam) to help product absorption.",Clarifying shampoo,Every 2-3 days,Mild-Moderate
789,3A,"Curly - Loose, springy curls",Low Porosity,Sensitive Scalp,Hair Breakage,"Excess heat styling, chemical treatments, over-brushing, or protein/moisture imbalance","Short broken strands, rough texture, visible split hairs","Reduce heat styling, use a protein-moisture balanced deep conditioner, trim damaged ends. Porosity-specific tip: Use lightweight, water-based products applied to damp hair; avoid heavy butters/oils that sit on the cuticle; consider heat (steam) to help product absorption.",Protein treatment + deep conditioning mask,Weekly,Moderate
790,3A,"Curly - Loose, springy curls",Low Porosity,Sensitive Scalp,Split Ends,"Mechanical damage, lack of trimming, friction from towels/pillowcases","Frayed, forked hair tips that look dry and dull","Regular trims every 8-10 weeks and use leave-in conditioner or hair oil to seal ends. Porosity-specific tip: Use lightweight, water-based products applied to damp hair; avoid heavy butters/oils that sit on the cuticle; consider heat (steam) to help product absorption.",Leave-in conditioner + regular trims,"Bi-weekly application, trims every 2 months",Mild
791,3A,"Curly - Loose, springy curls",Low Porosity,Sensitive Scalp,Frizz,"Humidity, lack of moisture, raised hair cuticle, or over-washing","Flyaway strands, rough and unmanageable texture","Use anti-frizz serum, microfiber towel drying, and leave-in cream with humectants like glycerin. Porosity-specific tip: Use lightweight, water-based products applied to damp hair; avoid heavy butters/oils that sit on the cuticle; consider heat (steam) to help product absorption.",Anti-frizz serum/cream,Daily as needed,Mild
792,3A,"Curly - Loose, springy curls",Low Porosity,Sensitive Scalp,Hair Thinning,"Genetics, stress, nutritional deficiency, hormonal imbalance, or postpartum changes","Reduced hair density, visible scalp, thinner ponytail","Use minoxidil-based topical treatment, biotin/iron supplementation (consult a doctor), and gentle scalp massage. Porosity-specific tip: Use lightweight, water-based products applied to damp hair; avoid heavy butters/oils that sit on the cuticle; consider heat (steam) to help product absorption.",Minoxidil topical + supplements,Daily application,Moderate-Severe
793,3A,"Curly - Loose, springy curls",Low Porosity,Sensitive Scalp,Itchy/Irritated Scalp,"Allergic reaction to products, dry skin, dandruff, or scalp psoriasis/eczema","Persistent itching, redness, occasional burning sensation","Switch to fragrance-free, sulfate-free shampoo; use a soothing scalp serum with aloe vera or tea tree oil. Porosity-specific tip: Use lightweight, water-based products applied to damp hair; avoid heavy butters/oils that sit on the cuticle; consider heat (steam) to help product absorption.",Soothing scalp serum,"Daily until resolved, then 2x/week",Mild-Moderate
794,3A,"Curly - Loose, springy curls",Low Porosity,Sensitive Scalp,Product Buildup,"Accumulation of styling products, hard water minerals, or infrequent clarifying washes","Dull, weighed-down hair, reduced curl definition, waxy scalp feel","Use a clarifying or chelating shampoo once every 1-2 weeks to remove residue. Porosity-specific tip: Use lightweight, water-based products applied to damp hair; avoid heavy butters/oils that sit on the cuticle; consider heat (steam) to help product absorption.",Clarifying/chelating shampoo,Every 1-2 weeks,Mild
795,3A,"Curly - Loose, springy curls",Medium Porosity,Oily Scalp,Dandruff,"Malassezia fungus overgrowth, dry skin, or sensitivity to hair products","White/yellow flakes on scalp and shoulders, mild itching","Use an anti-dandruff shampoo containing zinc pyrithione, ketoconazole, or selenium sulfide; avoid over-washing. Porosity-specific tip: Balanced routine works well; maintain regular deep conditioning every 1-2 weeks to preserve moisture-protein balance.",Medicated anti-dandruff shampoo,2-3 times per week,Mild-Moderate
796,3A,"Curly - Loose, springy curls",Medium Porosity,Oily Scalp,Oily Scalp,"Overactive sebaceous glands, hormonal changes, or infrequent washing","Greasy roots, flat-looking hair, scalp odor",Use a clarifying shampoo with tea tree oil or salicylic acid; avoid heavy conditioners near the roots. Porosity-specific tip: Balanced routine works well; maintain regular deep conditioning every 1-2 weeks to preserve moisture-protein balance.,Clarifying shampoo,Every 2-3 days,Mild-Moderate
797,3A,"Curly - Loose, springy curls",Medium Porosity,Oily Scalp,Hair Breakage,"Excess heat styling, chemical treatments, over-brushing, or protein/moisture imbalance","Short broken strands, rough texture, visible split hairs","Reduce heat styling, use a protein-moisture balanced deep conditioner, trim damaged ends. Porosity-specific tip: Balanced routine works well; maintain regular deep conditioning every 1-2 weeks to preserve moisture-protein balance.",Protein treatment + deep conditioning mask,Weekly,Moderate
798,3A,"Curly - Loose, springy curls",Medium Porosity,Oily Scalp,Split Ends,"Mechanical damage, lack of trimming, friction from towels/pillowcases","Frayed, forked hair tips that look dry and dull",Regular trims every 8-10 weeks and use leave-in conditioner or hair oil to seal ends. Porosity-specific tip: Balanced routine works well; maintain regular deep conditioning every 1-2 weeks to preserve moisture-protein balance.,Leave-in conditioner + regular trims,"Bi-weekly application, trims every 2 months",Mild
799,3A,"Curly - Loose, springy curls",Medium Porosity,Oily Scalp,Hair Thinning,"Genetics, stress, nutritional deficiency, hormonal imbalance, or postpartum changes","Reduced hair density, visible scalp, thinner ponytail","Use minoxidil-based topical treatment, biotin/iron supplementation (consult a doctor), and gentle scalp massage. Porosity-specific tip: Balanced routine works well; maintain regular deep conditioning every 1-2 weeks to preserve moisture-protein balance.",Minoxidil topical + supplements,Daily application,Moderate-Severe
800,3A,"Curly - Loose, springy curls",Medium Porosity,Oily Scalp,Itchy/Irritated Scalp,"Allergic reaction to products, dry skin, dandruff, or scalp psoriasis/eczema","Persistent itching, redness, occasional burning sensation","Switch to fragrance-free, sulfate-free shampoo; use a soothing scalp serum with aloe vera or tea tree oil. Porosity-specific tip: Balanced routine works well; maintain regular deep conditioning every 1-2 weeks to preserve moisture-protein balance.",Soothing scalp serum,"Daily until resolved, then 2x/week",Mild-Moderate
801,3A,"Curly - Loose, springy curls",Medium Porosity,Oily Scalp,Product Buildup,"Accumulation of styling products, hard water minerals, or infrequent clarifying washes","Dull, weighed-down hair, reduced curl definition, waxy scalp feel",Use a clarifying or chelating shampoo once every 1-2 weeks to remove residue. Porosity-specific tip: Balanced routine works well; maintain regular deep conditioning every 1-2 weeks to preserve moisture-protein balance.,Clarifying/chelating shampoo,Every 1-2 weeks,Mild
802,3A,"Curly - Loose, springy curls",Medium Porosity,Dry Scalp,Dandruff,"Malassezia fungus overgrowth, dry skin, or sensitivity to hair products","White/yellow flakes on scalp and shoulders, mild itching","Use an anti-dandruff shampoo containing zinc pyrithione, ketoconazole, or selenium sulfide; avoid over-washing. Porosity-specific tip: Balanced routine works well; maintain regular deep conditioning every 1-2 weeks to preserve moisture-protein balance.",Medicated anti-dandruff shampoo,2-3 times per week,Mild-Moderate
803,3A,"Curly - Loose, springy curls",Medium Porosity,Dry Scalp,Dry Scalp,"Low sebum production, cold/dry weather, harsh shampoos, or dehydration","Tight, flaky, itchy scalp without excess oil","Apply a hydrating scalp oil (jojoba, argan) and switch to a sulfate-free moisturizing shampoo. Porosity-specific tip: Balanced routine works well; maintain regular deep conditioning every 1-2 weeks to preserve moisture-protein balance.",Scalp oil massage + hydrating shampoo,2 times per week,Mild
804,3A,"Curly - Loose, springy curls",Medium Porosity,Dry Scalp,Oily Scalp,"Overactive sebaceous glands, hormonal changes, or infrequent washing","Greasy roots, flat-looking hair, scalp odor",Use a clarifying shampoo with tea tree oil or salicylic acid; avoid heavy conditioners near the roots. Porosity-specific tip: Balanced routine works well; maintain regular deep conditioning every 1-2 weeks to preserve moisture-protein balance.,Clarifying shampoo,Every 2-3 days,Mild-Moderate
805,3A,"Curly - Loose, springy curls",Medium Porosity,Dry Scalp,Hair Breakage,"Excess heat styling, chemical treatments, over-brushing, or protein/moisture imbalance","Short broken strands, rough texture, visible split hairs","Reduce heat styling, use a protein-moisture balanced deep conditioner, trim damaged ends. Porosity-specific tip: Balanced routine works well; maintain regular deep conditioning every 1-2 weeks to preserve moisture-protein balance.",Protein treatment + deep conditioning mask,Weekly,Moderate
806,3A,"Curly - Loose, springy curls",Medium Porosity,Dry Scalp,Split Ends,"Mechanical damage, lack of trimming, friction from towels/pillowcases","Frayed, forked hair tips that look dry and dull",Regular trims every 8-10 weeks and use leave-in conditioner or hair oil to seal ends. Porosity-specific tip: Balanced routine works well; maintain regular deep conditioning every 1-2 weeks to preserve moisture-protein balance.,Leave-in conditioner + regular trims,"Bi-weekly application, trims every 2 months",Mild
807,3A,"Curly - Loose, springy curls",Medium Porosity,Dry Scalp,Frizz,"Humidity, lack of moisture, raised hair cuticle, or over-washing","Flyaway strands, rough and unmanageable texture","Use anti-frizz serum, microfiber towel drying, and leave-in cream with humectants like glycerin. Porosity-specific tip: Balanced routine works well; maintain regular deep conditioning every 1-2 weeks to preserve moisture-protein balance.",Anti-frizz serum/cream,Daily as needed,Mild
808,3A,"Curly - Loose, springy curls",Medium Porosity,Dry Scalp,Hair Thinning,"Genetics, stress, nutritional deficiency, hormonal imbalance, or postpartum changes","Reduced hair density, visible scalp, thinner ponytail","Use minoxidil-based topical treatment, biotin/iron supplementation (consult a doctor), and gentle scalp massage. Porosity-specific tip: Balanced routine works well; maintain regular deep conditioning every 1-2 weeks to preserve moisture-protein balance.",Minoxidil topical + supplements,Daily application,Moderate-Severe
809,3A,"Curly - Loose, springy curls",Medium Porosity,Dry Scalp,Product Buildup,"Accumulation of styling products, hard water minerals, or infrequent clarifying washes","Dull, weighed-down hair, reduced curl definition, waxy scalp feel",Use a clarifying or chelating shampoo once every 1-2 weeks to remove residue. Porosity-specific tip: Balanced routine works well; maintain regular deep conditioning every 1-2 weeks to preserve moisture-protein balance.,Clarifying/chelating shampoo,Every 1-2 weeks,Mild
810,3A,"Curly - Loose, springy curls",Medium Porosity,Normal Scalp,Dandruff,"Malassezia fungus overgrowth, dry skin, or sensitivity to hair products","White/yellow flakes on scalp and shoulders, mild itching","Use an anti-dandruff shampoo containing zinc pyrithione, ketoconazole, or selenium sulfide; avoid over-washing. Porosity-specific tip: Balanced routine works well; maintain regular deep conditioning every 1-2 weeks to preserve moisture-protein balance.",Medicated anti-dandruff shampoo,2-3 times per week,Mild-Moderate
811,3A,"Curly - Loose, springy curls",Medium Porosity,Normal Scalp,Dry Scalp,"Low sebum production, cold/dry weather, harsh shampoos, or dehydration","Tight, flaky, itchy scalp without excess oil","Apply a hydrating scalp oil (jojoba, argan) and switch to a sulfate-free moisturizing shampoo. Porosity-specific tip: Balanced routine works well; maintain regular deep conditioning every 1-2 weeks to preserve moisture-protein balance.",Scalp oil massage + hydrating shampoo,2 times per week,Mild
812,3A,"Curly - Loose, springy curls",Medium Porosity,Normal Scalp,Oily Scalp,"Overactive sebaceous glands, hormonal changes, or infrequent washing","Greasy roots, flat-looking hair, scalp odor",Use a clarifying shampoo with tea tree oil or salicylic acid; avoid heavy conditioners near the roots. Porosity-specific tip: Balanced routine works well; maintain regular deep conditioning every 1-2 weeks to preserve moisture-protein balance.,Clarifying shampoo,Every 2-3 days,Mild-Moderate
813,3A,"Curly - Loose, springy curls",Medium Porosity,Normal Scalp,Hair Breakage,"Excess heat styling, chemical treatments, over-brushing, or protein/moisture imbalance","Short broken strands, rough texture, visible split hairs","Reduce heat styling, use a protein-moisture balanced deep conditioner, trim damaged ends. Porosity-specific tip: Balanced routine works well; maintain regular deep conditioning every 1-2 weeks to preserve moisture-protein balance.",Protein treatment + deep conditioning mask,Weekly,Moderate
814,3A,"Curly - Loose, springy curls",Medium Porosity,Normal Scalp,Split Ends,"Mechanical damage, lack of trimming, friction from towels/pillowcases","Frayed, forked hair tips that look dry and dull",Regular trims every 8-10 weeks and use leave-in conditioner or hair oil to seal ends. Porosity-specific tip: Balanced routine works well; maintain regular deep conditioning every 1-2 weeks to preserve moisture-protein balance.,Leave-in conditioner + regular trims,"Bi-weekly application, trims every 2 months",Mild
815,3A,"Curly - Loose, springy curls",Medium Porosity,Normal Scalp,Hair Thinning,"Genetics, stress, nutritional deficiency, hormonal imbalance, or postpartum changes","Reduced hair density, visible scalp, thinner ponytail","Use minoxidil-based topical treatment, biotin/iron supplementation (consult a doctor), and gentle scalp massage. Porosity-specific tip: Balanced routine works well; maintain regular deep conditioning every 1-2 weeks to preserve moisture-protein balance.",Minoxidil topical + supplements,Daily application,Moderate-Severe
816,3A,"Curly - Loose, springy curls",Medium Porosity,Normal Scalp,Itchy/Irritated Scalp,"Allergic reaction to products, dry skin, dandruff, or scalp psoriasis/eczema","Persistent itching, redness, occasional burning sensation","Switch to fragrance-free, sulfate-free shampoo; use a soothing scalp serum with aloe vera or tea tree oil. Porosity-specific tip: Balanced routine works well; maintain regular deep conditioning every 1-2 weeks to preserve moisture-protein balance.",Soothing scalp serum,"Daily until resolved, then 2x/week",Mild-Moderate
817,3A,"Curly - Loose, springy curls",Medium Porosity,Normal Scalp,Product Buildup,"Accumulation of styling products, hard water minerals, or infrequent clarifying washes","Dull, weighed-down hair, reduced curl definition, waxy scalp feel",Use a clarifying or chelating shampoo once every 1-2 weeks to remove residue. Porosity-specific tip: Balanced routine works well; maintain regular deep conditioning every 1-2 weeks to preserve moisture-protein balance.,Clarifying/chelating shampoo,Every 1-2 weeks,Mild
818,3A,"Curly - Loose, springy curls",Medium Porosity,Combination Scalp,Dandruff,"Malassezia fungus overgrowth, dry skin, or sensitivity to hair products","White/yellow flakes on scalp and shoulders, mild itching","Use an anti-dandruff shampoo containing zinc pyrithione, ketoconazole, or selenium sulfide; avoid over-washing. Porosity-specific tip: Balanced routine works well; maintain regular deep conditioning every 1-2 weeks to preserve moisture-protein balance.",Medicated anti-dandruff shampoo,2-3 times per week,Mild-Moderate
819,3A,"Curly - Loose, springy curls",Medium Porosity,Combination Scalp,Dry Scalp,"Low sebum production, cold/dry weather, harsh shampoos, or dehydration","Tight, flaky, itchy scalp without excess oil","Apply a hydrating scalp oil (jojoba, argan) and switch to a sulfate-free moisturizing shampoo. Porosity-specific tip: Balanced routine works well; maintain regular deep conditioning every 1-2 weeks to preserve moisture-protein balance.",Scalp oil massage + hydrating shampoo,2 times per week,Mild
820,3A,"Curly - Loose, springy curls",Medium Porosity,Combination Scalp,Oily Scalp,"Overactive sebaceous glands, hormonal changes, or infrequent washing","Greasy roots, flat-looking hair, scalp odor",Use a clarifying shampoo with tea tree oil or salicylic acid; avoid heavy conditioners near the roots. Porosity-specific tip: Balanced routine works well; maintain regular deep conditioning every 1-2 weeks to preserve moisture-protein balance.,Clarifying shampoo,Every 2-3 days,Mild-Moderate
821,3A,"Curly - Loose, springy curls",Medium Porosity,Combination Scalp,Hair Breakage,"Excess heat styling, chemical treatments, over-brushing, or protein/moisture imbalance","Short broken strands, rough texture, visible split hairs","Reduce heat styling, use a protein-moisture balanced deep conditioner, trim damaged ends. Porosity-specific tip: Balanced routine works well; maintain regular deep conditioning every 1-2 weeks to preserve moisture-protein balance.",Protein treatment + deep conditioning mask,Weekly,Moderate
822,3A,"Curly - Loose, springy curls",Medium Porosity,Combination Scalp,Split Ends,"Mechanical damage, lack of trimming, friction from towels/pillowcases","Frayed, forked hair tips that look dry and dull",Regular trims every 8-10 weeks and use leave-in conditioner or hair oil to seal ends. Porosity-specific tip: Balanced routine works well; maintain regular deep conditioning every 1-2 weeks to preserve moisture-protein balance.,Leave-in conditioner + regular trims,"Bi-weekly application, trims every 2 months",Mild
823,3A,"Curly - Loose, springy curls",Medium Porosity,Combination Scalp,Frizz,"Humidity, lack of moisture, raised hair cuticle, or over-washing","Flyaway strands, rough and unmanageable texture","Use anti-frizz serum, microfiber towel drying, and leave-in cream with humectants like glycerin. Porosity-specific tip: Balanced routine works well; maintain regular deep conditioning every 1-2 weeks to preserve moisture-protein balance.",Anti-frizz serum/cream,Daily as needed,Mild
824,3A,"Curly - Loose, springy curls",Medium Porosity,Combination Scalp,Hair Thinning,"Genetics, stress, nutritional deficiency, hormonal imbalance, or postpartum changes","Reduced hair density, visible scalp, thinner ponytail","Use minoxidil-based topical treatment, biotin/iron supplementation (consult a doctor), and gentle scalp massage. Porosity-specific tip: Balanced routine works well; maintain regular deep conditioning every 1-2 weeks to preserve moisture-protein balance.",Minoxidil topical + supplements,Daily application,Moderate-Severe
825,3A,"Curly - Loose, springy curls",Medium Porosity,Combination Scalp,Itchy/Irritated Scalp,"Allergic reaction to products, dry skin, dandruff, or scalp psoriasis/eczema","Persistent itching, redness, occasional burning sensation","Switch to fragrance-free, sulfate-free shampoo; use a soothing scalp serum with aloe vera or tea tree oil. Porosity-specific tip: Balanced routine works well; maintain regular deep conditioning every 1-2 weeks to preserve moisture-protein balance.",Soothing scalp serum,"Daily until resolved, then 2x/week",Mild-Moderate
826,3A,"Curly - Loose, springy curls",Medium Porosity,Combination Scalp,Product Buildup,"Accumulation of styling products, hard water minerals, or infrequent clarifying washes","Dull, weighed-down hair, reduced curl definition, waxy scalp feel",Use a clarifying or chelating shampoo once every 1-2 weeks to remove residue. Porosity-specific tip: Balanced routine works well; maintain regular deep conditioning every 1-2 weeks to preserve moisture-protein balance.,Clarifying/chelating shampoo,Every 1-2 weeks,Mild
827,3A,"Curly - Loose, springy curls",Medium Porosity,Sensitive Scalp,Dandruff,"Malassezia fungus overgrowth, dry skin, or sensitivity to hair products","White/yellow flakes on scalp and shoulders, mild itching","Use an anti-dandruff shampoo containing zinc pyrithione, ketoconazole, or selenium sulfide; avoid over-washing. Porosity-specific tip: Balanced routine works well; maintain regular deep conditioning every 1-2 weeks to preserve moisture-protein balance.",Medicated anti-dandruff shampoo,2-3 times per week,Mild-Moderate
828,3A,"Curly - Loose, springy curls",Medium Porosity,Sensitive Scalp,Dry Scalp,"Low sebum production, cold/dry weather, harsh shampoos, or dehydration","Tight, flaky, itchy scalp without excess oil","Apply a hydrating scalp oil (jojoba, argan) and switch to a sulfate-free moisturizing shampoo. Porosity-specific tip: Balanced routine works well; maintain regular deep conditioning every 1-2 weeks to preserve moisture-protein balance.",Scalp oil massage + hydrating shampoo,2 times per week,Mild
829,3A,"Curly - Loose, springy curls",Medium Porosity,Sensitive Scalp,Oily Scalp,"Overactive sebaceous glands, hormonal changes, or infrequent washing","Greasy roots, flat-looking hair, scalp odor",Use a clarifying shampoo with tea tree oil or salicylic acid; avoid heavy conditioners near the roots. Porosity-specific tip: Balanced routine works well; maintain regular deep conditioning every 1-2 weeks to preserve moisture-protein balance.,Clarifying shampoo,Every 2-3 days,Mild-Moderate
830,3A,"Curly - Loose, springy curls",Medium Porosity,Sensitive Scalp,Hair Breakage,"Excess heat styling, chemical treatments, over-brushing, or protein/moisture imbalance","Short broken strands, rough texture, visible split hairs","Reduce heat styling, use a protein-moisture balanced deep conditioner, trim damaged ends. Porosity-specific tip: Balanced routine works well; maintain regular deep conditioning every 1-2 weeks to preserve moisture-protein balance.",Protein treatment + deep conditioning mask,Weekly,Moderate
831,3A,"Curly - Loose, springy curls",Medium Porosity,Sensitive Scalp,Split Ends,"Mechanical damage, lack of trimming, friction from towels/pillowcases","Frayed, forked hair tips that look dry and dull",Regular trims every 8-10 weeks and use leave-in conditioner or hair oil to seal ends. Porosity-specific tip: Balanced routine works well; maintain regular deep conditioning every 1-2 weeks to preserve moisture-protein balance.,Leave-in conditioner + regular trims,"Bi-weekly application, trims every 2 months",Mild
832,3A,"Curly - Loose, springy curls",Medium Porosity,Sensitive Scalp,Frizz,"Humidity, lack of moisture, raised hair cuticle, or over-washing","Flyaway strands, rough and unmanageable texture","Use anti-frizz serum, microfiber towel drying, and leave-in cream with humectants like glycerin. Porosity-specific tip: Balanced routine works well; maintain regular deep conditioning every 1-2 weeks to preserve moisture-protein balance.",Anti-frizz serum/cream,Daily as needed,Mild
833,3A,"Curly - Loose, springy curls",Medium Porosity,Sensitive Scalp,Itchy/Irritated Scalp,"Allergic reaction to products, dry skin, dandruff, or scalp psoriasis/eczema","Persistent itching, redness, occasional burning sensation","Switch to fragrance-free, sulfate-free shampoo; use a soothing scalp serum with aloe vera or tea tree oil. Porosity-specific tip: Balanced routine works well; maintain regular deep conditioning every 1-2 weeks to preserve moisture-protein balance.",Soothing scalp serum,"Daily until resolved, then 2x/week",Mild-Moderate
834,3A,"Curly - Loose, springy curls",Medium Porosity,Sensitive Scalp,Product Buildup,"Accumulation of styling products, hard water minerals, or infrequent clarifying washes","Dull, weighed-down hair, reduced curl definition, waxy scalp feel",Use a clarifying or chelating shampoo once every 1-2 weeks to remove residue. Porosity-specific tip: Balanced routine works well; maintain regular deep conditioning every 1-2 weeks to preserve moisture-protein balance.,Clarifying/chelating shampoo,Every 1-2 weeks,Mild
835,3A,"Curly - Loose, springy curls",High Porosity,Oily Scalp,Dandruff,"Malassezia fungus overgrowth, dry skin, or sensitivity to hair products","White/yellow flakes on scalp and shoulders, mild itching","Use an anti-dandruff shampoo containing zinc pyrithione, ketoconazole, or selenium sulfide; avoid over-washing. Porosity-specific tip: Use rich creams, butters, and oils to seal the cuticle; do a protein treatment periodically since high porosity hair loses moisture quickly.",Medicated anti-dandruff shampoo,2-3 times per week,Mild-Moderate
836,3A,"Curly - Loose, springy curls",High Porosity,Oily Scalp,Dry Scalp,"Low sebum production, cold/dry weather, harsh shampoos, or dehydration","Tight, flaky, itchy scalp without excess oil","Apply a hydrating scalp oil (jojoba, argan) and switch to a sulfate-free moisturizing shampoo. Porosity-specific tip: Use rich creams, butters, and oils to seal the cuticle; do a protein treatment periodically since high porosity hair loses moisture quickly.",Scalp oil massage + hydrating shampoo,2 times per week,Mild
837,3A,"Curly - Loose, springy curls",High Porosity,Oily Scalp,Oily Scalp,"Overactive sebaceous glands, hormonal changes, or infrequent washing","Greasy roots, flat-looking hair, scalp odor","Use a clarifying shampoo with tea tree oil or salicylic acid; avoid heavy conditioners near the roots. Porosity-specific tip: Use rich creams, butters, and oils to seal the cuticle; do a protein treatment periodically since high porosity hair loses moisture quickly.",Clarifying shampoo,Every 2-3 days,Mild-Moderate
838,3A,"Curly - Loose, springy curls",High Porosity,Oily Scalp,Hair Breakage,"Excess heat styling, chemical treatments, over-brushing, or protein/moisture imbalance","Short broken strands, rough texture, visible split hairs","Reduce heat styling, use a protein-moisture balanced deep conditioner, trim damaged ends. Porosity-specific tip: Use rich creams, butters, and oils to seal the cuticle; do a protein treatment periodically since high porosity hair loses moisture quickly.",Protein treatment + deep conditioning mask,Weekly,Moderate
839,3A,"Curly - Loose, springy curls",High Porosity,Oily Scalp,Split Ends,"Mechanical damage, lack of trimming, friction from towels/pillowcases","Frayed, forked hair tips that look dry and dull","Regular trims every 8-10 weeks and use leave-in conditioner or hair oil to seal ends. Porosity-specific tip: Use rich creams, butters, and oils to seal the cuticle; do a protein treatment periodically since high porosity hair loses moisture quickly.",Leave-in conditioner + regular trims,"Bi-weekly application, trims every 2 months",Mild
840,3A,"Curly - Loose, springy curls",High Porosity,Oily Scalp,Frizz,"Humidity, lack of moisture, raised hair cuticle, or over-washing","Flyaway strands, rough and unmanageable texture","Use anti-frizz serum, microfiber towel drying, and leave-in cream with humectants like glycerin. Porosity-specific tip: Use rich creams, butters, and oils to seal the cuticle; do a protein treatment periodically since high porosity hair loses moisture quickly.",Anti-frizz serum/cream,Daily as needed,Mild
841,3A,"Curly - Loose, springy curls",High Porosity,Oily Scalp,Hair Thinning,"Genetics, stress, nutritional deficiency, hormonal imbalance, or postpartum changes","Reduced hair density, visible scalp, thinner ponytail","Use minoxidil-based topical treatment, biotin/iron supplementation (consult a doctor), and gentle scalp massage. Porosity-specific tip: Use rich creams, butters, and oils to seal the cuticle; do a protein treatment periodically since high porosity hair loses moisture quickly.",Minoxidil topical + supplements,Daily application,Moderate-Severe
842,3A,"Curly - Loose, springy curls",High Porosity,Oily Scalp,Itchy/Irritated Scalp,"Allergic reaction to products, dry skin, dandruff, or scalp psoriasis/eczema","Persistent itching, redness, occasional burning sensation","Switch to fragrance-free, sulfate-free shampoo; use a soothing scalp serum with aloe vera or tea tree oil. Porosity-specific tip: Use rich creams, butters, and oils to seal the cuticle; do a protein treatment periodically since high porosity hair loses moisture quickly.",Soothing scalp serum,"Daily until resolved, then 2x/week",Mild-Moderate
843,3A,"Curly - Loose, springy curls",High Porosity,Oily Scalp,Product Buildup,"Accumulation of styling products, hard water minerals, or infrequent clarifying washes","Dull, weighed-down hair, reduced curl definition, waxy scalp feel","Use a clarifying or chelating shampoo once every 1-2 weeks to remove residue. Porosity-specific tip: Use rich creams, butters, and oils to seal the cuticle; do a protein treatment periodically since high porosity hair loses moisture quickly.",Clarifying/chelating shampoo,Every 1-2 weeks,Mild
844,3A,"Curly - Loose, springy curls",High Porosity,Dry Scalp,Dandruff,"Malassezia fungus overgrowth, dry skin, or sensitivity to hair products","White/yellow flakes on scalp and shoulders, mild itching","Use an anti-dandruff shampoo containing zinc pyrithione, ketoconazole, or selenium sulfide; avoid over-washing. Porosity-specific tip: Use rich creams, butters, and oils to seal the cuticle; do a protein treatment periodically since high porosity hair loses moisture quickly.",Medicated anti-dandruff shampoo,2-3 times per week,Mild-Moderate
845,3A,"Curly - Loose, springy curls",High Porosity,Dry Scalp,Dry Scalp,"Low sebum production, cold/dry weather, harsh shampoos, or dehydration","Tight, flaky, itchy scalp without excess oil","Apply a hydrating scalp oil (jojoba, argan) and switch to a sulfate-free moisturizing shampoo. Porosity-specific tip: Use rich creams, butters, and oils to seal the cuticle; do a protein treatment periodically since high porosity hair loses moisture quickly.",Scalp oil massage + hydrating shampoo,2 times per week,Mild
846,3A,"Curly - Loose, springy curls",High Porosity,Dry Scalp,Oily Scalp,"Overactive sebaceous glands, hormonal changes, or infrequent washing","Greasy roots, flat-looking hair, scalp odor","Use a clarifying shampoo with tea tree oil or salicylic acid; avoid heavy conditioners near the roots. Porosity-specific tip: Use rich creams, butters, and oils to seal the cuticle; do a protein treatment periodically since high porosity hair loses moisture quickly.",Clarifying shampoo,Every 2-3 days,Mild-Moderate
847,3A,"Curly - Loose, springy curls",High Porosity,Dry Scalp,Hair Breakage,"Excess heat styling, chemical treatments, over-brushing, or protein/moisture imbalance","Short broken strands, rough texture, visible split hairs","Reduce heat styling, use a protein-moisture balanced deep conditioner, trim damaged ends. Porosity-specific tip: Use rich creams, butters, and oils to seal the cuticle; do a protein treatment periodically since high porosity hair loses moisture quickly.",Protein treatment + deep conditioning mask,Weekly,Moderate
848,3A,"Curly - Loose, springy curls",High Porosity,Dry Scalp,Split Ends,"Mechanical damage, lack of trimming, friction from towels/pillowcases","Frayed, forked hair tips that look dry and dull","Regular trims every 8-10 weeks and use leave-in conditioner or hair oil to seal ends. Porosity-specific tip: Use rich creams, butters, and oils to seal the cuticle; do a protein treatment periodically since high porosity hair loses moisture quickly.",Leave-in conditioner + regular trims,"Bi-weekly application, trims every 2 months",Mild
849,3A,"Curly - Loose, springy curls",High Porosity,Dry Scalp,Frizz,"Humidity, lack of moisture, raised hair cuticle, or over-washing","Flyaway strands, rough and unmanageable texture","Use anti-frizz serum, microfiber towel drying, and leave-in cream with humectants like glycerin. Porosity-specific tip: Use rich creams, butters, and oils to seal the cuticle; do a protein treatment periodically since high porosity hair loses moisture quickly.",Anti-frizz serum/cream,Daily as needed,Mild
850,3A,"Curly - Loose, springy curls",High Porosity,Dry Scalp,Hair Thinning,"Genetics, stress, nutritional deficiency, hormonal imbalance, or postpartum changes","Reduced hair density, visible scalp, thinner ponytail","Use minoxidil-based topical treatment, biotin/iron supplementation (consult a doctor), and gentle scalp massage. Porosity-specific tip: Use rich creams, butters, and oils to seal the cuticle; do a protein treatment periodically since high porosity hair loses moisture quickly.",Minoxidil topical + supplements,Daily application,Moderate-Severe
851,3A,"Curly - Loose, springy curls",High Porosity,Dry Scalp,Itchy/Irritated Scalp,"Allergic reaction to products, dry skin, dandruff, or scalp psoriasis/eczema","Persistent itching, redness, occasional burning sensation","Switch to fragrance-free, sulfate-free shampoo; use a soothing scalp serum with aloe vera or tea tree oil. Porosity-specific tip: Use rich creams, butters, and oils to seal the cuticle; do a protein treatment periodically since high porosity hair loses moisture quickly.",Soothing scalp serum,"Daily until resolved, then 2x/week",Mild-Moderate
852,3A,"Curly - Loose, springy curls",High Porosity,Dry Scalp,Product Buildup,"Accumulation of styling products, hard water minerals, or infrequent clarifying washes","Dull, weighed-down hair, reduced curl definition, waxy scalp feel","Use a clarifying or chelating shampoo once every 1-2 weeks to remove residue. Porosity-specific tip: Use rich creams, butters, and oils to seal the cuticle; do a protein treatment periodically since high porosity hair loses moisture quickly.",Clarifying/chelating shampoo,Every 1-2 weeks,Mild
853,3A,"Curly - Loose, springy curls",High Porosity,Normal Scalp,Dandruff,"Malassezia fungus overgrowth, dry skin, or sensitivity to hair products","White/yellow flakes on scalp and shoulders, mild itching","Use an anti-dandruff shampoo containing zinc pyrithione, ketoconazole, or selenium sulfide; avoid over-washing. Porosity-specific tip: Use rich creams, butters, and oils to seal the cuticle; do a protein treatment periodically since high porosity hair loses moisture quickly.",Medicated anti-dandruff shampoo,2-3 times per week,Mild-Moderate
854,3A,"Curly - Loose, springy curls",High Porosity,Normal Scalp,Dry Scalp,"Low sebum production, cold/dry weather, harsh shampoos, or dehydration","Tight, flaky, itchy scalp without excess oil","Apply a hydrating scalp oil (jojoba, argan) and switch to a sulfate-free moisturizing shampoo. Porosity-specific tip: Use rich creams, butters, and oils to seal the cuticle; do a protein treatment periodically since high porosity hair loses moisture quickly.",Scalp oil massage + hydrating shampoo,2 times per week,Mild
855,3A,"Curly - Loose, springy curls",High Porosity,Normal Scalp,Oily Scalp,"Overactive sebaceous glands, hormonal changes, or infrequent washing","Greasy roots, flat-looking hair, scalp odor","Use a clarifying shampoo with tea tree oil or salicylic acid; avoid heavy conditioners near the roots. Porosity-specific tip: Use rich creams, butters, and oils to seal the cuticle; do a protein treatment periodically since high porosity hair loses moisture quickly.",Clarifying shampoo,Every 2-3 days,Mild-Moderate
856,3A,"Curly - Loose, springy curls",High Porosity,Normal Scalp,Hair Breakage,"Excess heat styling, chemical treatments, over-brushing, or protein/moisture imbalance","Short broken strands, rough texture, visible split hairs","Reduce heat styling, use a protein-moisture balanced deep conditioner, trim damaged ends. Porosity-specific tip: Use rich creams, butters, and oils to seal the cuticle; do a protein treatment periodically since high porosity hair loses moisture quickly.",Protein treatment + deep conditioning mask,Weekly,Moderate
857,3A,"Curly - Loose, springy curls",High Porosity,Normal Scalp,Split Ends,"Mechanical damage, lack of trimming, friction from towels/pillowcases","Frayed, forked hair tips that look dry and dull","Regular trims every 8-10 weeks and use leave-in conditioner or hair oil to seal ends. Porosity-specific tip: Use rich creams, butters, and oils to seal the cuticle; do a protein treatment periodically since high porosity hair loses moisture quickly.",Leave-in conditioner + regular trims,"Bi-weekly application, trims every 2 months",Mild
858,3A,"Curly - Loose, springy curls",High Porosity,Normal Scalp,Frizz,"Humidity, lack of moisture, raised hair cuticle, or over-washing","Flyaway strands, rough and unmanageable texture","Use anti-frizz serum, microfiber towel drying, and leave-in cream with humectants like glycerin. Porosity-specific tip: Use rich creams, butters, and oils to seal the cuticle; do a protein treatment periodically since high porosity hair loses moisture quickly.",Anti-frizz serum/cream,Daily as needed,Mild
859,3A,"Curly - Loose, springy curls",High Porosity,Normal Scalp,Hair Thinning,"Genetics, stress, nutritional deficiency, hormonal imbalance, or postpartum changes","Reduced hair density, visible scalp, thinner ponytail","Use minoxidil-based topical treatment, biotin/iron supplementation (consult a doctor), and gentle scalp massage. Porosity-specific tip: Use rich creams, butters, and oils to seal the cuticle; do a protein treatment periodically since high porosity hair loses moisture quickly.",Minoxidil topical + supplements,Daily application,Moderate-Severe
860,3A,"Curly - Loose, springy curls",High Porosity,Normal Scalp,Itchy/Irritated Scalp,"Allergic reaction to products, dry skin, dandruff, or scalp psoriasis/eczema","Persistent itching, redness, occasional burning sensation","Switch to fragrance-free, sulfate-free shampoo; use a soothing scalp serum with aloe vera or tea tree oil. Porosity-specific tip: Use rich creams, butters, and oils to seal the cuticle; do a protein treatment periodically since high porosity hair loses moisture quickly.",Soothing scalp serum,"Daily until resolved, then 2x/week",Mild-Moderate
861,3A,"Curly - Loose, springy curls",High Porosity,Normal Scalp,Product Buildup,"Accumulation of styling products, hard water minerals, or infrequent clarifying washes","Dull, weighed-down hair, reduced curl definition, waxy scalp feel","Use a clarifying or chelating shampoo once every 1-2 weeks to remove residue. Porosity-specific tip: Use rich creams, butters, and oils to seal the cuticle; do a protein treatment periodically since high porosity hair loses moisture quickly.",Clarifying/chelating shampoo,Every 1-2 weeks,Mild
862,3A,"Curly - Loose, springy curls",High Porosity,Combination Scalp,Dandruff,"Malassezia fungus overgrowth, dry skin, or sensitivity to hair products","White/yellow flakes on scalp and shoulders, mild itching","Use an anti-dandruff shampoo containing zinc pyrithione, ketoconazole, or selenium sulfide; avoid over-washing. Porosity-specific tip: Use rich creams, butters, and oils to seal the cuticle; do a protein treatment periodically since high porosity hair loses moisture quickly.",Medicated anti-dandruff shampoo,2-3 times per week,Mild-Moderate
863,3A,"Curly - Loose, springy curls",High Porosity,Combination Scalp,Dry Scalp,"Low sebum production, cold/dry weather, harsh shampoos, or dehydration","Tight, flaky, itchy scalp without excess oil","Apply a hydrating scalp oil (jojoba, argan) and switch to a sulfate-free moisturizing shampoo. Porosity-specific tip: Use rich creams, butters, and oils to seal the cuticle; do a protein treatment periodically since high porosity hair loses moisture quickly.",Scalp oil massage + hydrating shampoo,2 times per week,Mild
864,3A,"Curly - Loose, springy curls",High Porosity,Combination Scalp,Oily Scalp,"Overactive sebaceous glands, hormonal changes, or infrequent washing","Greasy roots, flat-looking hair, scalp odor","Use a clarifying shampoo with tea tree oil or salicylic acid; avoid heavy conditioners near the roots. Porosity-specific tip: Use rich creams, butters, and oils to seal the cuticle; do a protein treatment periodically since high porosity hair loses moisture quickly.",Clarifying shampoo,Every 2-3 days,Mild-Moderate
865,3A,"Curly - Loose, springy curls",High Porosity,Combination Scalp,Hair Breakage,"Excess heat styling, chemical treatments, over-brushing, or protein/moisture imbalance","Short broken strands, rough texture, visible split hairs","Reduce heat styling, use a protein-moisture balanced deep conditioner, trim damaged ends. Porosity-specific tip: Use rich creams, butters, and oils to seal the cuticle; do a protein treatment periodically since high porosity hair loses moisture quickly.",Protein treatment + deep conditioning mask,Weekly,Moderate
866,3A,"Curly - Loose, springy curls",High Porosity,Combination Scalp,Split Ends,"Mechanical damage, lack of trimming, friction from towels/pillowcases","Frayed, forked hair tips that look dry and dull","Regular trims every 8-10 weeks and use leave-in conditioner or hair oil to seal ends. Porosity-specific tip: Use rich creams, butters, and oils to seal the cuticle; do a protein treatment periodically since high porosity hair loses moisture quickly.",Leave-in conditioner + regular trims,"Bi-weekly application, trims every 2 months",Mild
867,3A,"Curly - Loose, springy curls",High Porosity,Combination Scalp,Frizz,"Humidity, lack of moisture, raised hair cuticle, or over-washing","Flyaway strands, rough and unmanageable texture","Use anti-frizz serum, microfiber towel drying, and leave-in cream with humectants like glycerin. Porosity-specific tip: Use rich creams, butters, and oils to seal the cuticle; do a protein treatment periodically since high porosity hair loses moisture quickly.",Anti-frizz serum/cream,Daily as needed,Mild
868,3A,"Curly - Loose, springy curls",High Porosity,Combination Scalp,Hair Thinning,"Genetics, stress, nutritional deficiency, hormonal imbalance, or postpartum changes","Reduced hair density, visible scalp, thinner ponytail","Use minoxidil-based topical treatment, biotin/iron supplementation (consult a doctor), and gentle scalp massage. Porosity-specific tip: Use rich creams, butters, and oils to seal the cuticle; do a protein treatment periodically since high porosity hair loses moisture quickly.",Minoxidil topical + supplements,Daily application,Moderate-Severe
869,3A,"Curly - Loose, springy curls",High Porosity,Combination Scalp,Itchy/Irritated Scalp,"Allergic reaction to products, dry skin, dandruff, or scalp psoriasis/eczema","Persistent itching, redness, occasional burning sensation","Switch to fragrance-free, sulfate-free shampoo; use a soothing scalp serum with aloe vera or tea tree oil. Porosity-specific tip: Use rich creams, butters, and oils to seal the cuticle; do a protein treatment periodically since high porosity hair loses moisture quickly.",Soothing scalp serum,"Daily until resolved, then 2x/week",Mild-Moderate
870,3A,"Curly - Loose, springy curls",High Porosity,Combination Scalp,Product Buildup,"Accumulation of styling products, hard water minerals, or infrequent clarifying washes","Dull, weighed-down hair, reduced curl definition, waxy scalp feel","Use a clarifying or chelating shampoo once every 1-2 weeks to remove residue. Porosity-specific tip: Use rich creams, butters, and oils to seal the cuticle; do a protein treatment periodically since high porosity hair loses moisture quickly.",Clarifying/chelating shampoo,Every 1-2 weeks,Mild
871,3A,"Curly - Loose, springy curls",High Porosity,Sensitive Scalp,Dandruff,"Malassezia fungus overgrowth, dry skin, or sensitivity to hair products","White/yellow flakes on scalp and shoulders, mild itching","Use an anti-dandruff shampoo containing zinc pyrithione, ketoconazole, or selenium sulfide; avoid over-washing. Porosity-specific tip: Use rich creams, butters, and oils to seal the cuticle; do a protein treatment periodically since high porosity hair loses moisture quickly.",Medicated anti-dandruff shampoo,2-3 times per week,Mild-Moderate
872,3A,"Curly - Loose, springy curls",High Porosity,Sensitive Scalp,Dry Scalp,"Low sebum production, cold/dry weather, harsh shampoos, or dehydration","Tight, flaky, itchy scalp without excess oil","Apply a hydrating scalp oil (jojoba, argan) and switch to a sulfate-free moisturizing shampoo. Porosity-specific tip: Use rich creams, butters, and oils to seal the cuticle; do a protein treatment periodically since high porosity hair loses moisture quickly.",Scalp oil massage + hydrating shampoo,2 times per week,Mild
873,3A,"Curly - Loose, springy curls",High Porosity,Sensitive Scalp,Oily Scalp,"Overactive sebaceous glands, hormonal changes, or infrequent washing","Greasy roots, flat-looking hair, scalp odor","Use a clarifying shampoo with tea tree oil or salicylic acid; avoid heavy conditioners near the roots. Porosity-specific tip: Use rich creams, butters, and oils to seal the cuticle; do a protein treatment periodically since high porosity hair loses moisture quickly.",Clarifying shampoo,Every 2-3 days,Mild-Moderate
874,3A,"Curly - Loose, springy curls",High Porosity,Sensitive Scalp,Hair Breakage,"Excess heat styling, chemical treatments, over-brushing, or protein/moisture imbalance","Short broken strands, rough texture, visible split hairs","Reduce heat styling, use a protein-moisture balanced deep conditioner, trim damaged ends. Porosity-specific tip: Use rich creams, butters, and oils to seal the cuticle; do a protein treatment periodically since high porosity hair loses moisture quickly.",Protein treatment + deep conditioning mask,Weekly,Moderate
875,3A,"Curly - Loose, springy curls",High Porosity,Sensitive Scalp,Split Ends,"Mechanical damage, lack of trimming, friction from towels/pillowcases","Frayed, forked hair tips that look dry and dull","Regular trims every 8-10 weeks and use leave-in conditioner or hair oil to seal ends. Porosity-specific tip: Use rich creams, butters, and oils to seal the cuticle; do a protein treatment periodically since high porosity hair loses moisture quickly.",Leave-in conditioner + regular trims,"Bi-weekly application, trims every 2 months",Mild
876,3A,"Curly - Loose, springy curls",High Porosity,Sensitive Scalp,Frizz,"Humidity, lack of moisture, raised hair cuticle, or over-washing","Flyaway strands, rough and unmanageable texture","Use anti-frizz serum, microfiber towel drying, and leave-in cream with humectants like glycerin. Porosity-specific tip: Use rich creams, butters, and oils to seal the cuticle; do a protein treatment periodically since high porosity hair loses moisture quickly.",Anti-frizz serum/cream,Daily as needed,Mild
877,3A,"Curly - Loose, springy curls",High Porosity,Sensitive Scalp,Hair Thinning,"Genetics, stress, nutritional deficiency, hormonal imbalance, or postpartum changes","Reduced hair density, visible scalp, thinner ponytail","Use minoxidil-based topical treatment, biotin/iron supplementation (consult a doctor), and gentle scalp massage. Porosity-specific tip: Use rich creams, butters, and oils to seal the cuticle; do a protein treatment periodically since high porosity hair loses moisture quickly.",Minoxidil topical + supplements,Daily application,Moderate-Severe
878,3A,"Curly - Loose, springy curls",High Porosity,Sensitive Scalp,Itchy/Irritated Scalp,"Allergic reaction to products, dry skin, dandruff, or scalp psoriasis/eczema","Persistent itching, redness, occasional burning sensation","Switch to fragrance-free, sulfate-free shampoo; use a soothing scalp serum with aloe vera or tea tree oil. Porosity-specific tip: Use rich creams, butters, and oils to seal the cuticle; do a protein treatment periodically since high porosity hair loses moisture quickly.",Soothing scalp serum,"Daily until resolved, then 2x/week",Mild-Moderate
879,3A,"Curly - Loose, springy curls",High Porosity,Sensitive Scalp,Product Buildup,"Accumulation of styling products, hard water minerals, or infrequent clarifying washes","Dull, weighed-down hair, reduced curl definition, waxy scalp feel","Use a clarifying or chelating shampoo once every 1-2 weeks to remove residue. Porosity-specific tip: Use rich creams, butters, and oils to seal the cuticle; do a protein treatment periodically since high porosity hair loses moisture quickly.",Clarifying/chelating shampoo,Every 1-2 weeks,Mild
880,3B,"Curly - Bouncy, tight ringlets",Low Porosity,Oily Scalp,Dandruff,"Malassezia fungus overgrowth, dry skin, or sensitivity to hair products","White/yellow flakes on scalp and shoulders, mild itching","Use an anti-dandruff shampoo containing zinc pyrithione, ketoconazole, or selenium sulfide; avoid over-washing. Porosity-specific tip: Use lightweight, water-based products applied to damp hair; avoid heavy butters/oils that sit on the cuticle; consider heat (steam) to help product absorption.",Medicated anti-dandruff shampoo,2-3 times per week,Mild-Moderate
881,3B,"Curly - Bouncy, tight ringlets",Low Porosity,Oily Scalp,Dry Scalp,"Low sebum production, cold/dry weather, harsh shampoos, or dehydration","Tight, flaky, itchy scalp without excess oil","Apply a hydrating scalp oil (jojoba, argan) and switch to a sulfate-free moisturizing shampoo. Porosity-specific tip: Use lightweight, water-based products applied to damp hair; avoid heavy butters/oils that sit on the cuticle; consider heat (steam) to help product absorption.",Scalp oil massage + hydrating shampoo,2 times per week,Mild
882,3B,"Curly - Bouncy, tight ringlets",Low Porosity,Oily Scalp,Oily Scalp,"Overactive sebaceous glands, hormonal changes, or infrequent washing","Greasy roots, flat-looking hair, scalp odor","Use a clarifying shampoo with tea tree oil or salicylic acid; avoid heavy conditioners near the roots. Porosity-specific tip: Use lightweight, water-based products applied to damp hair; avoid heavy butters/oils that sit on the cuticle; consider heat (steam) to help product absorption.",Clarifying shampoo,Every 2-3 days,Mild-Moderate
883,3B,"Curly - Bouncy, tight ringlets",Low Porosity,Oily Scalp,Hair Breakage,"Excess heat styling, chemical treatments, over-brushing, or protein/moisture imbalance","Short broken strands, rough texture, visible split hairs","Reduce heat styling, use a protein-moisture balanced deep conditioner, trim damaged ends. Porosity-specific tip: Use lightweight, water-based products applied to damp hair; avoid heavy butters/oils that sit on the cuticle; consider heat (steam) to help product absorption.",Protein treatment + deep conditioning mask,Weekly,Moderate
884,3B,"Curly - Bouncy, tight ringlets",Low Porosity,Oily Scalp,Split Ends,"Mechanical damage, lack of trimming, friction from towels/pillowcases","Frayed, forked hair tips that look dry and dull","Regular trims every 8-10 weeks and use leave-in conditioner or hair oil to seal ends. Porosity-specific tip: Use lightweight, water-based products applied to damp hair; avoid heavy butters/oils that sit on the cuticle; consider heat (steam) to help product absorption.",Leave-in conditioner + regular trims,"Bi-weekly application, trims every 2 months",Mild
885,3B,"Curly - Bouncy, tight ringlets",Low Porosity,Oily Scalp,Frizz,"Humidity, lack of moisture, raised hair cuticle, or over-washing","Flyaway strands, rough and unmanageable texture","Use anti-frizz serum, microfiber towel drying, and leave-in cream with humectants like glycerin. Porosity-specific tip: Use lightweight, water-based products applied to damp hair; avoid heavy butters/oils that sit on the cuticle; consider heat (steam) to help product absorption.",Anti-frizz serum/cream,Daily as needed,Mild
886,3B,"Curly - Bouncy, tight ringlets",Low Porosity,Oily Scalp,Hair Thinning,"Genetics, stress, nutritional deficiency, hormonal imbalance, or postpartum changes","Reduced hair density, visible scalp, thinner ponytail","Use minoxidil-based topical treatment, biotin/iron supplementation (consult a doctor), and gentle scalp massage. Porosity-specific tip: Use lightweight, water-based products applied to damp hair; avoid heavy butters/oils that sit on the cuticle; consider heat (steam) to help product absorption.",Minoxidil topical + supplements,Daily application,Moderate-Severe
887,3B,"Curly - Bouncy, tight ringlets",Low Porosity,Oily Scalp,Itchy/Irritated Scalp,"Allergic reaction to products, dry skin, dandruff, or scalp psoriasis/eczema","Persistent itching, redness, occasional burning sensation","Switch to fragrance-free, sulfate-free shampoo; use a soothing scalp serum with aloe vera or tea tree oil. Porosity-specific tip: Use lightweight, water-based products applied to damp hair; avoid heavy butters/oils that sit on the cuticle; consider heat (steam) to help product absorption.",Soothing scalp serum,"Daily until resolved, then 2x/week",Mild-Moderate
888,3B,"Curly - Bouncy, tight ringlets",Low Porosity,Oily Scalp,Product Buildup,"Accumulation of styling products, hard water minerals, or infrequent clarifying washes","Dull, weighed-down hair, reduced curl definition, waxy scalp feel","Use a clarifying or chelating shampoo once every 1-2 weeks to remove residue. Porosity-specific tip: Use lightweight, water-based products applied to damp hair; avoid heavy butters/oils that sit on the cuticle; consider heat (steam) to help product absorption.",Clarifying/chelating shampoo,Every 1-2 weeks,Mild
889,3B,"Curly - Bouncy, tight ringlets",Low Porosity,Dry Scalp,Dandruff,"Malassezia fungus overgrowth, dry skin, or sensitivity to hair products","White/yellow flakes on scalp and shoulders, mild itching","Use an anti-dandruff shampoo containing zinc pyrithione, ketoconazole, or selenium sulfide; avoid over-washing. Porosity-specific tip: Use lightweight, water-based products applied to damp hair; avoid heavy butters/oils that sit on the cuticle; consider heat (steam) to help product absorption.",Medicated anti-dandruff shampoo,2-3 times per week,Mild-Moderate
890,3B,"Curly - Bouncy, tight ringlets",Low Porosity,Dry Scalp,Oily Scalp,"Overactive sebaceous glands, hormonal changes, or infrequent washing","Greasy roots, flat-looking hair, scalp odor","Use a clarifying shampoo with tea tree oil or salicylic acid; avoid heavy conditioners near the roots. Porosity-specific tip: Use lightweight, water-based products applied to damp hair; avoid heavy butters/oils that sit on the cuticle; consider heat (steam) to help product absorption.",Clarifying shampoo,Every 2-3 days,Mild-Moderate
891,3B,"Curly - Bouncy, tight ringlets",Low Porosity,Dry Scalp,Split Ends,"Mechanical damage, lack of trimming, friction from towels/pillowcases","Frayed, forked hair tips that look dry and dull","Regular trims every 8-10 weeks and use leave-in conditioner or hair oil to seal ends. Porosity-specific tip: Use lightweight, water-based products applied to damp hair; avoid heavy butters/oils that sit on the cuticle; consider heat (steam) to help product absorption.",Leave-in conditioner + regular trims,"Bi-weekly application, trims every 2 months",Mild
892,3B,"Curly - Bouncy, tight ringlets",Low Porosity,Dry Scalp,Frizz,"Humidity, lack of moisture, raised hair cuticle, or over-washing","Flyaway strands, rough and unmanageable texture","Use anti-frizz serum, microfiber towel drying, and leave-in cream with humectants like glycerin. Porosity-specific tip: Use lightweight, water-based products applied to damp hair; avoid heavy butters/oils that sit on the cuticle; consider heat (steam) to help product absorption.",Anti-frizz serum/cream,Daily as needed,Mild
893,3B,"Curly - Bouncy, tight ringlets",Low Porosity,Dry Scalp,Hair Thinning,"Genetics, stress, nutritional deficiency, hormonal imbalance, or postpartum changes","Reduced hair density, visible scalp, thinner ponytail","Use minoxidil-based topical treatment, biotin/iron supplementation (consult a doctor), and gentle scalp massage. Porosity-specific tip: Use lightweight, water-based products applied to damp hair; avoid heavy butters/oils that sit on the cuticle; consider heat (steam) to help product absorption.",Minoxidil topical + supplements,Daily application,Moderate-Severe
894,3B,"Curly - Bouncy, tight ringlets",Low Porosity,Dry Scalp,Itchy/Irritated Scalp,"Allergic reaction to products, dry skin, dandruff, or scalp psoriasis/eczema","Persistent itching, redness, occasional burning sensation","Switch to fragrance-free, sulfate-free shampoo; use a soothing scalp serum with aloe vera or tea tree oil. Porosity-specific tip: Use lightweight, water-based products applied to damp hair; avoid heavy butters/oils that sit on the cuticle; consider heat (steam) to help product absorption.",Soothing scalp serum,"Daily until resolved, then 2x/week",Mild-Moderate
895,3B,"Curly - Bouncy, tight ringlets",Low Porosity,Dry Scalp,Product Buildup,"Accumulation of styling products, hard water minerals, or infrequent clarifying washes","Dull, weighed-down hair, reduced curl definition, waxy scalp feel","Use a clarifying or chelating shampoo once every 1-2 weeks to remove residue. Porosity-specific tip: Use lightweight, water-based products applied to damp hair; avoid heavy butters/oils that sit on the cuticle; consider heat (steam) to help product absorption.",Clarifying/chelating shampoo,Every 1-2 weeks,Mild
896,3B,"Curly - Bouncy, tight ringlets",Low Porosity,Normal Scalp,Dandruff,"Malassezia fungus overgrowth, dry skin, or sensitivity to hair products","White/yellow flakes on scalp and shoulders, mild itching","Use an anti-dandruff shampoo containing zinc pyrithione, ketoconazole, or selenium sulfide; avoid over-washing. Porosity-specific tip: Use lightweight, water-based products applied to damp hair; avoid heavy butters/oils that sit on the cuticle; consider heat (steam) to help product absorption.",Medicated anti-dandruff shampoo,2-3 times per week,Mild-Moderate
897,3B,"Curly - Bouncy, tight ringlets",Low Porosity,Normal Scalp,Dry Scalp,"Low sebum production, cold/dry weather, harsh shampoos, or dehydration","Tight, flaky, itchy scalp without excess oil","Apply a hydrating scalp oil (jojoba, argan) and switch to a sulfate-free moisturizing shampoo. Porosity-specific tip: Use lightweight, water-based products applied to damp hair; avoid heavy butters/oils that sit on the cuticle; consider heat (steam) to help product absorption.",Scalp oil massage + hydrating shampoo,2 times per week,Mild
898,3B,"Curly - Bouncy, tight ringlets",Low Porosity,Normal Scalp,Oily Scalp,"Overactive sebaceous glands, hormonal changes, or infrequent washing","Greasy roots, flat-looking hair, scalp odor","Use a clarifying shampoo with tea tree oil or salicylic acid; avoid heavy conditioners near the roots. Porosity-specific tip: Use lightweight, water-based products applied to damp hair; avoid heavy butters/oils that sit on the cuticle; consider heat (steam) to help product absorption.",Clarifying shampoo,Every 2-3 days,Mild-Moderate
899,3B,"Curly - Bouncy, tight ringlets",Low Porosity,Normal Scalp,Hair Breakage,"Excess heat styling, chemical treatments, over-brushing, or protein/moisture imbalance","Short broken strands, rough texture, visible split hairs","Reduce heat styling, use a protein-moisture balanced deep conditioner, trim damaged ends. Porosity-specific tip: Use lightweight, water-based products applied to damp hair; avoid heavy butters/oils that sit on the cuticle; consider heat (steam) to help product absorption.",Protein treatment + deep conditioning mask,Weekly,Moderate
900,3B,"Curly - Bouncy, tight ringlets",Low Porosity,Normal Scalp,Split Ends,"Mechanical damage, lack of trimming, friction from towels/pillowcases","Frayed, forked hair tips that look dry and dull","Regular trims every 8-10 weeks and use leave-in conditioner or hair oil to seal ends. Porosity-specific tip: Use lightweight, water-based products applied to damp hair; avoid heavy butters/oils that sit on the cuticle; consider heat (steam) to help product absorption.",Leave-in conditioner + regular trims,"Bi-weekly application, trims every 2 months",Mild
901,3B,"Curly - Bouncy, tight ringlets",Low Porosity,Normal Scalp,Frizz,"Humidity, lack of moisture, raised hair cuticle, or over-washing","Flyaway strands, rough and unmanageable texture","Use anti-frizz serum, microfiber towel drying, and leave-in cream with humectants like glycerin. Porosity-specific tip: Use lightweight, water-based products applied to damp hair; avoid heavy butters/oils that sit on the cuticle; consider heat (steam) to help product absorption.",Anti-frizz serum/cream,Daily as needed,Mild
902,3B,"Curly - Bouncy, tight ringlets",Low Porosity,Normal Scalp,Hair Thinning,"Genetics, stress, nutritional deficiency, hormonal imbalance, or postpartum changes","Reduced hair density, visible scalp, thinner ponytail","Use minoxidil-based topical treatment, biotin/iron supplementation (consult a doctor), and gentle scalp massage. Porosity-specific tip: Use lightweight, water-based products applied to damp hair; avoid heavy butters/oils that sit on the cuticle; consider heat (steam) to help product absorption.",Minoxidil topical + supplements,Daily application,Moderate-Severe
903,3B,"Curly - Bouncy, tight ringlets",Low Porosity,Normal Scalp,Itchy/Irritated Scalp,"Allergic reaction to products, dry skin, dandruff, or scalp psoriasis/eczema","Persistent itching, redness, occasional burning sensation","Switch to fragrance-free, sulfate-free shampoo; use a soothing scalp serum with aloe vera or tea tree oil. Porosity-specific tip: Use lightweight, water-based products applied to damp hair; avoid heavy butters/oils that sit on the cuticle; consider heat (steam) to help product absorption.",Soothing scalp serum,"Daily until resolved, then 2x/week",Mild-Moderate
904,3B,"Curly - Bouncy, tight ringlets",Low Porosity,Normal Scalp,Product Buildup,"Accumulation of styling products, hard water minerals, or infrequent clarifying washes","Dull, weighed-down hair, reduced curl definition, waxy scalp feel","Use a clarifying or chelating shampoo once every 1-2 weeks to remove residue. Porosity-specific tip: Use lightweight, water-based products applied to damp hair; avoid heavy butters/oils that sit on the cuticle; consider heat (steam) to help product absorption.",Clarifying/chelating shampoo,Every 1-2 weeks,Mild
905,3B,"Curly - Bouncy, tight ringlets",Low Porosity,Combination Scalp,Dandruff,"Malassezia fungus overgrowth, dry skin, or sensitivity to hair products","White/yellow flakes on scalp and shoulders, mild itching","Use an anti-dandruff shampoo containing zinc pyrithione, ketoconazole, or selenium sulfide; avoid over-washing. Porosity-specific tip: Use lightweight, water-based products applied to damp hair; avoid heavy butters/oils that sit on the cuticle; consider heat (steam) to help product absorption.",Medicated anti-dandruff shampoo,2-3 times per week,Mild-Moderate
906,3B,"Curly - Bouncy, tight ringlets",Low Porosity,Combination Scalp,Dry Scalp,"Low sebum production, cold/dry weather, harsh shampoos, or dehydration","Tight, flaky, itchy scalp without excess oil","Apply a hydrating scalp oil (jojoba, argan) and switch to a sulfate-free moisturizing shampoo. Porosity-specific tip: Use lightweight, water-based products applied to damp hair; avoid heavy butters/oils that sit on the cuticle; consider heat (steam) to help product absorption.",Scalp oil massage + hydrating shampoo,2 times per week,Mild
907,3B,"Curly - Bouncy, tight ringlets",Low Porosity,Combination Scalp,Oily Scalp,"Overactive sebaceous glands, hormonal changes, or infrequent washing","Greasy roots, flat-looking hair, scalp odor","Use a clarifying shampoo with tea tree oil or salicylic acid; avoid heavy conditioners near the roots. Porosity-specific tip: Use lightweight, water-based products applied to damp hair; avoid heavy butters/oils that sit on the cuticle; consider heat (steam) to help product absorption.",Clarifying shampoo,Every 2-3 days,Mild-Moderate
908,3B,"Curly - Bouncy, tight ringlets",Low Porosity,Combination Scalp,Split Ends,"Mechanical damage, lack of trimming, friction from towels/pillowcases","Frayed, forked hair tips that look dry and dull","Regular trims every 8-10 weeks and use leave-in conditioner or hair oil to seal ends. Porosity-specific tip: Use lightweight, water-based products applied to damp hair; avoid heavy butters/oils that sit on the cuticle; consider heat (steam) to help product absorption.",Leave-in conditioner + regular trims,"Bi-weekly application, trims every 2 months",Mild
909,3B,"Curly - Bouncy, tight ringlets",Low Porosity,Combination Scalp,Frizz,"Humidity, lack of moisture, raised hair cuticle, or over-washing","Flyaway strands, rough and unmanageable texture","Use anti-frizz serum, microfiber towel drying, and leave-in cream with humectants like glycerin. Porosity-specific tip: Use lightweight, water-based products applied to damp hair; avoid heavy butters/oils that sit on the cuticle; consider heat (steam) to help product absorption.",Anti-frizz serum/cream,Daily as needed,Mild
910,3B,"Curly - Bouncy, tight ringlets",Low Porosity,Combination Scalp,Hair Thinning,"Genetics, stress, nutritional deficiency, hormonal imbalance, or postpartum changes","Reduced hair density, visible scalp, thinner ponytail","Use minoxidil-based topical treatment, biotin/iron supplementation (consult a doctor), and gentle scalp massage. Porosity-specific tip: Use lightweight, water-based products applied to damp hair; avoid heavy butters/oils that sit on the cuticle; consider heat (steam) to help product absorption.",Minoxidil topical + supplements,Daily application,Moderate-Severe
911,3B,"Curly - Bouncy, tight ringlets",Low Porosity,Combination Scalp,Itchy/Irritated Scalp,"Allergic reaction to products, dry skin, dandruff, or scalp psoriasis/eczema","Persistent itching, redness, occasional burning sensation","Switch to fragrance-free, sulfate-free shampoo; use a soothing scalp serum with aloe vera or tea tree oil. Porosity-specific tip: Use lightweight, water-based products applied to damp hair; avoid heavy butters/oils that sit on the cuticle; consider heat (steam) to help product absorption.",Soothing scalp serum,"Daily until resolved, then 2x/week",Mild-Moderate
912,3B,"Curly - Bouncy, tight ringlets",Low Porosity,Combination Scalp,Product Buildup,"Accumulation of styling products, hard water minerals, or infrequent clarifying washes","Dull, weighed-down hair, reduced curl definition, waxy scalp feel","Use a clarifying or chelating shampoo once every 1-2 weeks to remove residue. Porosity-specific tip: Use lightweight, water-based products applied to damp hair; avoid heavy butters/oils that sit on the cuticle; consider heat (steam) to help product absorption.",Clarifying/chelating shampoo,Every 1-2 weeks,Mild
913,3B,"Curly - Bouncy, tight ringlets",Low Porosity,Sensitive Scalp,Dandruff,"Malassezia fungus overgrowth, dry skin, or sensitivity to hair products","White/yellow flakes on scalp and shoulders, mild itching","Use an anti-dandruff shampoo containing zinc pyrithione, ketoconazole, or selenium sulfide; avoid over-washing. Porosity-specific tip: Use lightweight, water-based products applied to damp hair; avoid heavy butters/oils that sit on the cuticle; consider heat (steam) to help product absorption.",Medicated anti-dandruff shampoo,2-3 times per week,Mild-Moderate
914,3B,"Curly - Bouncy, tight ringlets",Low Porosity,Sensitive Scalp,Dry Scalp,"Low sebum production, cold/dry weather, harsh shampoos, or dehydration","Tight, flaky, itchy scalp without excess oil","Apply a hydrating scalp oil (jojoba, argan) and switch to a sulfate-free moisturizing shampoo. Porosity-specific tip: Use lightweight, water-based products applied to damp hair; avoid heavy butters/oils that sit on the cuticle; consider heat (steam) to help product absorption.",Scalp oil massage + hydrating shampoo,2 times per week,Mild
915,3B,"Curly - Bouncy, tight ringlets",Low Porosity,Sensitive Scalp,Oily Scalp,"Overactive sebaceous glands, hormonal changes, or infrequent washing","Greasy roots, flat-looking hair, scalp odor","Use a clarifying shampoo with tea tree oil or salicylic acid; avoid heavy conditioners near the roots. Porosity-specific tip: Use lightweight, water-based products applied to damp hair; avoid heavy butters/oils that sit on the cuticle; consider heat (steam) to help product absorption.",Clarifying shampoo,Every 2-3 days,Mild-Moderate
916,3B,"Curly - Bouncy, tight ringlets",Low Porosity,Sensitive Scalp,Hair Breakage,"Excess heat styling, chemical treatments, over-brushing, or protein/moisture imbalance","Short broken strands, rough texture, visible split hairs","Reduce heat styling, use a protein-moisture balanced deep conditioner, trim damaged ends. Porosity-specific tip: Use lightweight, water-based products applied to damp hair; avoid heavy butters/oils that sit on the cuticle; consider heat (steam) to help product absorption.",Protein treatment + deep conditioning mask,Weekly,Moderate
917,3B,"Curly - Bouncy, tight ringlets",Low Porosity,Sensitive Scalp,Split Ends,"Mechanical damage, lack of trimming, friction from towels/pillowcases","Frayed, forked hair tips that look dry and dull","Regular trims every 8-10 weeks and use leave-in conditioner or hair oil to seal ends. Porosity-specific tip: Use lightweight, water-based products applied to damp hair; avoid heavy butters/oils that sit on the cuticle; consider heat (steam) to help product absorption.",Leave-in conditioner + regular trims,"Bi-weekly application, trims every 2 months",Mild
918,3B,"Curly - Bouncy, tight ringlets",Low Porosity,Sensitive Scalp,Frizz,"Humidity, lack of moisture, raised hair cuticle, or over-washing","Flyaway strands, rough and unmanageable texture","Use anti-frizz serum, microfiber towel drying, and leave-in cream with humectants like glycerin. Porosity-specific tip: Use lightweight, water-based products applied to damp hair; avoid heavy butters/oils that sit on the cuticle; consider heat (steam) to help product absorption.",Anti-frizz serum/cream,Daily as needed,Mild
919,3B,"Curly - Bouncy, tight ringlets",Low Porosity,Sensitive Scalp,Hair Thinning,"Genetics, stress, nutritional deficiency, hormonal imbalance, or postpartum changes","Reduced hair density, visible scalp, thinner ponytail","Use minoxidil-based topical treatment, biotin/iron supplementation (consult a doctor), and gentle scalp massage. Porosity-specific tip: Use lightweight, water-based products applied to damp hair; avoid heavy butters/oils that sit on the cuticle; consider heat (steam) to help product absorption.",Minoxidil topical + supplements,Daily application,Moderate-Severe
920,3B,"Curly - Bouncy, tight ringlets",Low Porosity,Sensitive Scalp,Itchy/Irritated Scalp,"Allergic reaction to products, dry skin, dandruff, or scalp psoriasis/eczema","Persistent itching, redness, occasional burning sensation","Switch to fragrance-free, sulfate-free shampoo; use a soothing scalp serum with aloe vera or tea tree oil. Porosity-specific tip: Use lightweight, water-based products applied to damp hair; avoid heavy butters/oils that sit on the cuticle; consider heat (steam) to help product absorption.",Soothing scalp serum,"Daily until resolved, then 2x/week",Mild-Moderate
921,3B,"Curly - Bouncy, tight ringlets",Low Porosity,Sensitive Scalp,Product Buildup,"Accumulation of styling products, hard water minerals, or infrequent clarifying washes","Dull, weighed-down hair, reduced curl definition, waxy scalp feel","Use a clarifying or chelating shampoo once every 1-2 weeks to remove residue. Porosity-specific tip: Use lightweight, water-based products applied to damp hair; avoid heavy butters/oils that sit on the cuticle; consider heat (steam) to help product absorption.",Clarifying/chelating shampoo,Every 1-2 weeks,Mild
922,3B,"Curly - Bouncy, tight ringlets",Medium Porosity,Oily Scalp,Dandruff,"Malassezia fungus overgrowth, dry skin, or sensitivity to hair products","White/yellow flakes on scalp and shoulders, mild itching","Use an anti-dandruff shampoo containing zinc pyrithione, ketoconazole, or selenium sulfide; avoid over-washing. Porosity-specific tip: Balanced routine works well; maintain regular deep conditioning every 1-2 weeks to preserve moisture-protein balance.",Medicated anti-dandruff shampoo,2-3 times per week,Mild-Moderate
923,3B,"Curly - Bouncy, tight ringlets",Medium Porosity,Oily Scalp,Dry Scalp,"Low sebum production, cold/dry weather, harsh shampoos, or dehydration","Tight, flaky, itchy scalp without excess oil","Apply a hydrating scalp oil (jojoba, argan) and switch to a sulfate-free moisturizing shampoo. Porosity-specific tip: Balanced routine works well; maintain regular deep conditioning every 1-2 weeks to preserve moisture-protein balance.",Scalp oil massage + hydrating shampoo,2 times per week,Mild
924,3B,"Curly - Bouncy, tight ringlets",Medium Porosity,Oily Scalp,Oily Scalp,"Overactive sebaceous glands, hormonal changes, or infrequent washing","Greasy roots, flat-looking hair, scalp odor",Use a clarifying shampoo with tea tree oil or salicylic acid; avoid heavy conditioners near the roots. Porosity-specific tip: Balanced routine works well; maintain regular deep conditioning every 1-2 weeks to preserve moisture-protein balance.,Clarifying shampoo,Every 2-3 days,Mild-Moderate
925,3B,"Curly - Bouncy, tight ringlets",Medium Porosity,Oily Scalp,Hair Breakage,"Excess heat styling, chemical treatments, over-brushing, or protein/moisture imbalance","Short broken strands, rough texture, visible split hairs","Reduce heat styling, use a protein-moisture balanced deep conditioner, trim damaged ends. Porosity-specific tip: Balanced routine works well; maintain regular deep conditioning every 1-2 weeks to preserve moisture-protein balance.",Protein treatment + deep conditioning mask,Weekly,Moderate
926,3B,"Curly - Bouncy, tight ringlets",Medium Porosity,Oily Scalp,Split Ends,"Mechanical damage, lack of trimming, friction from towels/pillowcases","Frayed, forked hair tips that look dry and dull",Regular trims every 8-10 weeks and use leave-in conditioner or hair oil to seal ends. Porosity-specific tip: Balanced routine works well; maintain regular deep conditioning every 1-2 weeks to preserve moisture-protein balance.,Leave-in conditioner + regular trims,"Bi-weekly application, trims every 2 months",Mild
927,3B,"Curly - Bouncy, tight ringlets",Medium Porosity,Oily Scalp,Hair Thinning,"Genetics, stress, nutritional deficiency, hormonal imbalance, or postpartum changes","Reduced hair density, visible scalp, thinner ponytail","Use minoxidil-based topical treatment, biotin/iron supplementation (consult a doctor), and gentle scalp massage. Porosity-specific tip: Balanced routine works well; maintain regular deep conditioning every 1-2 weeks to preserve moisture-protein balance.",Minoxidil topical + supplements,Daily application,Moderate-Severe
928,3B,"Curly - Bouncy, tight ringlets",Medium Porosity,Oily Scalp,Itchy/Irritated Scalp,"Allergic reaction to products, dry skin, dandruff, or scalp psoriasis/eczema","Persistent itching, redness, occasional burning sensation","Switch to fragrance-free, sulfate-free shampoo; use a soothing scalp serum with aloe vera or tea tree oil. Porosity-specific tip: Balanced routine works well; maintain regular deep conditioning every 1-2 weeks to preserve moisture-protein balance.",Soothing scalp serum,"Daily until resolved, then 2x/week",Mild-Moderate
929,3B,"Curly - Bouncy, tight ringlets",Medium Porosity,Oily Scalp,Product Buildup,"Accumulation of styling products, hard water minerals, or infrequent clarifying washes","Dull, weighed-down hair, reduced curl definition, waxy scalp feel",Use a clarifying or chelating shampoo once every 1-2 weeks to remove residue. Porosity-specific tip: Balanced routine works well; maintain regular deep conditioning every 1-2 weeks to preserve moisture-protein balance.,Clarifying/chelating shampoo,Every 1-2 weeks,Mild
930,3B,"Curly - Bouncy, tight ringlets",Medium Porosity,Dry Scalp,Dandruff,"Malassezia fungus overgrowth, dry skin, or sensitivity to hair products","White/yellow flakes on scalp and shoulders, mild itching","Use an anti-dandruff shampoo containing zinc pyrithione, ketoconazole, or selenium sulfide; avoid over-washing. Porosity-specific tip: Balanced routine works well; maintain regular deep conditioning every 1-2 weeks to preserve moisture-protein balance.",Medicated anti-dandruff shampoo,2-3 times per week,Mild-Moderate
931,3B,"Curly - Bouncy, tight ringlets",Medium Porosity,Dry Scalp,Dry Scalp,"Low sebum production, cold/dry weather, harsh shampoos, or dehydration","Tight, flaky, itchy scalp without excess oil","Apply a hydrating scalp oil (jojoba, argan) and switch to a sulfate-free moisturizing shampoo. Porosity-specific tip: Balanced routine works well; maintain regular deep conditioning every 1-2 weeks to preserve moisture-protein balance.",Scalp oil massage + hydrating shampoo,2 times per week,Mild
932,3B,"Curly - Bouncy, tight ringlets",Medium Porosity,Dry Scalp,Oily Scalp,"Overactive sebaceous glands, hormonal changes, or infrequent washing","Greasy roots, flat-looking hair, scalp odor",Use a clarifying shampoo with tea tree oil or salicylic acid; avoid heavy conditioners near the roots. Porosity-specific tip: Balanced routine works well; maintain regular deep conditioning every 1-2 weeks to preserve moisture-protein balance.,Clarifying shampoo,Every 2-3 days,Mild-Moderate
933,3B,"Curly - Bouncy, tight ringlets",Medium Porosity,Dry Scalp,Hair Breakage,"Excess heat styling, chemical treatments, over-brushing, or protein/moisture imbalance","Short broken strands, rough texture, visible split hairs","Reduce heat styling, use a protein-moisture balanced deep conditioner, trim damaged ends. Porosity-specific tip: Balanced routine works well; maintain regular deep conditioning every 1-2 weeks to preserve moisture-protein balance.",Protein treatment + deep conditioning mask,Weekly,Moderate
934,3B,"Curly - Bouncy, tight ringlets",Medium Porosity,Dry Scalp,Split Ends,"Mechanical damage, lack of trimming, friction from towels/pillowcases","Frayed, forked hair tips that look dry and dull",Regular trims every 8-10 weeks and use leave-in conditioner or hair oil to seal ends. Porosity-specific tip: Balanced routine works well; maintain regular deep conditioning every 1-2 weeks to preserve moisture-protein balance.,Leave-in conditioner + regular trims,"Bi-weekly application, trims every 2 months",Mild
935,3B,"Curly - Bouncy, tight ringlets",Medium Porosity,Dry Scalp,Frizz,"Humidity, lack of moisture, raised hair cuticle, or over-washing","Flyaway strands, rough and unmanageable texture","Use anti-frizz serum, microfiber towel drying, and leave-in cream with humectants like glycerin. Porosity-specific tip: Balanced routine works well; maintain regular deep conditioning every 1-2 weeks to preserve moisture-protein balance.",Anti-frizz serum/cream,Daily as needed,Mild
936,3B,"Curly - Bouncy, tight ringlets",Medium Porosity,Dry Scalp,Hair Thinning,"Genetics, stress, nutritional deficiency, hormonal imbalance, or postpartum changes","Reduced hair density, visible scalp, thinner ponytail","Use minoxidil-based topical treatment, biotin/iron supplementation (consult a doctor), and gentle scalp massage. Porosity-specific tip: Balanced routine works well; maintain regular deep conditioning every 1-2 weeks to preserve moisture-protein balance.",Minoxidil topical + supplements,Daily application,Moderate-Severe
937,3B,"Curly - Bouncy, tight ringlets",Medium Porosity,Dry Scalp,Itchy/Irritated Scalp,"Allergic reaction to products, dry skin, dandruff, or scalp psoriasis/eczema","Persistent itching, redness, occasional burning sensation","Switch to fragrance-free, sulfate-free shampoo; use a soothing scalp serum with aloe vera or tea tree oil. Porosity-specific tip: Balanced routine works well; maintain regular deep conditioning every 1-2 weeks to preserve moisture-protein balance.",Soothing scalp serum,"Daily until resolved, then 2x/week",Mild-Moderate
938,3B,"Curly - Bouncy, tight ringlets",Medium Porosity,Dry Scalp,Product Buildup,"Accumulation of styling products, hard water minerals, or infrequent clarifying washes","Dull, weighed-down hair, reduced curl definition, waxy scalp feel",Use a clarifying or chelating shampoo once every 1-2 weeks to remove residue. Porosity-specific tip: Balanced routine works well; maintain regular deep conditioning every 1-2 weeks to preserve moisture-protein balance.,Clarifying/chelating shampoo,Every 1-2 weeks,Mild
939,3B,"Curly - Bouncy, tight ringlets",Medium Porosity,Normal Scalp,Dandruff,"Malassezia fungus overgrowth, dry skin, or sensitivity to hair products","White/yellow flakes on scalp and shoulders, mild itching","Use an anti-dandruff shampoo containing zinc pyrithione, ketoconazole, or selenium sulfide; avoid over-washing. Porosity-specific tip: Balanced routine works well; maintain regular deep conditioning every 1-2 weeks to preserve moisture-protein balance.",Medicated anti-dandruff shampoo,2-3 times per week,Mild-Moderate
940,3B,"Curly - Bouncy, tight ringlets",Medium Porosity,Normal Scalp,Dry Scalp,"Low sebum production, cold/dry weather, harsh shampoos, or dehydration","Tight, flaky, itchy scalp without excess oil","Apply a hydrating scalp oil (jojoba, argan) and switch to a sulfate-free moisturizing shampoo. Porosity-specific tip: Balanced routine works well; maintain regular deep conditioning every 1-2 weeks to preserve moisture-protein balance.",Scalp oil massage + hydrating shampoo,2 times per week,Mild
941,3B,"Curly - Bouncy, tight ringlets",Medium Porosity,Normal Scalp,Oily Scalp,"Overactive sebaceous glands, hormonal changes, or infrequent washing","Greasy roots, flat-looking hair, scalp odor",Use a clarifying shampoo with tea tree oil or salicylic acid; avoid heavy conditioners near the roots. Porosity-specific tip: Balanced routine works well; maintain regular deep conditioning every 1-2 weeks to preserve moisture-protein balance.,Clarifying shampoo,Every 2-3 days,Mild-Moderate
942,3B,"Curly - Bouncy, tight ringlets",Medium Porosity,Normal Scalp,Hair Breakage,"Excess heat styling, chemical treatments, over-brushing, or protein/moisture imbalance","Short broken strands, rough texture, visible split hairs","Reduce heat styling, use a protein-moisture balanced deep conditioner, trim damaged ends. Porosity-specific tip: Balanced routine works well; maintain regular deep conditioning every 1-2 weeks to preserve moisture-protein balance.",Protein treatment + deep conditioning mask,Weekly,Moderate
943,3B,"Curly - Bouncy, tight ringlets",Medium Porosity,Normal Scalp,Split Ends,"Mechanical damage, lack of trimming, friction from towels/pillowcases","Frayed, forked hair tips that look dry and dull",Regular trims every 8-10 weeks and use leave-in conditioner or hair oil to seal ends. Porosity-specific tip: Balanced routine works well; maintain regular deep conditioning every 1-2 weeks to preserve moisture-protein balance.,Leave-in conditioner + regular trims,"Bi-weekly application, trims every 2 months",Mild
944,3B,"Curly - Bouncy, tight ringlets",Medium Porosity,Normal Scalp,Frizz,"Humidity, lack of moisture, raised hair cuticle, or over-washing","Flyaway strands, rough and unmanageable texture","Use anti-frizz serum, microfiber towel drying, and leave-in cream with humectants like glycerin. Porosity-specific tip: Balanced routine works well; maintain regular deep conditioning every 1-2 weeks to preserve moisture-protein balance.",Anti-frizz serum/cream,Daily as needed,Mild
945,3B,"Curly - Bouncy, tight ringlets",Medium Porosity,Normal Scalp,Hair Thinning,"Genetics, stress, nutritional deficiency, hormonal imbalance, or postpartum changes","Reduced hair density, visible scalp, thinner ponytail","Use minoxidil-based topical treatment, biotin/iron supplementation (consult a doctor), and gentle scalp massage. Porosity-specific tip: Balanced routine works well; maintain regular deep conditioning every 1-2 weeks to preserve moisture-protein balance.",Minoxidil topical + supplements,Daily application,Moderate-Severe
946,3B,"Curly - Bouncy, tight ringlets",Medium Porosity,Normal Scalp,Itchy/Irritated Scalp,"Allergic reaction to products, dry skin, dandruff, or scalp psoriasis/eczema","Persistent itching, redness, occasional burning sensation","Switch to fragrance-free, sulfate-free shampoo; use a soothing scalp serum with aloe vera or tea tree oil. Porosity-specific tip: Balanced routine works well; maintain regular deep conditioning every 1-2 weeks to preserve moisture-protein balance.",Soothing scalp serum,"Daily until resolved, then 2x/week",Mild-Moderate
947,3B,"Curly - Bouncy, tight ringlets",Medium Porosity,Combination Scalp,Dandruff,"Malassezia fungus overgrowth, dry skin, or sensitivity to hair products","White/yellow flakes on scalp and shoulders, mild itching","Use an anti-dandruff shampoo containing zinc pyrithione, ketoconazole, or selenium sulfide; avoid over-washing. Porosity-specific tip: Balanced routine works well; maintain regular deep conditioning every 1-2 weeks to preserve moisture-protein balance.",Medicated anti-dandruff shampoo,2-3 times per week,Mild-Moderate
948,3B,"Curly - Bouncy, tight ringlets",Medium Porosity,Combination Scalp,Dry Scalp,"Low sebum production, cold/dry weather, harsh shampoos, or dehydration","Tight, flaky, itchy scalp without excess oil","Apply a hydrating scalp oil (jojoba, argan) and switch to a sulfate-free moisturizing shampoo. Porosity-specific tip: Balanced routine works well; maintain regular deep conditioning every 1-2 weeks to preserve moisture-protein balance.",Scalp oil massage + hydrating shampoo,2 times per week,Mild
949,3B,"Curly - Bouncy, tight ringlets",Medium Porosity,Combination Scalp,Oily Scalp,"Overactive sebaceous glands, hormonal changes, or infrequent washing","Greasy roots, flat-looking hair, scalp odor",Use a clarifying shampoo with tea tree oil or salicylic acid; avoid heavy conditioners near the roots. Porosity-specific tip: Balanced routine works well; maintain regular deep conditioning every 1-2 weeks to preserve moisture-protein balance.,Clarifying shampoo,Every 2-3 days,Mild-Moderate
950,3B,"Curly - Bouncy, tight ringlets",Medium Porosity,Combination Scalp,Hair Breakage,"Excess heat styling, chemical treatments, over-brushing, or protein/moisture imbalance","Short broken strands, rough texture, visible split hairs","Reduce heat styling, use a protein-moisture balanced deep conditioner, trim damaged ends. Porosity-specific tip: Balanced routine works well; maintain regular deep conditioning every 1-2 weeks to preserve moisture-protein balance.",Protein treatment + deep conditioning mask,Weekly,Moderate
951,3B,"Curly - Bouncy, tight ringlets",Medium Porosity,Combination Scalp,Frizz,"Humidity, lack of moisture, raised hair cuticle, or over-washing","Flyaway strands, rough and unmanageable texture","Use anti-frizz serum, microfiber towel drying, and leave-in cream with humectants like glycerin. Porosity-specific tip: Balanced routine works well; maintain regular deep conditioning every 1-2 weeks to preserve moisture-protein balance.",Anti-frizz serum/cream,Daily as needed,Mild
952,3B,"Curly - Bouncy, tight ringlets",Medium Porosity,Combination Scalp,Hair Thinning,"Genetics, stress, nutritional deficiency, hormonal imbalance, or postpartum changes","Reduced hair density, visible scalp, thinner ponytail","Use minoxidil-based topical treatment, biotin/iron supplementation (consult a doctor), and gentle scalp massage. Porosity-specific tip: Balanced routine works well; maintain regular deep conditioning every 1-2 weeks to preserve moisture-protein balance.",Minoxidil topical + supplements,Daily application,Moderate-Severe
953,3B,"Curly - Bouncy, tight ringlets",Medium Porosity,Combination Scalp,Itchy/Irritated Scalp,"Allergic reaction to products, dry skin, dandruff, or scalp psoriasis/eczema","Persistent itching, redness, occasional burning sensation","Switch to fragrance-free, sulfate-free shampoo; use a soothing scalp serum with aloe vera or tea tree oil. Porosity-specific tip: Balanced routine works well; maintain regular deep conditioning every 1-2 weeks to preserve moisture-protein balance.",Soothing scalp serum,"Daily until resolved, then 2x/week",Mild-Moderate
954,3B,"Curly - Bouncy, tight ringlets",Medium Porosity,Sensitive Scalp,Dandruff,"Malassezia fungus overgrowth, dry skin, or sensitivity to hair products","White/yellow flakes on scalp and shoulders, mild itching","Use an anti-dandruff shampoo containing zinc pyrithione, ketoconazole, or selenium sulfide; avoid over-washing. Porosity-specific tip: Balanced routine works well; maintain regular deep conditioning every 1-2 weeks to preserve moisture-protein balance.",Medicated anti-dandruff shampoo,2-3 times per week,Mild-Moderate
955,3B,"Curly - Bouncy, tight ringlets",Medium Porosity,Sensitive Scalp,Dry Scalp,"Low sebum production, cold/dry weather, harsh shampoos, or dehydration","Tight, flaky, itchy scalp without excess oil","Apply a hydrating scalp oil (jojoba, argan) and switch to a sulfate-free moisturizing shampoo. Porosity-specific tip: Balanced routine works well; maintain regular deep conditioning every 1-2 weeks to preserve moisture-protein balance.",Scalp oil massage + hydrating shampoo,2 times per week,Mild
956,3B,"Curly - Bouncy, tight ringlets",Medium Porosity,Sensitive Scalp,Oily Scalp,"Overactive sebaceous glands, hormonal changes, or infrequent washing","Greasy roots, flat-looking hair, scalp odor",Use a clarifying shampoo with tea tree oil or salicylic acid; avoid heavy conditioners near the roots. Porosity-specific tip: Balanced routine works well; maintain regular deep conditioning every 1-2 weeks to preserve moisture-protein balance.,Clarifying shampoo,Every 2-3 days,Mild-Moderate
957,3B,"Curly - Bouncy, tight ringlets",Medium Porosity,Sensitive Scalp,Hair Breakage,"Excess heat styling, chemical treatments, over-brushing, or protein/moisture imbalance","Short broken strands, rough texture, visible split hairs","Reduce heat styling, use a protein-moisture balanced deep conditioner, trim damaged ends. Porosity-specific tip: Balanced routine works well; maintain regular deep conditioning every 1-2 weeks to preserve moisture-protein balance.",Protein treatment + deep conditioning mask,Weekly,Moderate
958,3B,"Curly - Bouncy, tight ringlets",Medium Porosity,Sensitive Scalp,Split Ends,"Mechanical damage, lack of trimming, friction from towels/pillowcases","Frayed, forked hair tips that look dry and dull",Regular trims every 8-10 weeks and use leave-in conditioner or hair oil to seal ends. Porosity-specific tip: Balanced routine works well; maintain regular deep conditioning every 1-2 weeks to preserve moisture-protein balance.,Leave-in conditioner + regular trims,"Bi-weekly application, trims every 2 months",Mild
959,3B,"Curly - Bouncy, tight ringlets",Medium Porosity,Sensitive Scalp,Frizz,"Humidity, lack of moisture, raised hair cuticle, or over-washing","Flyaway strands, rough and unmanageable texture","Use anti-frizz serum, microfiber towel drying, and leave-in cream with humectants like glycerin. Porosity-specific tip: Balanced routine works well; maintain regular deep conditioning every 1-2 weeks to preserve moisture-protein balance.",Anti-frizz serum/cream,Daily as needed,Mild
960,3B,"Curly - Bouncy, tight ringlets",Medium Porosity,Sensitive Scalp,Hair Thinning,"Genetics, stress, nutritional deficiency, hormonal imbalance, or postpartum changes","Reduced hair density, visible scalp, thinner ponytail","Use minoxidil-based topical treatment, biotin/iron supplementation (consult a doctor), and gentle scalp massage. Porosity-specific tip: Balanced routine works well; maintain regular deep conditioning every 1-2 weeks to preserve moisture-protein balance.",Minoxidil topical + supplements,Daily application,Moderate-Severe
961,3B,"Curly - Bouncy, tight ringlets",Medium Porosity,Sensitive Scalp,Itchy/Irritated Scalp,"Allergic reaction to products, dry skin, dandruff, or scalp psoriasis/eczema","Persistent itching, redness, occasional burning sensation","Switch to fragrance-free, sulfate-free shampoo; use a soothing scalp serum with aloe vera or tea tree oil. Porosity-specific tip: Balanced routine works well; maintain regular deep conditioning every 1-2 weeks to preserve moisture-protein balance.",Soothing scalp serum,"Daily until resolved, then 2x/week",Mild-Moderate
962,3B,"Curly - Bouncy, tight ringlets",Medium Porosity,Sensitive Scalp,Product Buildup,"Accumulation of styling products, hard water minerals, or infrequent clarifying washes","Dull, weighed-down hair, reduced curl definition, waxy scalp feel",Use a clarifying or chelating shampoo once every 1-2 weeks to remove residue. Porosity-specific tip: Balanced routine works well; maintain regular deep conditioning every 1-2 weeks to preserve moisture-protein balance.,Clarifying/chelating shampoo,Every 1-2 weeks,Mild
963,3B,"Curly - Bouncy, tight ringlets",High Porosity,Oily Scalp,Dandruff,"Malassezia fungus overgrowth, dry skin, or sensitivity to hair products","White/yellow flakes on scalp and shoulders, mild itching","Use an anti-dandruff shampoo containing zinc pyrithione, ketoconazole, or selenium sulfide; avoid over-washing. Porosity-specific tip: Use rich creams, butters, and oils to seal the cuticle; do a protein treatment periodically since high porosity hair loses moisture quickly.",Medicated anti-dandruff shampoo,2-3 times per week,Mild-Moderate
964,3B,"Curly - Bouncy, tight ringlets",High Porosity,Oily Scalp,Dry Scalp,"Low sebum production, cold/dry weather, harsh shampoos, or dehydration","Tight, flaky, itchy scalp without excess oil","Apply a hydrating scalp oil (jojoba, argan) and switch to a sulfate-free moisturizing shampoo. Porosity-specific tip: Use rich creams, butters, and oils to seal the cuticle; do a protein treatment periodically since high porosity hair loses moisture quickly.",Scalp oil massage + hydrating shampoo,2 times per week,Mild
965,3B,"Curly - Bouncy, tight ringlets",High Porosity,Oily Scalp,Oily Scalp,"Overactive sebaceous glands, hormonal changes, or infrequent washing","Greasy roots, flat-looking hair, scalp odor","Use a clarifying shampoo with tea tree oil or salicylic acid; avoid heavy conditioners near the roots. Porosity-specific tip: Use rich creams, butters, and oils to seal the cuticle; do a protein treatment periodically since high porosity hair loses moisture quickly.",Clarifying shampoo,Every 2-3 days,Mild-Moderate
966,3B,"Curly - Bouncy, tight ringlets",High Porosity,Oily Scalp,Hair Breakage,"Excess heat styling, chemical treatments, over-brushing, or protein/moisture imbalance","Short broken strands, rough texture, visible split hairs","Reduce heat styling, use a protein-moisture balanced deep conditioner, trim damaged ends. Porosity-specific tip: Use rich creams, butters, and oils to seal the cuticle; do a protein treatment periodically since high porosity hair loses moisture quickly.",Protein treatment + deep conditioning mask,Weekly,Moderate
967,3B,"Curly - Bouncy, tight ringlets",High Porosity,Oily Scalp,Split Ends,"Mechanical damage, lack of trimming, friction from towels/pillowcases","Frayed, forked hair tips that look dry and dull","Regular trims every 8-10 weeks and use leave-in conditioner or hair oil to seal ends. Porosity-specific tip: Use rich creams, butters, and oils to seal the cuticle; do a protein treatment periodically since high porosity hair loses moisture quickly.",Leave-in conditioner + regular trims,"Bi-weekly application, trims every 2 months",Mild
968,3B,"Curly - Bouncy, tight ringlets",High Porosity,Oily Scalp,Frizz,"Humidity, lack of moisture, raised hair cuticle, or over-washing","Flyaway strands, rough and unmanageable texture","Use anti-frizz serum, microfiber towel drying, and leave-in cream with humectants like glycerin. Porosity-specific tip: Use rich creams, butters, and oils to seal the cuticle; do a protein treatment periodically since high porosity hair loses moisture quickly.",Anti-frizz serum/cream,Daily as needed,Mild
969,3B,"Curly - Bouncy, tight ringlets",High Porosity,Oily Scalp,Hair Thinning,"Genetics, stress, nutritional deficiency, hormonal imbalance, or postpartum changes","Reduced hair density, visible scalp, thinner ponytail","Use minoxidil-based topical treatment, biotin/iron supplementation (consult a doctor), and gentle scalp massage. Porosity-specific tip: Use rich creams, butters, and oils to seal the cuticle; do a protein treatment periodically since high porosity hair loses moisture quickly.",Minoxidil topical + supplements,Daily application,Moderate-Severe
970,3B,"Curly - Bouncy, tight ringlets",High Porosity,Oily Scalp,Itchy/Irritated Scalp,"Allergic reaction to products, dry skin, dandruff, or scalp psoriasis/eczema","Persistent itching, redness, occasional burning sensation","Switch to fragrance-free, sulfate-free shampoo; use a soothing scalp serum with aloe vera or tea tree oil. Porosity-specific tip: Use rich creams, butters, and oils to seal the cuticle; do a protein treatment periodically since high porosity hair loses moisture quickly.",Soothing scalp serum,"Daily until resolved, then 2x/week",Mild-Moderate
971,3B,"Curly - Bouncy, tight ringlets",High Porosity,Oily Scalp,Product Buildup,"Accumulation of styling products, hard water minerals, or infrequent clarifying washes","Dull, weighed-down hair, reduced curl definition, waxy scalp feel","Use a clarifying or chelating shampoo once every 1-2 weeks to remove residue. Porosity-specific tip: Use rich creams, butters, and oils to seal the cuticle; do a protein treatment periodically since high porosity hair loses moisture quickly.",Clarifying/chelating shampoo,Every 1-2 weeks,Mild
972,3B,"Curly - Bouncy, tight ringlets",High Porosity,Dry Scalp,Dry Scalp,"Low sebum production, cold/dry weather, harsh shampoos, or dehydration","Tight, flaky, itchy scalp without excess oil","Apply a hydrating scalp oil (jojoba, argan) and switch to a sulfate-free moisturizing shampoo. Porosity-specific tip: Use rich creams, butters, and oils to seal the cuticle; do a protein treatment periodically since high porosity hair loses moisture quickly.",Scalp oil massage + hydrating shampoo,2 times per week,Mild
973,3B,"Curly - Bouncy, tight ringlets",High Porosity,Dry Scalp,Oily Scalp,"Overactive sebaceous glands, hormonal changes, or infrequent washing","Greasy roots, flat-looking hair, scalp odor","Use a clarifying shampoo with tea tree oil or salicylic acid; avoid heavy conditioners near the roots. Porosity-specific tip: Use rich creams, butters, and oils to seal the cuticle; do a protein treatment periodically since high porosity hair loses moisture quickly.",Clarifying shampoo,Every 2-3 days,Mild-Moderate
974,3B,"Curly - Bouncy, tight ringlets",High Porosity,Dry Scalp,Hair Breakage,"Excess heat styling, chemical treatments, over-brushing, or protein/moisture imbalance","Short broken strands, rough texture, visible split hairs","Reduce heat styling, use a protein-moisture balanced deep conditioner, trim damaged ends. Porosity-specific tip: Use rich creams, butters, and oils to seal the cuticle; do a protein treatment periodically since high porosity hair loses moisture quickly.",Protein treatment + deep conditioning mask,Weekly,Moderate
975,3B,"Curly - Bouncy, tight ringlets",High Porosity,Dry Scalp,Split Ends,"Mechanical damage, lack of trimming, friction from towels/pillowcases","Frayed, forked hair tips that look dry and dull","Regular trims every 8-10 weeks and use leave-in conditioner or hair oil to seal ends. Porosity-specific tip: Use rich creams, butters, and oils to seal the cuticle; do a protein treatment periodically since high porosity hair loses moisture quickly.",Leave-in conditioner + regular trims,"Bi-weekly application, trims every 2 months",Mild
976,3B,"Curly - Bouncy, tight ringlets",High Porosity,Dry Scalp,Frizz,"Humidity, lack of moisture, raised hair cuticle, or over-washing","Flyaway strands, rough and unmanageable texture","Use anti-frizz serum, microfiber towel drying, and leave-in cream with humectants like glycerin. Porosity-specific tip: Use rich creams, butters, and oils to seal the cuticle; do a protein treatment periodically since high porosity hair loses moisture quickly.",Anti-frizz serum/cream,Daily as needed,Mild
977,3B,"Curly - Bouncy, tight ringlets",High Porosity,Dry Scalp,Hair Thinning,"Genetics, stress, nutritional deficiency, hormonal imbalance, or postpartum changes","Reduced hair density, visible scalp, thinner ponytail","Use minoxidil-based topical treatment, biotin/iron supplementation (consult a doctor), and gentle scalp massage. Porosity-specific tip: Use rich creams, butters, and oils to seal the cuticle; do a protein treatment periodically since high porosity hair loses moisture quickly.",Minoxidil topical + supplements,Daily application,Moderate-Severe
978,3B,"Curly - Bouncy, tight ringlets",High Porosity,Dry Scalp,Itchy/Irritated Scalp,"Allergic reaction to products, dry skin, dandruff, or scalp psoriasis/eczema","Persistent itching, redness, occasional burning sensation","Switch to fragrance-free, sulfate-free shampoo; use a soothing scalp serum with aloe vera or tea tree oil. Porosity-specific tip: Use rich creams, butters, and oils to seal the cuticle; do a protein treatment periodically since high porosity hair loses moisture quickly.",Soothing scalp serum,"Daily until resolved, then 2x/week",Mild-Moderate
979,3B,"Curly - Bouncy, tight ringlets",High Porosity,Dry Scalp,Product Buildup,"Accumulation of styling products, hard water minerals, or infrequent clarifying washes","Dull, weighed-down hair, reduced curl definition, waxy scalp feel","Use a clarifying or chelating shampoo once every 1-2 weeks to remove residue. Porosity-specific tip: Use rich creams, butters, and oils to seal the cuticle; do a protein treatment periodically since high porosity hair loses moisture quickly.",Clarifying/chelating shampoo,Every 1-2 weeks,Mild
980,3B,"Curly - Bouncy, tight ringlets",High Porosity,Normal Scalp,Dandruff,"Malassezia fungus overgrowth, dry skin, or sensitivity to hair products","White/yellow flakes on scalp and shoulders, mild itching","Use an anti-dandruff shampoo containing zinc pyrithione, ketoconazole, or selenium sulfide; avoid over-washing. Porosity-specific tip: Use rich creams, butters, and oils to seal the cuticle; do a protein treatment periodically since high porosity hair loses moisture quickly.",Medicated anti-dandruff shampoo,2-3 times per week,Mild-Moderate
981,3B,"Curly - Bouncy, tight ringlets",High Porosity,Normal Scalp,Dry Scalp,"Low sebum production, cold/dry weather, harsh shampoos, or dehydration","Tight, flaky, itchy scalp without excess oil","Apply a hydrating scalp oil (jojoba, argan) and switch to a sulfate-free moisturizing shampoo. Porosity-specific tip: Use rich creams, butters, and oils to seal the cuticle; do a protein treatment periodically since high porosity hair loses moisture quickly.",Scalp oil massage + hydrating shampoo,2 times per week,Mild
982,3B,"Curly - Bouncy, tight ringlets",High Porosity,Normal Scalp,Oily Scalp,"Overactive sebaceous glands, hormonal changes, or infrequent washing","Greasy roots, flat-looking hair, scalp odor","Use a clarifying shampoo with tea tree oil or salicylic acid; avoid heavy conditioners near the roots. Porosity-specific tip: Use rich creams, butters, and oils to seal the cuticle; do a protein treatment periodically since high porosity hair loses moisture quickly.",Clarifying shampoo,Every 2-3 days,Mild-Moderate
983,3B,"Curly - Bouncy, tight ringlets",High Porosity,Normal Scalp,Hair Breakage,"Excess heat styling, chemical treatments, over-brushing, or protein/moisture imbalance","Short broken strands, rough texture, visible split hairs","Reduce heat styling, use a protein-moisture balanced deep conditioner, trim damaged ends. Porosity-specific tip: Use rich creams, butters, and oils to seal the cuticle; do a protein treatment periodically since high porosity hair loses moisture quickly.",Protein treatment + deep conditioning mask,Weekly,Moderate
984,3B,"Curly - Bouncy, tight ringlets",High Porosity,Normal Scalp,Split Ends,"Mechanical damage, lack of trimming, friction from towels/pillowcases","Frayed, forked hair tips that look dry and dull","Regular trims every 8-10 weeks and use leave-in conditioner or hair oil to seal ends. Porosity-specific tip: Use rich creams, butters, and oils to seal the cuticle; do a protein treatment periodically since high porosity hair loses moisture quickly.",Leave-in conditioner + regular trims,"Bi-weekly application, trims every 2 months",Mild
985,3B,"Curly - Bouncy, tight ringlets",High Porosity,Normal Scalp,Frizz,"Humidity, lack of moisture, raised hair cuticle, or over-washing","Flyaway strands, rough and unmanageable texture","Use anti-frizz serum, microfiber towel drying, and leave-in cream with humectants like glycerin. Porosity-specific tip: Use rich creams, butters, and oils to seal the cuticle; do a protein treatment periodically since high porosity hair loses moisture quickly.",Anti-frizz serum/cream,Daily as needed,Mild
986,3B,"Curly - Bouncy, tight ringlets",High Porosity,Normal Scalp,Hair Thinning,"Genetics, stress, nutritional deficiency, hormonal imbalance, or postpartum changes","Reduced hair density, visible scalp, thinner ponytail","Use minoxidil-based topical treatment, biotin/iron supplementation (consult a doctor), and gentle scalp massage. Porosity-specific tip: Use rich creams, butters, and oils to seal the cuticle; do a protein treatment periodically since high porosity hair loses moisture quickly.",Minoxidil topical + supplements,Daily application,Moderate-Severe
987,3B,"Curly - Bouncy, tight ringlets",High Porosity,Normal Scalp,Itchy/Irritated Scalp,"Allergic reaction to products, dry skin, dandruff, or scalp psoriasis/eczema","Persistent itching, redness, occasional burning sensation","Switch to fragrance-free, sulfate-free shampoo; use a soothing scalp serum with aloe vera or tea tree oil. Porosity-specific tip: Use rich creams, butters, and oils to seal the cuticle; do a protein treatment periodically since high porosity hair loses moisture quickly.",Soothing scalp serum,"Daily until resolved, then 2x/week",Mild-Moderate
988,3B,"Curly - Bouncy, tight ringlets",High Porosity,Normal Scalp,Product Buildup,"Accumulation of styling products, hard water minerals, or infrequent clarifying washes","Dull, weighed-down hair, reduced curl definition, waxy scalp feel","Use a clarifying or chelating shampoo once every 1-2 weeks to remove residue. Porosity-specific tip: Use rich creams, butters, and oils to seal the cuticle; do a protein treatment periodically since high porosity hair loses moisture quickly.",Clarifying/chelating shampoo,Every 1-2 weeks,Mild
989,3B,"Curly - Bouncy, tight ringlets",High Porosity,Combination Scalp,Dandruff,"Malassezia fungus overgrowth, dry skin, or sensitivity to hair products","White/yellow flakes on scalp and shoulders, mild itching","Use an anti-dandruff shampoo containing zinc pyrithione, ketoconazole, or selenium sulfide; avoid over-washing. Porosity-specific tip: Use rich creams, butters, and oils to seal the cuticle; do a protein treatment periodically since high porosity hair loses moisture quickly.",Medicated anti-dandruff shampoo,2-3 times per week,Mild-Moderate
990,3B,"Curly - Bouncy, tight ringlets",High Porosity,Combination Scalp,Dry Scalp,"Low sebum production, cold/dry weather, harsh shampoos, or dehydration","Tight, flaky, itchy scalp without excess oil","Apply a hydrating scalp oil (jojoba, argan) and switch to a sulfate-free moisturizing shampoo. Porosity-specific tip: Use rich creams, butters, and oils to seal the cuticle; do a protein treatment periodically since high porosity hair loses moisture quickly.",Scalp oil massage + hydrating shampoo,2 times per week,Mild
991,3B,"Curly - Bouncy, tight ringlets",High Porosity,Combination Scalp,Hair Breakage,"Excess heat styling, chemical treatments, over-brushing, or protein/moisture imbalance","Short broken strands, rough texture, visible split hairs","Reduce heat styling, use a protein-moisture balanced deep conditioner, trim damaged ends. Porosity-specific tip: Use rich creams, butters, and oils to seal the cuticle; do a protein treatment periodically since high porosity hair loses moisture quickly.",Protein treatment + deep conditioning mask,Weekly,Moderate
992,3B,"Curly - Bouncy, tight ringlets",High Porosity,Combination Scalp,Split Ends,"Mechanical damage, lack of trimming, friction from towels/pillowcases","Frayed, forked hair tips that look dry and dull","Regular trims every 8-10 weeks and use leave-in conditioner or hair oil to seal ends. Porosity-specific tip: Use rich creams, butters, and oils to seal the cuticle; do a protein treatment periodically since high porosity hair loses moisture quickly.",Leave-in conditioner + regular trims,"Bi-weekly application, trims every 2 months",Mild
993,3B,"Curly - Bouncy, tight ringlets",High Porosity,Combination Scalp,Frizz,"Humidity, lack of moisture, raised hair cuticle, or over-washing","Flyaway strands, rough and unmanageable texture","Use anti-frizz serum, microfiber towel drying, and leave-in cream with humectants like glycerin. Porosity-specific tip: Use rich creams, butters, and oils to seal the cuticle; do a protein treatment periodically since high porosity hair loses moisture quickly.",Anti-frizz serum/cream,Daily as needed,Mild
994,3B,"Curly - Bouncy, tight ringlets",High Porosity,Combination Scalp,Hair Thinning,"Genetics, stress, nutritional deficiency, hormonal imbalance, or postpartum changes","Reduced hair density, visible scalp, thinner ponytail","Use minoxidil-based topical treatment, biotin/iron supplementation (consult a doctor), and gentle scalp massage. Porosity-specific tip: Use rich creams, butters, and oils to seal the cuticle; do a protein treatment periodically since high porosity hair loses moisture quickly.",Minoxidil topical + supplements,Daily application,Moderate-Severe
995,3B,"Curly - Bouncy, tight ringlets",High Porosity,Combination Scalp,Itchy/Irritated Scalp,"Allergic reaction to products, dry skin, dandruff, or scalp psoriasis/eczema","Persistent itching, redness, occasional burning sensation","Switch to fragrance-free, sulfate-free shampoo; use a soothing scalp serum with aloe vera or tea tree oil. Porosity-specific tip: Use rich creams, butters, and oils to seal the cuticle; do a protein treatment periodically since high porosity hair loses moisture quickly.",Soothing scalp serum,"Daily until resolved, then 2x/week",Mild-Moderate
996,3B,"Curly - Bouncy, tight ringlets",High Porosity,Combination Scalp,Product Buildup,"Accumulation of styling products, hard water minerals, or infrequent clarifying washes","Dull, weighed-down hair, reduced curl definition, waxy scalp feel","Use a clarifying or chelating shampoo once every 1-2 weeks to remove residue. Porosity-specific tip: Use rich creams, butters, and oils to seal the cuticle; do a protein treatment periodically since high porosity hair loses moisture quickly.",Clarifying/chelating shampoo,Every 1-2 weeks,Mild
997,3B,"Curly - Bouncy, tight ringlets",High Porosity,Sensitive Scalp,Dandruff,"Malassezia fungus overgrowth, dry skin, or sensitivity to hair products","White/yellow flakes on scalp and shoulders, mild itching","Use an anti-dandruff shampoo containing zinc pyrithione, ketoconazole, or selenium sulfide; avoid over-washing. Porosity-specific tip: Use rich creams, butters, and oils to seal the cuticle; do a protein treatment periodically since high porosity hair loses moisture quickly.",Medicated anti-dandruff shampoo,2-3 times per week,Mild-Moderate
998,3B,"Curly - Bouncy, tight ringlets",High Porosity,Sensitive Scalp,Dry Scalp,"Low sebum production, cold/dry weather, harsh shampoos, or dehydration","Tight, flaky, itchy scalp without excess oil","Apply a hydrating scalp oil (jojoba, argan) and switch to a sulfate-free moisturizing shampoo. Porosity-specific tip: Use rich creams, butters, and oils to seal the cuticle; do a protein treatment periodically since high porosity hair loses moisture quickly.",Scalp oil massage + hydrating shampoo,2 times per week,Mild
999,3B,"Curly - Bouncy, tight ringlets",High Porosity,Sensitive Scalp,Oily Scalp,"Overactive sebaceous glands, hormonal changes, or infrequent washing","Greasy roots, flat-looking hair, scalp odor","Use a clarifying shampoo with tea tree oil or salicylic acid; avoid heavy conditioners near the roots. Porosity-specific tip: Use rich creams, butters, and oils to seal the cuticle; do a protein treatment periodically since high porosity hair loses moisture quickly.",Clarifying shampoo,Every 2-3 days,Mild-Moderate
1000,3B,"Curly - Bouncy, tight ringlets",High Porosity,Sensitive Scalp,Hair Breakage,"Excess heat styling, chemical treatments, over-brushing, or protein/moisture imbalance","Short broken strands, rough texture, visible split hairs","Reduce heat styling, use a protein-moisture balanced deep conditioner, trim damaged ends. Porosity-specific tip: Use rich creams, butters, and oils to seal the cuticle; do a protein treatment periodically since high porosity hair loses moisture quickly.",Protein treatment + deep conditioning mask,Weekly,Moderate
1001,3B,"Curly - Bouncy, tight ringlets",High Porosity,Sensitive Scalp,Split Ends,"Mechanical damage, lack of trimming, friction from towels/pillowcases","Frayed, forked hair tips that look dry and dull","Regular trims every 8-10 weeks and use leave-in conditioner or hair oil to seal ends. Porosity-specific tip: Use rich creams, butters, and oils to seal the cuticle; do a protein treatment periodically since high porosity hair loses moisture quickly.",Leave-in conditioner + regular trims,"Bi-weekly application, trims every 2 months",Mild
1002,3B,"Curly - Bouncy, tight ringlets",High Porosity,Sensitive Scalp,Hair Thinning,"Genetics, stress, nutritional deficiency, hormonal imbalance, or postpartum changes","Reduced hair density, visible scalp, thinner ponytail","Use minoxidil-based topical treatment, biotin/iron supplementation (consult a doctor), and gentle scalp massage. Porosity-specific tip: Use rich creams, butters, and oils to seal the cuticle; do a protein treatment periodically since high porosity hair loses moisture quickly.",Minoxidil topical + supplements,Daily application,Moderate-Severe
1003,3B,"Curly - Bouncy, tight ringlets",High Porosity,Sensitive Scalp,Itchy/Irritated Scalp,"Allergic reaction to products, dry skin, dandruff, or scalp psoriasis/eczema","Persistent itching, redness, occasional burning sensation","Switch to fragrance-free, sulfate-free shampoo; use a soothing scalp serum with aloe vera or tea tree oil. Porosity-specific tip: Use rich creams, butters, and oils to seal the cuticle; do a protein treatment periodically since high porosity hair loses moisture quickly.",Soothing scalp serum,"Daily until resolved, then 2x/week",Mild-Moderate
1004,3B,"Curly - Bouncy, tight ringlets",High Porosity,Sensitive Scalp,Product Buildup,"Accumulation of styling products, hard water minerals, or infrequent clarifying washes","Dull, weighed-down hair, reduced curl definition, waxy scalp feel","Use a clarifying or chelating shampoo once every 1-2 weeks to remove residue. Porosity-specific tip: Use rich creams, butters, and oils to seal the cuticle; do a protein treatment periodically since high porosity hair loses moisture quickly.",Clarifying/chelating shampoo,Every 1-2 weeks,Mild
1005,3C,Curly - Tight corkscrew curls,Low Porosity,Oily Scalp,Dandruff,"Malassezia fungus overgrowth, dry skin, or sensitivity to hair products","White/yellow flakes on scalp and shoulders, mild itching","Use an anti-dandruff shampoo containing zinc pyrithione, ketoconazole, or selenium sulfide; avoid over-washing. Porosity-specific tip: Use lightweight, water-based products applied to damp hair; avoid heavy butters/oils that sit on the cuticle; consider heat (steam) to help product absorption.",Medicated anti-dandruff shampoo,2-3 times per week,Mild-Moderate
1006,3C,Curly - Tight corkscrew curls,Low Porosity,Oily Scalp,Dry Scalp,"Low sebum production, cold/dry weather, harsh shampoos, or dehydration","Tight, flaky, itchy scalp without excess oil","Apply a hydrating scalp oil (jojoba, argan) and switch to a sulfate-free moisturizing shampoo. Porosity-specific tip: Use lightweight, water-based products applied to damp hair; avoid heavy butters/oils that sit on the cuticle; consider heat (steam) to help product absorption.",Scalp oil massage + hydrating shampoo,2 times per week,Mild
1007,3C,Curly - Tight corkscrew curls,Low Porosity,Oily Scalp,Hair Breakage,"Excess heat styling, chemical treatments, over-brushing, or protein/moisture imbalance","Short broken strands, rough texture, visible split hairs","Reduce heat styling, use a protein-moisture balanced deep conditioner, trim damaged ends. Porosity-specific tip: Use lightweight, water-based products applied to damp hair; avoid heavy butters/oils that sit on the cuticle; consider heat (steam) to help product absorption.",Protein treatment + deep conditioning mask,Weekly,Moderate
1008,3C,Curly - Tight corkscrew curls,Low Porosity,Oily Scalp,Split Ends,"Mechanical damage, lack of trimming, friction from towels/pillowcases","Frayed, forked hair tips that look dry and dull","Regular trims every 8-10 weeks and use leave-in conditioner or hair oil to seal ends. Porosity-specific tip: Use lightweight, water-based products applied to damp hair; avoid heavy butters/oils that sit on the cuticle; consider heat (steam) to help product absorption.",Leave-in conditioner + regular trims,"Bi-weekly application, trims every 2 months",Mild
1009,3C,Curly - Tight corkscrew curls,Low Porosity,Oily Scalp,Frizz,"Humidity, lack of moisture, raised hair cuticle, or over-washing","Flyaway strands, rough and unmanageable texture","Use anti-frizz serum, microfiber towel drying, and leave-in cream with humectants like glycerin. Porosity-specific tip: Use lightweight, water-based products applied to damp hair; avoid heavy butters/oils that sit on the cuticle; consider heat (steam) to help product absorption.",Anti-frizz serum/cream,Daily as needed,Mild
1010,3C,Curly - Tight corkscrew curls,Low Porosity,Oily Scalp,Itchy/Irritated Scalp,"Allergic reaction to products, dry skin, dandruff, or scalp psoriasis/eczema","Persistent itching, redness, occasional burning sensation","Switch to fragrance-free, sulfate-free shampoo; use a soothing scalp serum with aloe vera or tea tree oil. Porosity-specific tip: Use lightweight, water-based products applied to damp hair; avoid heavy butters/oils that sit on the cuticle; consider heat (steam) to help product absorption.",Soothing scalp serum,"Daily until resolved, then 2x/week",Mild-Moderate
1011,3C,Curly - Tight corkscrew curls,Low Porosity,Oily Scalp,Product Buildup,"Accumulation of styling products, hard water minerals, or infrequent clarifying washes","Dull, weighed-down hair, reduced curl definition, waxy scalp feel","Use a clarifying or chelating shampoo once every 1-2 weeks to remove residue. Porosity-specific tip: Use lightweight, water-based products applied to damp hair; avoid heavy butters/oils that sit on the cuticle; consider heat (steam) to help product absorption.",Clarifying/chelating shampoo,Every 1-2 weeks,Mild
1012,3C,Curly - Tight corkscrew curls,Low Porosity,Dry Scalp,Dandruff,"Malassezia fungus overgrowth, dry skin, or sensitivity to hair products","White/yellow flakes on scalp and shoulders, mild itching","Use an anti-dandruff shampoo containing zinc pyrithione, ketoconazole, or selenium sulfide; avoid over-washing. Porosity-specific tip: Use lightweight, water-based products applied to damp hair; avoid heavy butters/oils that sit on the cuticle; consider heat (steam) to help product absorption.",Medicated anti-dandruff shampoo,2-3 times per week,Mild-Moderate
1013,3C,Curly - Tight corkscrew curls,Low Porosity,Dry Scalp,Dry Scalp,"Low sebum production, cold/dry weather, harsh shampoos, or dehydration","Tight, flaky, itchy scalp without excess oil","Apply a hydrating scalp oil (jojoba, argan) and switch to a sulfate-free moisturizing shampoo. Porosity-specific tip: Use lightweight, water-based products applied to damp hair; avoid heavy butters/oils that sit on the cuticle; consider heat (steam) to help product absorption.",Scalp oil massage + hydrating shampoo,2 times per week,Mild
1014,3C,Curly - Tight corkscrew curls,Low Porosity,Dry Scalp,Oily Scalp,"Overactive sebaceous glands, hormonal changes, or infrequent washing","Greasy roots, flat-looking hair, scalp odor","Use a clarifying shampoo with tea tree oil or salicylic acid; avoid heavy conditioners near the roots. Porosity-specific tip: Use lightweight, water-based products applied to damp hair; avoid heavy butters/oils that sit on the cuticle; consider heat (steam) to help product absorption.",Clarifying shampoo,Every 2-3 days,Mild-Moderate
1015,3C,Curly - Tight corkscrew curls,Low Porosity,Dry Scalp,Hair Breakage,"Excess heat styling, chemical treatments, over-brushing, or protein/moisture imbalance","Short broken strands, rough texture, visible split hairs","Reduce heat styling, use a protein-moisture balanced deep conditioner, trim damaged ends. Porosity-specific tip: Use lightweight, water-based products applied to damp hair; avoid heavy butters/oils that sit on the cuticle; consider heat (steam) to help product absorption.",Protein treatment + deep conditioning mask,Weekly,Moderate
1016,3C,Curly - Tight corkscrew curls,Low Porosity,Dry Scalp,Split Ends,"Mechanical damage, lack of trimming, friction from towels/pillowcases","Frayed, forked hair tips that look dry and dull","Regular trims every 8-10 weeks and use leave-in conditioner or hair oil to seal ends. Porosity-specific tip: Use lightweight, water-based products applied to damp hair; avoid heavy butters/oils that sit on the cuticle; consider heat (steam) to help product absorption.",Leave-in conditioner + regular trims,"Bi-weekly application, trims every 2 months",Mild
1017,3C,Curly - Tight corkscrew curls,Low Porosity,Dry Scalp,Frizz,"Humidity, lack of moisture, raised hair cuticle, or over-washing","Flyaway strands, rough and unmanageable texture","Use anti-frizz serum, microfiber towel drying, and leave-in cream with humectants like glycerin. Porosity-specific tip: Use lightweight, water-based products applied to damp hair; avoid heavy butters/oils that sit on the cuticle; consider heat (steam) to help product absorption.",Anti-frizz serum/cream,Daily as needed,Mild
1018,3C,Curly - Tight corkscrew curls,Low Porosity,Dry Scalp,Itchy/Irritated Scalp,"Allergic reaction to products, dry skin, dandruff, or scalp psoriasis/eczema","Persistent itching, redness, occasional burning sensation","Switch to fragrance-free, sulfate-free shampoo; use a soothing scalp serum with aloe vera or tea tree oil. Porosity-specific tip: Use lightweight, water-based products applied to damp hair; avoid heavy butters/oils that sit on the cuticle; consider heat (steam) to help product absorption.",Soothing scalp serum,"Daily until resolved, then 2x/week",Mild-Moderate
1019,3C,Curly - Tight corkscrew curls,Low Porosity,Dry Scalp,Product Buildup,"Accumulation of styling products, hard water minerals, or infrequent clarifying washes","Dull, weighed-down hair, reduced curl definition, waxy scalp feel","Use a clarifying or chelating shampoo once every 1-2 weeks to remove residue. Porosity-specific tip: Use lightweight, water-based products applied to damp hair; avoid heavy butters/oils that sit on the cuticle; consider heat (steam) to help product absorption.",Clarifying/chelating shampoo,Every 1-2 weeks,Mild
1020,3C,Curly - Tight corkscrew curls,Low Porosity,Normal Scalp,Dandruff,"Malassezia fungus overgrowth, dry skin, or sensitivity to hair products","White/yellow flakes on scalp and shoulders, mild itching","Use an anti-dandruff shampoo containing zinc pyrithione, ketoconazole, or selenium sulfide; avoid over-washing. Porosity-specific tip: Use lightweight, water-based products applied to damp hair; avoid heavy butters/oils that sit on the cuticle; consider heat (steam) to help product absorption.",Medicated anti-dandruff shampoo,2-3 times per week,Mild-Moderate
1021,3C,Curly - Tight corkscrew curls,Low Porosity,Normal Scalp,Dry Scalp,"Low sebum production, cold/dry weather, harsh shampoos, or dehydration","Tight, flaky, itchy scalp without excess oil","Apply a hydrating scalp oil (jojoba, argan) and switch to a sulfate-free moisturizing shampoo. Porosity-specific tip: Use lightweight, water-based products applied to damp hair; avoid heavy butters/oils that sit on the cuticle; consider heat (steam) to help product absorption.",Scalp oil massage + hydrating shampoo,2 times per week,Mild
1022,3C,Curly - Tight corkscrew curls,Low Porosity,Normal Scalp,Oily Scalp,"Overactive sebaceous glands, hormonal changes, or infrequent washing","Greasy roots, flat-looking hair, scalp odor","Use a clarifying shampoo with tea tree oil or salicylic acid; avoid heavy conditioners near the roots. Porosity-specific tip: Use lightweight, water-based products applied to damp hair; avoid heavy butters/oils that sit on the cuticle; consider heat (steam) to help product absorption.",Clarifying shampoo,Every 2-3 days,Mild-Moderate
1023,3C,Curly - Tight corkscrew curls,Low Porosity,Normal Scalp,Hair Breakage,"Excess heat styling, chemical treatments, over-brushing, or protein/moisture imbalance","Short broken strands, rough texture, visible split hairs","Reduce heat styling, use a protein-moisture balanced deep conditioner, trim damaged ends. Porosity-specific tip: Use lightweight, water-based products applied to damp hair; avoid heavy butters/oils that sit on the cuticle; consider heat (steam) to help product absorption.",Protein treatment + deep conditioning mask,Weekly,Moderate
1024,3C,Curly - Tight corkscrew curls,Low Porosity,Normal Scalp,Split Ends,"Mechanical damage, lack of trimming, friction from towels/pillowcases","Frayed, forked hair tips that look dry and dull","Regular trims every 8-10 weeks and use leave-in conditioner or hair oil to seal ends. Porosity-specific tip: Use lightweight, water-based products applied to damp hair; avoid heavy butters/oils that sit on the cuticle; consider heat (steam) to help product absorption.",Leave-in conditioner + regular trims,"Bi-weekly application, trims every 2 months",Mild
1025,3C,Curly - Tight corkscrew curls,Low Porosity,Normal Scalp,Frizz,"Humidity, lack of moisture, raised hair cuticle, or over-washing","Flyaway strands, rough and unmanageable texture","Use anti-frizz serum, microfiber towel drying, and leave-in cream with humectants like glycerin. Porosity-specific tip: Use lightweight, water-based products applied to damp hair; avoid heavy butters/oils that sit on the cuticle; consider heat (steam) to help product absorption.",Anti-frizz serum/cream,Daily as needed,Mild
1026,3C,Curly - Tight corkscrew curls,Low Porosity,Normal Scalp,Itchy/Irritated Scalp,"Allergic reaction to products, dry skin, dandruff, or scalp psoriasis/eczema","Persistent itching, redness, occasional burning sensation","Switch to fragrance-free, sulfate-free shampoo; use a soothing scalp serum with aloe vera or tea tree oil. Porosity-specific tip: Use lightweight, water-based products applied to damp hair; avoid heavy butters/oils that sit on the cuticle; consider heat (steam) to help product absorption.",Soothing scalp serum,"Daily until resolved, then 2x/week",Mild-Moderate
1027,3C,Curly - Tight corkscrew curls,Low Porosity,Normal Scalp,Product Buildup,"Accumulation of styling products, hard water minerals, or infrequent clarifying washes","Dull, weighed-down hair, reduced curl definition, waxy scalp feel","Use a clarifying or chelating shampoo once every 1-2 weeks to remove residue. Porosity-specific tip: Use lightweight, water-based products applied to damp hair; avoid heavy butters/oils that sit on the cuticle; consider heat (steam) to help product absorption.",Clarifying/chelating shampoo,Every 1-2 weeks,Mild
1028,3C,Curly - Tight corkscrew curls,Low Porosity,Combination Scalp,Dandruff,"Malassezia fungus overgrowth, dry skin, or sensitivity to hair products","White/yellow flakes on scalp and shoulders, mild itching","Use an anti-dandruff shampoo containing zinc pyrithione, ketoconazole, or selenium sulfide; avoid over-washing. Porosity-specific tip: Use lightweight, water-based products applied to damp hair; avoid heavy butters/oils that sit on the cuticle; consider heat (steam) to help product absorption.",Medicated anti-dandruff shampoo,2-3 times per week,Mild-Moderate
1029,3C,Curly - Tight corkscrew curls,Low Porosity,Combination Scalp,Dry Scalp,"Low sebum production, cold/dry weather, harsh shampoos, or dehydration","Tight, flaky, itchy scalp without excess oil","Apply a hydrating scalp oil (jojoba, argan) and switch to a sulfate-free moisturizing shampoo. Porosity-specific tip: Use lightweight, water-based products applied to damp hair; avoid heavy butters/oils that sit on the cuticle; consider heat (steam) to help product absorption.",Scalp oil massage + hydrating shampoo,2 times per week,Mild
1030,3C,Curly - Tight corkscrew curls,Low Porosity,Combination Scalp,Oily Scalp,"Overactive sebaceous glands, hormonal changes, or infrequent washing","Greasy roots, flat-looking hair, scalp odor","Use a clarifying shampoo with tea tree oil or salicylic acid; avoid heavy conditioners near the roots. Porosity-specific tip: Use lightweight, water-based products applied to damp hair; avoid heavy butters/oils that sit on the cuticle; consider heat (steam) to help product absorption.",Clarifying shampoo,Every 2-3 days,Mild-Moderate
1031,3C,Curly - Tight corkscrew curls,Low Porosity,Combination Scalp,Hair Breakage,"Excess heat styling, chemical treatments, over-brushing, or protein/moisture imbalance","Short broken strands, rough texture, visible split hairs","Reduce heat styling, use a protein-moisture balanced deep conditioner, trim damaged ends. Porosity-specific tip: Use lightweight, water-based products applied to damp hair; avoid heavy butters/oils that sit on the cuticle; consider heat (steam) to help product absorption.",Protein treatment + deep conditioning mask,Weekly,Moderate
1032,3C,Curly - Tight corkscrew curls,Low Porosity,Combination Scalp,Split Ends,"Mechanical damage, lack of trimming, friction from towels/pillowcases","Frayed, forked hair tips that look dry and dull","Regular trims every 8-10 weeks and use leave-in conditioner or hair oil to seal ends. Porosity-specific tip: Use lightweight, water-based products applied to damp hair; avoid heavy butters/oils that sit on the cuticle; consider heat (steam) to help product absorption.",Leave-in conditioner + regular trims,"Bi-weekly application, trims every 2 months",Mild
1033,3C,Curly - Tight corkscrew curls,Low Porosity,Combination Scalp,Frizz,"Humidity, lack of moisture, raised hair cuticle, or over-washing","Flyaway strands, rough and unmanageable texture","Use anti-frizz serum, microfiber towel drying, and leave-in cream with humectants like glycerin. Porosity-specific tip: Use lightweight, water-based products applied to damp hair; avoid heavy butters/oils that sit on the cuticle; consider heat (steam) to help product absorption.",Anti-frizz serum/cream,Daily as needed,Mild
1034,3C,Curly - Tight corkscrew curls,Low Porosity,Combination Scalp,Hair Thinning,"Genetics, stress, nutritional deficiency, hormonal imbalance, or postpartum changes","Reduced hair density, visible scalp, thinner ponytail","Use minoxidil-based topical treatment, biotin/iron supplementation (consult a doctor), and gentle scalp massage. Porosity-specific tip: Use lightweight, water-based products applied to damp hair; avoid heavy butters/oils that sit on the cuticle; consider heat (steam) to help product absorption.",Minoxidil topical + supplements,Daily application,Moderate-Severe
1035,3C,Curly - Tight corkscrew curls,Low Porosity,Combination Scalp,Itchy/Irritated Scalp,"Allergic reaction to products, dry skin, dandruff, or scalp psoriasis/eczema","Persistent itching, redness, occasional burning sensation","Switch to fragrance-free, sulfate-free shampoo; use a soothing scalp serum with aloe vera or tea tree oil. Porosity-specific tip: Use lightweight, water-based products applied to damp hair; avoid heavy butters/oils that sit on the cuticle; consider heat (steam) to help product absorption.",Soothing scalp serum,"Daily until resolved, then 2x/week",Mild-Moderate
1036,3C,Curly - Tight corkscrew curls,Low Porosity,Combination Scalp,Product Buildup,"Accumulation of styling products, hard water minerals, or infrequent clarifying washes","Dull, weighed-down hair, reduced curl definition, waxy scalp feel","Use a clarifying or chelating shampoo once every 1-2 weeks to remove residue. Porosity-specific tip: Use lightweight, water-based products applied to damp hair; avoid heavy butters/oils that sit on the cuticle; consider heat (steam) to help product absorption.",Clarifying/chelating shampoo,Every 1-2 weeks,Mild
1037,3C,Curly - Tight corkscrew curls,Low Porosity,Sensitive Scalp,Dandruff,"Malassezia fungus overgrowth, dry skin, or sensitivity to hair products","White/yellow flakes on scalp and shoulders, mild itching","Use an anti-dandruff shampoo containing zinc pyrithione, ketoconazole, or selenium sulfide; avoid over-washing. Porosity-specific tip: Use lightweight, water-based products applied to damp hair; avoid heavy butters/oils that sit on the cuticle; consider heat (steam) to help product absorption.",Medicated anti-dandruff shampoo,2-3 times per week,Mild-Moderate
1038,3C,Curly - Tight corkscrew curls,Low Porosity,Sensitive Scalp,Dry Scalp,"Low sebum production, cold/dry weather, harsh shampoos, or dehydration","Tight, flaky, itchy scalp without excess oil","Apply a hydrating scalp oil (jojoba, argan) and switch to a sulfate-free moisturizing shampoo. Porosity-specific tip: Use lightweight, water-based products applied to damp hair; avoid heavy butters/oils that sit on the cuticle; consider heat (steam) to help product absorption.",Scalp oil massage + hydrating shampoo,2 times per week,Mild
1039,3C,Curly - Tight corkscrew curls,Low Porosity,Sensitive Scalp,Oily Scalp,"Overactive sebaceous glands, hormonal changes, or infrequent washing","Greasy roots, flat-looking hair, scalp odor","Use a clarifying shampoo with tea tree oil or salicylic acid; avoid heavy conditioners near the roots. Porosity-specific tip: Use lightweight, water-based products applied to damp hair; avoid heavy butters/oils that sit on the cuticle; consider heat (steam) to help product absorption.",Clarifying shampoo,Every 2-3 days,Mild-Moderate
1040,3C,Curly - Tight corkscrew curls,Low Porosity,Sensitive Scalp,Hair Breakage,"Excess heat styling, chemical treatments, over-brushing, or protein/moisture imbalance","Short broken strands, rough texture, visible split hairs","Reduce heat styling, use a protein-moisture balanced deep conditioner, trim damaged ends. Porosity-specific tip: Use lightweight, water-based products applied to damp hair; avoid heavy butters/oils that sit on the cuticle; consider heat (steam) to help product absorption.",Protein treatment + deep conditioning mask,Weekly,Moderate
1041,3C,Curly - Tight corkscrew curls,Low Porosity,Sensitive Scalp,Split Ends,"Mechanical damage, lack of trimming, friction from towels/pillowcases","Frayed, forked hair tips that look dry and dull","Regular trims every 8-10 weeks and use leave-in conditioner or hair oil to seal ends. Porosity-specific tip: Use lightweight, water-based products applied to damp hair; avoid heavy butters/oils that sit on the cuticle; consider heat (steam) to help product absorption.",Leave-in conditioner + regular trims,"Bi-weekly application, trims every 2 months",Mild
1042,3C,Curly - Tight corkscrew curls,Low Porosity,Sensitive Scalp,Frizz,"Humidity, lack of moisture, raised hair cuticle, or over-washing","Flyaway strands, rough and unmanageable texture","Use anti-frizz serum, microfiber towel drying, and leave-in cream with humectants like glycerin. Porosity-specific tip: Use lightweight, water-based products applied to damp hair; avoid heavy butters/oils that sit on the cuticle; consider heat (steam) to help product absorption.",Anti-frizz serum/cream,Daily as needed,Mild
1043,3C,Curly - Tight corkscrew curls,Low Porosity,Sensitive Scalp,Hair Thinning,"Genetics, stress, nutritional deficiency, hormonal imbalance, or postpartum changes","Reduced hair density, visible scalp, thinner ponytail","Use minoxidil-based topical treatment, biotin/iron supplementation (consult a doctor), and gentle scalp massage. Porosity-specific tip: Use lightweight, water-based products applied to damp hair; avoid heavy butters/oils that sit on the cuticle; consider heat (steam) to help product absorption.",Minoxidil topical + supplements,Daily application,Moderate-Severe
1044,3C,Curly - Tight corkscrew curls,Low Porosity,Sensitive Scalp,Product Buildup,"Accumulation of styling products, hard water minerals, or infrequent clarifying washes","Dull, weighed-down hair, reduced curl definition, waxy scalp feel","Use a clarifying or chelating shampoo once every 1-2 weeks to remove residue. Porosity-specific tip: Use lightweight, water-based products applied to damp hair; avoid heavy butters/oils that sit on the cuticle; consider heat (steam) to help product absorption.",Clarifying/chelating shampoo,Every 1-2 weeks,Mild
1045,3C,Curly - Tight corkscrew curls,Medium Porosity,Oily Scalp,Dandruff,"Malassezia fungus overgrowth, dry skin, or sensitivity to hair products","White/yellow flakes on scalp and shoulders, mild itching","Use an anti-dandruff shampoo containing zinc pyrithione, ketoconazole, or selenium sulfide; avoid over-washing. Porosity-specific tip: Balanced routine works well; maintain regular deep conditioning every 1-2 weeks to preserve moisture-protein balance.",Medicated anti-dandruff shampoo,2-3 times per week,Mild-Moderate
1046,3C,Curly - Tight corkscrew curls,Medium Porosity,Oily Scalp,Oily Scalp,"Overactive sebaceous glands, hormonal changes, or infrequent washing","Greasy roots, flat-looking hair, scalp odor",Use a clarifying shampoo with tea tree oil or salicylic acid; avoid heavy conditioners near the roots. Porosity-specific tip: Balanced routine works well; maintain regular deep conditioning every 1-2 weeks to preserve moisture-protein balance.,Clarifying shampoo,Every 2-3 days,Mild-Moderate
1047,3C,Curly - Tight corkscrew curls,Medium Porosity,Oily Scalp,Hair Breakage,"Excess heat styling, chemical treatments, over-brushing, or protein/moisture imbalance","Short broken strands, rough texture, visible split hairs","Reduce heat styling, use a protein-moisture balanced deep conditioner, trim damaged ends. Porosity-specific tip: Balanced routine works well; maintain regular deep conditioning every 1-2 weeks to preserve moisture-protein balance.",Protein treatment + deep conditioning mask,Weekly,Moderate
1048,3C,Curly - Tight corkscrew curls,Medium Porosity,Oily Scalp,Hair Thinning,"Genetics, stress, nutritional deficiency, hormonal imbalance, or postpartum changes","Reduced hair density, visible scalp, thinner ponytail","Use minoxidil-based topical treatment, biotin/iron supplementation (consult a doctor), and gentle scalp massage. Porosity-specific tip: Balanced routine works well; maintain regular deep conditioning every 1-2 weeks to preserve moisture-protein balance.",Minoxidil topical + supplements,Daily application,Moderate-Severe
1049,3C,Curly - Tight corkscrew curls,Medium Porosity,Oily Scalp,Itchy/Irritated Scalp,"Allergic reaction to products, dry skin, dandruff, or scalp psoriasis/eczema","Persistent itching, redness, occasional burning sensation","Switch to fragrance-free, sulfate-free shampoo; use a soothing scalp serum with aloe vera or tea tree oil. Porosity-specific tip: Balanced routine works well; maintain regular deep conditioning every 1-2 weeks to preserve moisture-protein balance.",Soothing scalp serum,"Daily until resolved, then 2x/week",Mild-Moderate
1050,3C,Curly - Tight corkscrew curls,Medium Porosity,Oily Scalp,Product Buildup,"Accumulation of styling products, hard water minerals, or infrequent clarifying washes","Dull, weighed-down hair, reduced curl definition, waxy scalp feel",Use a clarifying or chelating shampoo once every 1-2 weeks to remove residue. Porosity-specific tip: Balanced routine works well; maintain regular deep conditioning every 1-2 weeks to preserve moisture-protein balance.,Clarifying/chelating shampoo,Every 1-2 weeks,Mild
1051,3C,Curly - Tight corkscrew curls,Medium Porosity,Dry Scalp,Dandruff,"Malassezia fungus overgrowth, dry skin, or sensitivity to hair products","White/yellow flakes on scalp and shoulders, mild itching","Use an anti-dandruff shampoo containing zinc pyrithione, ketoconazole, or selenium sulfide; avoid over-washing. Porosity-specific tip: Balanced routine works well; maintain regular deep conditioning every 1-2 weeks to preserve moisture-protein balance.",Medicated anti-dandruff shampoo,2-3 times per week,Mild-Moderate
1052,3C,Curly - Tight corkscrew curls,Medium Porosity,Dry Scalp,Dry Scalp,"Low sebum production, cold/dry weather, harsh shampoos, or dehydration","Tight, flaky, itchy scalp without excess oil","Apply a hydrating scalp oil (jojoba, argan) and switch to a sulfate-free moisturizing shampoo. Porosity-specific tip: Balanced routine works well; maintain regular deep conditioning every 1-2 weeks to preserve moisture-protein balance.",Scalp oil massage + hydrating shampoo,2 times per week,Mild
1053,3C,Curly - Tight corkscrew curls,Medium Porosity,Dry Scalp,Oily Scalp,"Overactive sebaceous glands, hormonal changes, or infrequent washing","Greasy roots, flat-looking hair, scalp odor",Use a clarifying shampoo with tea tree oil or salicylic acid; avoid heavy conditioners near the roots. Porosity-specific tip: Balanced routine works well; maintain regular deep conditioning every 1-2 weeks to preserve moisture-protein balance.,Clarifying shampoo,Every 2-3 days,Mild-Moderate
1054,3C,Curly - Tight corkscrew curls,Medium Porosity,Dry Scalp,Hair Breakage,"Excess heat styling, chemical treatments, over-brushing, or protein/moisture imbalance","Short broken strands, rough texture, visible split hairs","Reduce heat styling, use a protein-moisture balanced deep conditioner, trim damaged ends. Porosity-specific tip: Balanced routine works well; maintain regular deep conditioning every 1-2 weeks to preserve moisture-protein balance.",Protein treatment + deep conditioning mask,Weekly,Moderate
1055,3C,Curly - Tight corkscrew curls,Medium Porosity,Dry Scalp,Split Ends,"Mechanical damage, lack of trimming, friction from towels/pillowcases","Frayed, forked hair tips that look dry and dull",Regular trims every 8-10 weeks and use leave-in conditioner or hair oil to seal ends. Porosity-specific tip: Balanced routine works well; maintain regular deep conditioning every 1-2 weeks to preserve moisture-protein balance.,Leave-in conditioner + regular trims,"Bi-weekly application, trims every 2 months",Mild
1056,3C,Curly - Tight corkscrew curls,Medium Porosity,Dry Scalp,Frizz,"Humidity, lack of moisture, raised hair cuticle, or over-washing","Flyaway strands, rough and unmanageable texture","Use anti-frizz serum, microfiber towel drying, and leave-in cream with humectants like glycerin. Porosity-specific tip: Balanced routine works well; maintain regular deep conditioning every 1-2 weeks to preserve moisture-protein balance.",Anti-frizz serum/cream,Daily as needed,Mild
1057,3C,Curly - Tight corkscrew curls,Medium Porosity,Dry Scalp,Hair Thinning,"Genetics, stress, nutritional deficiency, hormonal imbalance, or postpartum changes","Reduced hair density, visible scalp, thinner ponytail","Use minoxidil-based topical treatment, biotin/iron supplementation (consult a doctor), and gentle scalp massage. Porosity-specific tip: Balanced routine works well; maintain regular deep conditioning every 1-2 weeks to preserve moisture-protein balance.",Minoxidil topical + supplements,Daily application,Moderate-Severe
1058,3C,Curly - Tight corkscrew curls,Medium Porosity,Dry Scalp,Itchy/Irritated Scalp,"Allergic reaction to products, dry skin, dandruff, or scalp psoriasis/eczema","Persistent itching, redness, occasional burning sensation","Switch to fragrance-free, sulfate-free shampoo; use a soothing scalp serum with aloe vera or tea tree oil. Porosity-specific tip: Balanced routine works well; maintain regular deep conditioning every 1-2 weeks to preserve moisture-protein balance.",Soothing scalp serum,"Daily until resolved, then 2x/week",Mild-Moderate
1059,3C,Curly - Tight corkscrew curls,Medium Porosity,Dry Scalp,Product Buildup,"Accumulation of styling products, hard water minerals, or infrequent clarifying washes","Dull, weighed-down hair, reduced curl definition, waxy scalp feel",Use a clarifying or chelating shampoo once every 1-2 weeks to remove residue. Porosity-specific tip: Balanced routine works well; maintain regular deep conditioning every 1-2 weeks to preserve moisture-protein balance.,Clarifying/chelating shampoo,Every 1-2 weeks,Mild
1060,3C,Curly - Tight corkscrew curls,Medium Porosity,Normal Scalp,Dandruff,"Malassezia fungus overgrowth, dry skin, or sensitivity to hair products","White/yellow flakes on scalp and shoulders, mild itching","Use an anti-dandruff shampoo containing zinc pyrithione, ketoconazole, or selenium sulfide; avoid over-washing. Porosity-specific tip: Balanced routine works well; maintain regular deep conditioning every 1-2 weeks to preserve moisture-protein balance.",Medicated anti-dandruff shampoo,2-3 times per week,Mild-Moderate
1061,3C,Curly - Tight corkscrew curls,Medium Porosity,Normal Scalp,Dry Scalp,"Low sebum production, cold/dry weather, harsh shampoos, or dehydration","Tight, flaky, itchy scalp without excess oil","Apply a hydrating scalp oil (jojoba, argan) and switch to a sulfate-free moisturizing shampoo. Porosity-specific tip: Balanced routine works well; maintain regular deep conditioning every 1-2 weeks to preserve moisture-protein balance.",Scalp oil massage + hydrating shampoo,2 times per week,Mild
1062,3C,Curly - Tight corkscrew curls,Medium Porosity,Normal Scalp,Oily Scalp,"Overactive sebaceous glands, hormonal changes, or infrequent washing","Greasy roots, flat-looking hair, scalp odor",Use a clarifying shampoo with tea tree oil or salicylic acid; avoid heavy conditioners near the roots. Porosity-specific tip: Balanced routine works well; maintain regular deep conditioning every 1-2 weeks to preserve moisture-protein balance.,Clarifying shampoo,Every 2-3 days,Mild-Moderate
1063,3C,Curly - Tight corkscrew curls,Medium Porosity,Normal Scalp,Hair Breakage,"Excess heat styling, chemical treatments, over-brushing, or protein/moisture imbalance","Short broken strands, rough texture, visible split hairs","Reduce heat styling, use a protein-moisture balanced deep conditioner, trim damaged ends. Porosity-specific tip: Balanced routine works well; maintain regular deep conditioning every 1-2 weeks to preserve moisture-protein balance.",Protein treatment + deep conditioning mask,Weekly,Moderate
1064,3C,Curly - Tight corkscrew curls,Medium Porosity,Normal Scalp,Split Ends,"Mechanical damage, lack of trimming, friction from towels/pillowcases","Frayed, forked hair tips that look dry and dull",Regular trims every 8-10 weeks and use leave-in conditioner or hair oil to seal ends. Porosity-specific tip: Balanced routine works well; maintain regular deep conditioning every 1-2 weeks to preserve moisture-protein balance.,Leave-in conditioner + regular trims,"Bi-weekly application, trims every 2 months",Mild
1065,3C,Curly - Tight corkscrew curls,Medium Porosity,Normal Scalp,Frizz,"Humidity, lack of moisture, raised hair cuticle, or over-washing","Flyaway strands, rough and unmanageable texture","Use anti-frizz serum, microfiber towel drying, and leave-in cream with humectants like glycerin. Porosity-specific tip: Balanced routine works well; maintain regular deep conditioning every 1-2 weeks to preserve moisture-protein balance.",Anti-frizz serum/cream,Daily as needed,Mild
1066,3C,Curly - Tight corkscrew curls,Medium Porosity,Normal Scalp,Hair Thinning,"Genetics, stress, nutritional deficiency, hormonal imbalance, or postpartum changes","Reduced hair density, visible scalp, thinner ponytail","Use minoxidil-based topical treatment, biotin/iron supplementation (consult a doctor), and gentle scalp massage. Porosity-specific tip: Balanced routine works well; maintain regular deep conditioning every 1-2 weeks to preserve moisture-protein balance.",Minoxidil topical + supplements,Daily application,Moderate-Severe
1067,3C,Curly - Tight corkscrew curls,Medium Porosity,Normal Scalp,Itchy/Irritated Scalp,"Allergic reaction to products, dry skin, dandruff, or scalp psoriasis/eczema","Persistent itching, redness, occasional burning sensation","Switch to fragrance-free, sulfate-free shampoo; use a soothing scalp serum with aloe vera or tea tree oil. Porosity-specific tip: Balanced routine works well; maintain regular deep conditioning every 1-2 weeks to preserve moisture-protein balance.",Soothing scalp serum,"Daily until resolved, then 2x/week",Mild-Moderate
1068,3C,Curly - Tight corkscrew curls,Medium Porosity,Normal Scalp,Product Buildup,"Accumulation of styling products, hard water minerals, or infrequent clarifying washes","Dull, weighed-down hair, reduced curl definition, waxy scalp feel",Use a clarifying or chelating shampoo once every 1-2 weeks to remove residue. Porosity-specific tip: Balanced routine works well; maintain regular deep conditioning every 1-2 weeks to preserve moisture-protein balance.,Clarifying/chelating shampoo,Every 1-2 weeks,Mild
1069,3C,Curly - Tight corkscrew curls,Medium Porosity,Combination Scalp,Dry Scalp,"Low sebum production, cold/dry weather, harsh shampoos, or dehydration","Tight, flaky, itchy scalp without excess oil","Apply a hydrating scalp oil (jojoba, argan) and switch to a sulfate-free moisturizing shampoo. Porosity-specific tip: Balanced routine works well; maintain regular deep conditioning every 1-2 weeks to preserve moisture-protein balance.",Scalp oil massage + hydrating shampoo,2 times per week,Mild
1070,3C,Curly - Tight corkscrew curls,Medium Porosity,Combination Scalp,Hair Breakage,"Excess heat styling, chemical treatments, over-brushing, or protein/moisture imbalance","Short broken strands, rough texture, visible split hairs","Reduce heat styling, use a protein-moisture balanced deep conditioner, trim damaged ends. Porosity-specific tip: Balanced routine works well; maintain regular deep conditioning every 1-2 weeks to preserve moisture-protein balance.",Protein treatment + deep conditioning mask,Weekly,Moderate
1071,3C,Curly - Tight corkscrew curls,Medium Porosity,Combination Scalp,Split Ends,"Mechanical damage, lack of trimming, friction from towels/pillowcases","Frayed, forked hair tips that look dry and dull",Regular trims every 8-10 weeks and use leave-in conditioner or hair oil to seal ends. Porosity-specific tip: Balanced routine works well; maintain regular deep conditioning every 1-2 weeks to preserve moisture-protein balance.,Leave-in conditioner + regular trims,"Bi-weekly application, trims every 2 months",Mild
1072,3C,Curly - Tight corkscrew curls,Medium Porosity,Combination Scalp,Frizz,"Humidity, lack of moisture, raised hair cuticle, or over-washing","Flyaway strands, rough and unmanageable texture","Use anti-frizz serum, microfiber towel drying, and leave-in cream with humectants like glycerin. Porosity-specific tip: Balanced routine works well; maintain regular deep conditioning every 1-2 weeks to preserve moisture-protein balance.",Anti-frizz serum/cream,Daily as needed,Mild
1073,3C,Curly - Tight corkscrew curls,Medium Porosity,Combination Scalp,Hair Thinning,"Genetics, stress, nutritional deficiency, hormonal imbalance, or postpartum changes","Reduced hair density, visible scalp, thinner ponytail","Use minoxidil-based topical treatment, biotin/iron supplementation (consult a doctor), and gentle scalp massage. Porosity-specific tip: Balanced routine works well; maintain regular deep conditioning every 1-2 weeks to preserve moisture-protein balance.",Minoxidil topical + supplements,Daily application,Moderate-Severe
1074,3C,Curly - Tight corkscrew curls,Medium Porosity,Combination Scalp,Itchy/Irritated Scalp,"Allergic reaction to products, dry skin, dandruff, or scalp psoriasis/eczema","Persistent itching, redness, occasional burning sensation","Switch to fragrance-free, sulfate-free shampoo; use a soothing scalp serum with aloe vera or tea tree oil. Porosity-specific tip: Balanced routine works well; maintain regular deep conditioning every 1-2 weeks to preserve moisture-protein balance.",Soothing scalp serum,"Daily until resolved, then 2x/week",Mild-Moderate
1075,3C,Curly - Tight corkscrew curls,Medium Porosity,Combination Scalp,Product Buildup,"Accumulation of styling products, hard water minerals, or infrequent clarifying washes","Dull, weighed-down hair, reduced curl definition, waxy scalp feel",Use a clarifying or chelating shampoo once every 1-2 weeks to remove residue. Porosity-specific tip: Balanced routine works well; maintain regular deep conditioning every 1-2 weeks to preserve moisture-protein balance.,Clarifying/chelating shampoo,Every 1-2 weeks,Mild
1076,3C,Curly - Tight corkscrew curls,Medium Porosity,Sensitive Scalp,Dandruff,"Malassezia fungus overgrowth, dry skin, or sensitivity to hair products","White/yellow flakes on scalp and shoulders, mild itching","Use an anti-dandruff shampoo containing zinc pyrithione, ketoconazole, or selenium sulfide; avoid over-washing. Porosity-specific tip: Balanced routine works well; maintain regular deep conditioning every 1-2 weeks to preserve moisture-protein balance.",Medicated anti-dandruff shampoo,2-3 times per week,Mild-Moderate
1077,3C,Curly - Tight corkscrew curls,Medium Porosity,Sensitive Scalp,Oily Scalp,"Overactive sebaceous glands, hormonal changes, or infrequent washing","Greasy roots, flat-looking hair, scalp odor",Use a clarifying shampoo with tea tree oil or salicylic acid; avoid heavy conditioners near the roots. Porosity-specific tip: Balanced routine works well; maintain regular deep conditioning every 1-2 weeks to preserve moisture-protein balance.,Clarifying shampoo,Every 2-3 days,Mild-Moderate
1078,3C,Curly - Tight corkscrew curls,Medium Porosity,Sensitive Scalp,Hair Breakage,"Excess heat styling, chemical treatments, over-brushing, or protein/moisture imbalance","Short broken strands, rough texture, visible split hairs","Reduce heat styling, use a protein-moisture balanced deep conditioner, trim damaged ends. Porosity-specific tip: Balanced routine works well; maintain regular deep conditioning every 1-2 weeks to preserve moisture-protein balance.",Protein treatment + deep conditioning mask,Weekly,Moderate
1079,3C,Curly - Tight corkscrew curls,Medium Porosity,Sensitive Scalp,Split Ends,"Mechanical damage, lack of trimming, friction from towels/pillowcases","Frayed, forked hair tips that look dry and dull",Regular trims every 8-10 weeks and use leave-in conditioner or hair oil to seal ends. Porosity-specific tip: Balanced routine works well; maintain regular deep conditioning every 1-2 weeks to preserve moisture-protein balance.,Leave-in conditioner + regular trims,"Bi-weekly application, trims every 2 months",Mild
1080,3C,Curly - Tight corkscrew curls,Medium Porosity,Sensitive Scalp,Frizz,"Humidity, lack of moisture, raised hair cuticle, or over-washing","Flyaway strands, rough and unmanageable texture","Use anti-frizz serum, microfiber towel drying, and leave-in cream with humectants like glycerin. Porosity-specific tip: Balanced routine works well; maintain regular deep conditioning every 1-2 weeks to preserve moisture-protein balance.",Anti-frizz serum/cream,Daily as needed,Mild
1081,3C,Curly - Tight corkscrew curls,Medium Porosity,Sensitive Scalp,Hair Thinning,"Genetics, stress, nutritional deficiency, hormonal imbalance, or postpartum changes","Reduced hair density, visible scalp, thinner ponytail","Use minoxidil-based topical treatment, biotin/iron supplementation (consult a doctor), and gentle scalp massage. Porosity-specific tip: Balanced routine works well; maintain regular deep conditioning every 1-2 weeks to preserve moisture-protein balance.",Minoxidil topical + supplements,Daily application,Moderate-Severe
1082,3C,Curly - Tight corkscrew curls,Medium Porosity,Sensitive Scalp,Itchy/Irritated Scalp,"Allergic reaction to products, dry skin, dandruff, or scalp psoriasis/eczema","Persistent itching, redness, occasional burning sensation","Switch to fragrance-free, sulfate-free shampoo; use a soothing scalp serum with aloe vera or tea tree oil. Porosity-specific tip: Balanced routine works well; maintain regular deep conditioning every 1-2 weeks to preserve moisture-protein balance.",Soothing scalp serum,"Daily until resolved, then 2x/week",Mild-Moderate
1083,3C,Curly - Tight corkscrew curls,Medium Porosity,Sensitive Scalp,Product Buildup,"Accumulation of styling products, hard water minerals, or infrequent clarifying washes","Dull, weighed-down hair, reduced curl definition, waxy scalp feel",Use a clarifying or chelating shampoo once every 1-2 weeks to remove residue. Porosity-specific tip: Balanced routine works well; maintain regular deep conditioning every 1-2 weeks to preserve moisture-protein balance.,Clarifying/chelating shampoo,Every 1-2 weeks,Mild
1084,3C,Curly - Tight corkscrew curls,High Porosity,Oily Scalp,Dandruff,"Malassezia fungus overgrowth, dry skin, or sensitivity to hair products","White/yellow flakes on scalp and shoulders, mild itching","Use an anti-dandruff shampoo containing zinc pyrithione, ketoconazole, or selenium sulfide; avoid over-washing. Porosity-specific tip: Use rich creams, butters, and oils to seal the cuticle; do a protein treatment periodically since high porosity hair loses moisture quickly.",Medicated anti-dandruff shampoo,2-3 times per week,Mild-Moderate
1085,3C,Curly - Tight corkscrew curls,High Porosity,Oily Scalp,Dry Scalp,"Low sebum production, cold/dry weather, harsh shampoos, or dehydration","Tight, flaky, itchy scalp without excess oil","Apply a hydrating scalp oil (jojoba, argan) and switch to a sulfate-free moisturizing shampoo. Porosity-specific tip: Use rich creams, butters, and oils to seal the cuticle; do a protein treatment periodically since high porosity hair loses moisture quickly.",Scalp oil massage + hydrating shampoo,2 times per week,Mild
1086,3C,Curly - Tight corkscrew curls,High Porosity,Oily Scalp,Oily Scalp,"Overactive sebaceous glands, hormonal changes, or infrequent washing","Greasy roots, flat-looking hair, scalp odor","Use a clarifying shampoo with tea tree oil or salicylic acid; avoid heavy conditioners near the roots. Porosity-specific tip: Use rich creams, butters, and oils to seal the cuticle; do a protein treatment periodically since high porosity hair loses moisture quickly.",Clarifying shampoo,Every 2-3 days,Mild-Moderate
1087,3C,Curly - Tight corkscrew curls,High Porosity,Oily Scalp,Hair Breakage,"Excess heat styling, chemical treatments, over-brushing, or protein/moisture imbalance","Short broken strands, rough texture, visible split hairs","Reduce heat styling, use a protein-moisture balanced deep conditioner, trim damaged ends. Porosity-specific tip: Use rich creams, butters, and oils to seal the cuticle; do a protein treatment periodically since high porosity hair loses moisture quickly.",Protein treatment + deep conditioning mask,Weekly,Moderate
1088,3C,Curly - Tight corkscrew curls,High Porosity,Oily Scalp,Split Ends,"Mechanical damage, lack of trimming, friction from towels/pillowcases","Frayed, forked hair tips that look dry and dull","Regular trims every 8-10 weeks and use leave-in conditioner or hair oil to seal ends. Porosity-specific tip: Use rich creams, butters, and oils to seal the cuticle; do a protein treatment periodically since high porosity hair loses moisture quickly.",Leave-in conditioner + regular trims,"Bi-weekly application, trims every 2 months",Mild
1089,3C,Curly - Tight corkscrew curls,High Porosity,Oily Scalp,Frizz,"Humidity, lack of moisture, raised hair cuticle, or over-washing","Flyaway strands, rough and unmanageable texture","Use anti-frizz serum, microfiber towel drying, and leave-in cream with humectants like glycerin. Porosity-specific tip: Use rich creams, butters, and oils to seal the cuticle; do a protein treatment periodically since high porosity hair loses moisture quickly.",Anti-frizz serum/cream,Daily as needed,Mild
1090,3C,Curly - Tight corkscrew curls,High Porosity,Oily Scalp,Hair Thinning,"Genetics, stress, nutritional deficiency, hormonal imbalance, or postpartum changes","Reduced hair density, visible scalp, thinner ponytail","Use minoxidil-based topical treatment, biotin/iron supplementation (consult a doctor), and gentle scalp massage. Porosity-specific tip: Use rich creams, butters, and oils to seal the cuticle; do a protein treatment periodically since high porosity hair loses moisture quickly.",Minoxidil topical + supplements,Daily application,Moderate-Severe
1091,3C,Curly - Tight corkscrew curls,High Porosity,Oily Scalp,Itchy/Irritated Scalp,"Allergic reaction to products, dry skin, dandruff, or scalp psoriasis/eczema","Persistent itching, redness, occasional burning sensation","Switch to fragrance-free, sulfate-free shampoo; use a soothing scalp serum with aloe vera or tea tree oil. Porosity-specific tip: Use rich creams, butters, and oils to seal the cuticle; do a protein treatment periodically since high porosity hair loses moisture quickly.",Soothing scalp serum,"Daily until resolved, then 2x/week",Mild-Moderate
1092,3C,Curly - Tight corkscrew curls,High Porosity,Oily Scalp,Product Buildup,"Accumulation of styling products, hard water minerals, or infrequent clarifying washes","Dull, weighed-down hair, reduced curl definition, waxy scalp feel","Use a clarifying or chelating shampoo once every 1-2 weeks to remove residue. Porosity-specific tip: Use rich creams, butters, and oils to seal the cuticle; do a protein treatment periodically since high porosity hair loses moisture quickly.",Clarifying/chelating shampoo,Every 1-2 weeks,Mild
1093,3C,Curly - Tight corkscrew curls,High Porosity,Dry Scalp,Dandruff,"Malassezia fungus overgrowth, dry skin, or sensitivity to hair products","White/yellow flakes on scalp and shoulders, mild itching","Use an anti-dandruff shampoo containing zinc pyrithione, ketoconazole, or selenium sulfide; avoid over-washing. Porosity-specific tip: Use rich creams, butters, and oils to seal the cuticle; do a protein treatment periodically since high porosity hair loses moisture quickly.",Medicated anti-dandruff shampoo,2-3 times per week,Mild-Moderate
1094,3C,Curly - Tight corkscrew curls,High Porosity,Dry Scalp,Oily Scalp,"Overactive sebaceous glands, hormonal changes, or infrequent washing","Greasy roots, flat-looking hair, scalp odor","Use a clarifying shampoo with tea tree oil or salicylic acid; avoid heavy conditioners near the roots. Porosity-specific tip: Use rich creams, butters, and oils to seal the cuticle; do a protein treatment periodically since high porosity hair loses moisture quickly.",Clarifying shampoo,Every 2-3 days,Mild-Moderate
1095,3C,Curly - Tight corkscrew curls,High Porosity,Dry Scalp,Hair Breakage,"Excess heat styling, chemical treatments, over-brushing, or protein/moisture imbalance","Short broken strands, rough texture, visible split hairs","Reduce heat styling, use a protein-moisture balanced deep conditioner, trim damaged ends. Porosity-specific tip: Use rich creams, butters, and oils to seal the cuticle; do a protein treatment periodically since high porosity hair loses moisture quickly.",Protein treatment + deep conditioning mask,Weekly,Moderate
1096,3C,Curly - Tight corkscrew curls,High Porosity,Dry Scalp,Split Ends,"Mechanical damage, lack of trimming, friction from towels/pillowcases","Frayed, forked hair tips that look dry and dull","Regular trims every 8-10 weeks and use leave-in conditioner or hair oil to seal ends. Porosity-specific tip: Use rich creams, butters, and oils to seal the cuticle; do a protein treatment periodically since high porosity hair loses moisture quickly.",Leave-in conditioner + regular trims,"Bi-weekly application, trims every 2 months",Mild
1097,3C,Curly - Tight corkscrew curls,High Porosity,Dry Scalp,Hair Thinning,"Genetics, stress, nutritional deficiency, hormonal imbalance, or postpartum changes","Reduced hair density, visible scalp, thinner ponytail","Use minoxidil-based topical treatment, biotin/iron supplementation (consult a doctor), and gentle scalp massage. Porosity-specific tip: Use rich creams, butters, and oils to seal the cuticle; do a protein treatment periodically since high porosity hair loses moisture quickly.",Minoxidil topical + supplements,Daily application,Moderate-Severe
1098,3C,Curly - Tight corkscrew curls,High Porosity,Dry Scalp,Itchy/Irritated Scalp,"Allergic reaction to products, dry skin, dandruff, or scalp psoriasis/eczema","Persistent itching, redness, occasional burning sensation","Switch to fragrance-free, sulfate-free shampoo; use a soothing scalp serum with aloe vera or tea tree oil. Porosity-specific tip: Use rich creams, butters, and oils to seal the cuticle; do a protein treatment periodically since high porosity hair loses moisture quickly.",Soothing scalp serum,"Daily until resolved, then 2x/week",Mild-Moderate
1099,3C,Curly - Tight corkscrew curls,High Porosity,Dry Scalp,Product Buildup,"Accumulation of styling products, hard water minerals, or infrequent clarifying washes","Dull, weighed-down hair, reduced curl definition, waxy scalp feel","Use a clarifying or chelating shampoo once every 1-2 weeks to remove residue. Porosity-specific tip: Use rich creams, butters, and oils to seal the cuticle; do a protein treatment periodically since high porosity hair loses moisture quickly.",Clarifying/chelating shampoo,Every 1-2 weeks,Mild
1100,3C,Curly - Tight corkscrew curls,High Porosity,Normal Scalp,Dandruff,"Malassezia fungus overgrowth, dry skin, or sensitivity to hair products","White/yellow flakes on scalp and shoulders, mild itching","Use an anti-dandruff shampoo containing zinc pyrithione, ketoconazole, or selenium sulfide; avoid over-washing. Porosity-specific tip: Use rich creams, butters, and oils to seal the cuticle; do a protein treatment periodically since high porosity hair loses moisture quickly.",Medicated anti-dandruff shampoo,2-3 times per week,Mild-Moderate
1101,3C,Curly - Tight corkscrew curls,High Porosity,Normal Scalp,Dry Scalp,"Low sebum production, cold/dry weather, harsh shampoos, or dehydration","Tight, flaky, itchy scalp without excess oil","Apply a hydrating scalp oil (jojoba, argan) and switch to a sulfate-free moisturizing shampoo. Porosity-specific tip: Use rich creams, butters, and oils to seal the cuticle; do a protein treatment periodically since high porosity hair loses moisture quickly.",Scalp oil massage + hydrating shampoo,2 times per week,Mild
1102,3C,Curly - Tight corkscrew curls,High Porosity,Normal Scalp,Oily Scalp,"Overactive sebaceous glands, hormonal changes, or infrequent washing","Greasy roots, flat-looking hair, scalp odor","Use a clarifying shampoo with tea tree oil or salicylic acid; avoid heavy conditioners near the roots. Porosity-specific tip: Use rich creams, butters, and oils to seal the cuticle; do a protein treatment periodically since high porosity hair loses moisture quickly.",Clarifying shampoo,Every 2-3 days,Mild-Moderate
1103,3C,Curly - Tight corkscrew curls,High Porosity,Normal Scalp,Hair Breakage,"Excess heat styling, chemical treatments, over-brushing, or protein/moisture imbalance","Short broken strands, rough texture, visible split hairs","Reduce heat styling, use a protein-moisture balanced deep conditioner, trim damaged ends. Porosity-specific tip: Use rich creams, butters, and oils to seal the cuticle; do a protein treatment periodically since high porosity hair loses moisture quickly.",Protein treatment + deep conditioning mask,Weekly,Moderate
1104,3C,Curly - Tight corkscrew curls,High Porosity,Normal Scalp,Split Ends,"Mechanical damage, lack of trimming, friction from towels/pillowcases","Frayed, forked hair tips that look dry and dull","Regular trims every 8-10 weeks and use leave-in conditioner or hair oil to seal ends. Porosity-specific tip: Use rich creams, butters, and oils to seal the cuticle; do a protein treatment periodically since high porosity hair loses moisture quickly.",Leave-in conditioner + regular trims,"Bi-weekly application, trims every 2 months",Mild
1105,3C,Curly - Tight corkscrew curls,High Porosity,Normal Scalp,Frizz,"Humidity, lack of moisture, raised hair cuticle, or over-washing","Flyaway strands, rough and unmanageable texture","Use anti-frizz serum, microfiber towel drying, and leave-in cream with humectants like glycerin. Porosity-specific tip: Use rich creams, butters, and oils to seal the cuticle; do a protein treatment periodically since high porosity hair loses moisture quickly.",Anti-frizz serum/cream,Daily as needed,Mild
1106,3C,Curly - Tight corkscrew curls,High Porosity,Normal Scalp,Hair Thinning,"Genetics, stress, nutritional deficiency, hormonal imbalance, or postpartum changes","Reduced hair density, visible scalp, thinner ponytail","Use minoxidil-based topical treatment, biotin/iron supplementation (consult a doctor), and gentle scalp massage. Porosity-specific tip: Use rich creams, butters, and oils to seal the cuticle; do a protein treatment periodically since high porosity hair loses moisture quickly.",Minoxidil topical + supplements,Daily application,Moderate-Severe
1107,3C,Curly - Tight corkscrew curls,High Porosity,Normal Scalp,Itchy/Irritated Scalp,"Allergic reaction to products, dry skin, dandruff, or scalp psoriasis/eczema","Persistent itching, redness, occasional burning sensation","Switch to fragrance-free, sulfate-free shampoo; use a soothing scalp serum with aloe vera or tea tree oil. Porosity-specific tip: Use rich creams, butters, and oils to seal the cuticle; do a protein treatment periodically since high porosity hair loses moisture quickly.",Soothing scalp serum,"Daily until resolved, then 2x/week",Mild-Moderate
1108,3C,Curly - Tight corkscrew curls,High Porosity,Normal Scalp,Product Buildup,"Accumulation of styling products, hard water minerals, or infrequent clarifying washes","Dull, weighed-down hair, reduced curl definition, waxy scalp feel","Use a clarifying or chelating shampoo once every 1-2 weeks to remove residue. Porosity-specific tip: Use rich creams, butters, and oils to seal the cuticle; do a protein treatment periodically since high porosity hair loses moisture quickly.",Clarifying/chelating shampoo,Every 1-2 weeks,Mild
1109,3C,Curly - Tight corkscrew curls,High Porosity,Combination Scalp,Dandruff,"Malassezia fungus overgrowth, dry skin, or sensitivity to hair products","White/yellow flakes on scalp and shoulders, mild itching","Use an anti-dandruff shampoo containing zinc pyrithione, ketoconazole, or selenium sulfide; avoid over-washing. Porosity-specific tip: Use rich creams, butters, and oils to seal the cuticle; do a protein treatment periodically since high porosity hair loses moisture quickly.",Medicated anti-dandruff shampoo,2-3 times per week,Mild-Moderate
1110,3C,Curly - Tight corkscrew curls,High Porosity,Combination Scalp,Dry Scalp,"Low sebum production, cold/dry weather, harsh shampoos, or dehydration","Tight, flaky, itchy scalp without excess oil","Apply a hydrating scalp oil (jojoba, argan) and switch to a sulfate-free moisturizing shampoo. Porosity-specific tip: Use rich creams, butters, and oils to seal the cuticle; do a protein treatment periodically since high porosity hair loses moisture quickly.",Scalp oil massage + hydrating shampoo,2 times per week,Mild
1111,3C,Curly - Tight corkscrew curls,High Porosity,Combination Scalp,Oily Scalp,"Overactive sebaceous glands, hormonal changes, or infrequent washing","Greasy roots, flat-looking hair, scalp odor","Use a clarifying shampoo with tea tree oil or salicylic acid; avoid heavy conditioners near the roots. Porosity-specific tip: Use rich creams, butters, and oils to seal the cuticle; do a protein treatment periodically since high porosity hair loses moisture quickly.",Clarifying shampoo,Every 2-3 days,Mild-Moderate
1112,3C,Curly - Tight corkscrew curls,High Porosity,Combination Scalp,Hair Breakage,"Excess heat styling, chemical treatments, over-brushing, or protein/moisture imbalance","Short broken strands, rough texture, visible split hairs","Reduce heat styling, use a protein-moisture balanced deep conditioner, trim damaged ends. Porosity-specific tip: Use rich creams, butters, and oils to seal the cuticle; do a protein treatment periodically since high porosity hair loses moisture quickly.",Protein treatment + deep conditioning mask,Weekly,Moderate
1113,3C,Curly - Tight corkscrew curls,High Porosity,Combination Scalp,Split Ends,"Mechanical damage, lack of trimming, friction from towels/pillowcases","Frayed, forked hair tips that look dry and dull","Regular trims every 8-10 weeks and use leave-in conditioner or hair oil to seal ends. Porosity-specific tip: Use rich creams, butters, and oils to seal the cuticle; do a protein treatment periodically since high porosity hair loses moisture quickly.",Leave-in conditioner + regular trims,"Bi-weekly application, trims every 2 months",Mild
1114,3C,Curly - Tight corkscrew curls,High Porosity,Combination Scalp,Frizz,"Humidity, lack of moisture, raised hair cuticle, or over-washing","Flyaway strands, rough and unmanageable texture","Use anti-frizz serum, microfiber towel drying, and leave-in cream with humectants like glycerin. Porosity-specific tip: Use rich creams, butters, and oils to seal the cuticle; do a protein treatment periodically since high porosity hair loses moisture quickly.",Anti-frizz serum/cream,Daily as needed,Mild
1115,3C,Curly - Tight corkscrew curls,High Porosity,Combination Scalp,Hair Thinning,"Genetics, stress, nutritional deficiency, hormonal imbalance, or postpartum changes","Reduced hair density, visible scalp, thinner ponytail","Use minoxidil-based topical treatment, biotin/iron supplementation (consult a doctor), and gentle scalp massage. Porosity-specific tip: Use rich creams, butters, and oils to seal the cuticle; do a protein treatment periodically since high porosity hair loses moisture quickly.",Minoxidil topical + supplements,Daily application,Moderate-Severe
1116,3C,Curly - Tight corkscrew curls,High Porosity,Combination Scalp,Itchy/Irritated Scalp,"Allergic reaction to products, dry skin, dandruff, or scalp psoriasis/eczema","Persistent itching, redness, occasional burning sensation","Switch to fragrance-free, sulfate-free shampoo; use a soothing scalp serum with aloe vera or tea tree oil. Porosity-specific tip: Use rich creams, butters, and oils to seal the cuticle; do a protein treatment periodically since high porosity hair loses moisture quickly.",Soothing scalp serum,"Daily until resolved, then 2x/week",Mild-Moderate
1117,3C,Curly - Tight corkscrew curls,High Porosity,Combination Scalp,Product Buildup,"Accumulation of styling products, hard water minerals, or infrequent clarifying washes","Dull, weighed-down hair, reduced curl definition, waxy scalp feel","Use a clarifying or chelating shampoo once every 1-2 weeks to remove residue. Porosity-specific tip: Use rich creams, butters, and oils to seal the cuticle; do a protein treatment periodically since high porosity hair loses moisture quickly.",Clarifying/chelating shampoo,Every 1-2 weeks,Mild
1118,3C,Curly - Tight corkscrew curls,High Porosity,Sensitive Scalp,Dandruff,"Malassezia fungus overgrowth, dry skin, or sensitivity to hair products","White/yellow flakes on scalp and shoulders, mild itching","Use an anti-dandruff shampoo containing zinc pyrithione, ketoconazole, or selenium sulfide; avoid over-washing. Porosity-specific tip: Use rich creams, butters, and oils to seal the cuticle; do a protein treatment periodically since high porosity hair loses moisture quickly.",Medicated anti-dandruff shampoo,2-3 times per week,Mild-Moderate
1119,3C,Curly - Tight corkscrew curls,High Porosity,Sensitive Scalp,Dry Scalp,"Low sebum production, cold/dry weather, harsh shampoos, or dehydration","Tight, flaky, itchy scalp without excess oil","Apply a hydrating scalp oil (jojoba, argan) and switch to a sulfate-free moisturizing shampoo. Porosity-specific tip: Use rich creams, butters, and oils to seal the cuticle; do a protein treatment periodically since high porosity hair loses moisture quickly.",Scalp oil massage + hydrating shampoo,2 times per week,Mild
1120,3C,Curly - Tight corkscrew curls,High Porosity,Sensitive Scalp,Oily Scalp,"Overactive sebaceous glands, hormonal changes, or infrequent washing","Greasy roots, flat-looking hair, scalp odor","Use a clarifying shampoo with tea tree oil or salicylic acid; avoid heavy conditioners near the roots. Porosity-specific tip: Use rich creams, butters, and oils to seal the cuticle; do a protein treatment periodically since high porosity hair loses moisture quickly.",Clarifying shampoo,Every 2-3 days,Mild-Moderate
1121,3C,Curly - Tight corkscrew curls,High Porosity,Sensitive Scalp,Hair Breakage,"Excess heat styling, chemical treatments, over-brushing, or protein/moisture imbalance","Short broken strands, rough texture, visible split hairs","Reduce heat styling, use a protein-moisture balanced deep conditioner, trim damaged ends. Porosity-specific tip: Use rich creams, butters, and oils to seal the cuticle; do a protein treatment periodically since high porosity hair loses moisture quickly.",Protein treatment + deep conditioning mask,Weekly,Moderate
1122,3C,Curly - Tight corkscrew curls,High Porosity,Sensitive Scalp,Split Ends,"Mechanical damage, lack of trimming, friction from towels/pillowcases","Frayed, forked hair tips that look dry and dull","Regular trims every 8-10 weeks and use leave-in conditioner or hair oil to seal ends. Porosity-specific tip: Use rich creams, butters, and oils to seal the cuticle; do a protein treatment periodically since high porosity hair loses moisture quickly.",Leave-in conditioner + regular trims,"Bi-weekly application, trims every 2 months",Mild
1123,3C,Curly - Tight corkscrew curls,High Porosity,Sensitive Scalp,Frizz,"Humidity, lack of moisture, raised hair cuticle, or over-washing","Flyaway strands, rough and unmanageable texture","Use anti-frizz serum, microfiber towel drying, and leave-in cream with humectants like glycerin. Porosity-specific tip: Use rich creams, butters, and oils to seal the cuticle; do a protein treatment periodically since high porosity hair loses moisture quickly.",Anti-frizz serum/cream,Daily as needed,Mild
1124,3C,Curly - Tight corkscrew curls,High Porosity,Sensitive Scalp,Hair Thinning,"Genetics, stress, nutritional deficiency, hormonal imbalance, or postpartum changes","Reduced hair density, visible scalp, thinner ponytail","Use minoxidil-based topical treatment, biotin/iron supplementation (consult a doctor), and gentle scalp massage. Porosity-specific tip: Use rich creams, butters, and oils to seal the cuticle; do a protein treatment periodically since high porosity hair loses moisture quickly.",Minoxidil topical + supplements,Daily application,Moderate-Severe
1125,3C,Curly - Tight corkscrew curls,High Porosity,Sensitive Scalp,Itchy/Irritated Scalp,"Allergic reaction to products, dry skin, dandruff, or scalp psoriasis/eczema","Persistent itching, redness, occasional burning sensation","Switch to fragrance-free, sulfate-free shampoo; use a soothing scalp serum with aloe vera or tea tree oil. Porosity-specific tip: Use rich creams, butters, and oils to seal the cuticle; do a protein treatment periodically since high porosity hair loses moisture quickly.",Soothing scalp serum,"Daily until resolved, then 2x/week",Mild-Moderate
1126,3C,Curly - Tight corkscrew curls,High Porosity,Sensitive Scalp,Product Buildup,"Accumulation of styling products, hard water minerals, or infrequent clarifying washes","Dull, weighed-down hair, reduced curl definition, waxy scalp feel","Use a clarifying or chelating shampoo once every 1-2 weeks to remove residue. Porosity-specific tip: Use rich creams, butters, and oils to seal the cuticle; do a protein treatment periodically since high porosity hair loses moisture quickly.",Clarifying/chelating shampoo,Every 1-2 weeks,Mild
1127,4A,"Coily - Soft, tightly coiled S-pattern",Low Porosity,Oily Scalp,Dry Scalp,"Low sebum production, cold/dry weather, harsh shampoos, or dehydration","Tight, flaky, itchy scalp without excess oil","Apply a hydrating scalp oil (jojoba, argan) and switch to a sulfate-free moisturizing shampoo. Porosity-specific tip: Use lightweight, water-based products applied to damp hair; avoid heavy butters/oils that sit on the cuticle; consider heat (steam) to help product absorption.",Scalp oil massage + hydrating shampoo,2 times per week,Mild
1128,4A,"Coily - Soft, tightly coiled S-pattern",Low Porosity,Oily Scalp,Oily Scalp,"Overactive sebaceous glands, hormonal changes, or infrequent washing","Greasy roots, flat-looking hair, scalp odor","Use a clarifying shampoo with tea tree oil or salicylic acid; avoid heavy conditioners near the roots. Porosity-specific tip: Use lightweight, water-based products applied to damp hair; avoid heavy butters/oils that sit on the cuticle; consider heat (steam) to help product absorption.",Clarifying shampoo,Every 2-3 days,Mild-Moderate
1129,4A,"Coily - Soft, tightly coiled S-pattern",Low Porosity,Oily Scalp,Hair Breakage,"Excess heat styling, chemical treatments, over-brushing, or protein/moisture imbalance","Short broken strands, rough texture, visible split hairs","Reduce heat styling, use a protein-moisture balanced deep conditioner, trim damaged ends. Porosity-specific tip: Use lightweight, water-based products applied to damp hair; avoid heavy butters/oils that sit on the cuticle; consider heat (steam) to help product absorption.",Protein treatment + deep conditioning mask,Weekly,Moderate
1130,4A,"Coily - Soft, tightly coiled S-pattern",Low Porosity,Oily Scalp,Split Ends,"Mechanical damage, lack of trimming, friction from towels/pillowcases","Frayed, forked hair tips that look dry and dull","Regular trims every 8-10 weeks and use leave-in conditioner or hair oil to seal ends. Porosity-specific tip: Use lightweight, water-based products applied to damp hair; avoid heavy butters/oils that sit on the cuticle; consider heat (steam) to help product absorption.",Leave-in conditioner + regular trims,"Bi-weekly application, trims every 2 months",Mild
1131,4A,"Coily - Soft, tightly coiled S-pattern",Low Porosity,Oily Scalp,Frizz,"Humidity, lack of moisture, raised hair cuticle, or over-washing","Flyaway strands, rough and unmanageable texture","Use anti-frizz serum, microfiber towel drying, and leave-in cream with humectants like glycerin. Porosity-specific tip: Use lightweight, water-based products applied to damp hair; avoid heavy butters/oils that sit on the cuticle; consider heat (steam) to help product absorption.",Anti-frizz serum/cream,Daily as needed,Mild
1132,4A,"Coily - Soft, tightly coiled S-pattern",Low Porosity,Oily Scalp,Hair Thinning,"Genetics, stress, nutritional deficiency, hormonal imbalance, or postpartum changes","Reduced hair density, visible scalp, thinner ponytail","Use minoxidil-based topical treatment, biotin/iron supplementation (consult a doctor), and gentle scalp massage. Porosity-specific tip: Use lightweight, water-based products applied to damp hair; avoid heavy butters/oils that sit on the cuticle; consider heat (steam) to help product absorption.",Minoxidil topical + supplements,Daily application,Moderate-Severe
1133,4A,"Coily - Soft, tightly coiled S-pattern",Low Porosity,Oily Scalp,Itchy/Irritated Scalp,"Allergic reaction to products, dry skin, dandruff, or scalp psoriasis/eczema","Persistent itching, redness, occasional burning sensation","Switch to fragrance-free, sulfate-free shampoo; use a soothing scalp serum with aloe vera or tea tree oil. Porosity-specific tip: Use lightweight, water-based products applied to damp hair; avoid heavy butters/oils that sit on the cuticle; consider heat (steam) to help product absorption.",Soothing scalp serum,"Daily until resolved, then 2x/week",Mild-Moderate
1134,4A,"Coily - Soft, tightly coiled S-pattern",Low Porosity,Oily Scalp,Product Buildup,"Accumulation of styling products, hard water minerals, or infrequent clarifying washes","Dull, weighed-down hair, reduced curl definition, waxy scalp feel","Use a clarifying or chelating shampoo once every 1-2 weeks to remove residue. Porosity-specific tip: Use lightweight, water-based products applied to damp hair; avoid heavy butters/oils that sit on the cuticle; consider heat (steam) to help product absorption.",Clarifying/chelating shampoo,Every 1-2 weeks,Mild
1135,4A,"Coily - Soft, tightly coiled S-pattern",Low Porosity,Dry Scalp,Dandruff,"Malassezia fungus overgrowth, dry skin, or sensitivity to hair products","White/yellow flakes on scalp and shoulders, mild itching","Use an anti-dandruff shampoo containing zinc pyrithione, ketoconazole, or selenium sulfide; avoid over-washing. Porosity-specific tip: Use lightweight, water-based products applied to damp hair; avoid heavy butters/oils that sit on the cuticle; consider heat (steam) to help product absorption.",Medicated anti-dandruff shampoo,2-3 times per week,Mild-Moderate
1136,4A,"Coily - Soft, tightly coiled S-pattern",Low Porosity,Dry Scalp,Dry Scalp,"Low sebum production, cold/dry weather, harsh shampoos, or dehydration","Tight, flaky, itchy scalp without excess oil","Apply a hydrating scalp oil (jojoba, argan) and switch to a sulfate-free moisturizing shampoo. Porosity-specific tip: Use lightweight, water-based products applied to damp hair; avoid heavy butters/oils that sit on the cuticle; consider heat (steam) to help product absorption.",Scalp oil massage + hydrating shampoo,2 times per week,Mild
1137,4A,"Coily - Soft, tightly coiled S-pattern",Low Porosity,Dry Scalp,Oily Scalp,"Overactive sebaceous glands, hormonal changes, or infrequent washing","Greasy roots, flat-looking hair, scalp odor","Use a clarifying shampoo with tea tree oil or salicylic acid; avoid heavy conditioners near the roots. Porosity-specific tip: Use lightweight, water-based products applied to damp hair; avoid heavy butters/oils that sit on the cuticle; consider heat (steam) to help product absorption.",Clarifying shampoo,Every 2-3 days,Mild-Moderate
1138,4A,"Coily - Soft, tightly coiled S-pattern",Low Porosity,Dry Scalp,Hair Breakage,"Excess heat styling, chemical treatments, over-brushing, or protein/moisture imbalance","Short broken strands, rough texture, visible split hairs","Reduce heat styling, use a protein-moisture balanced deep conditioner, trim damaged ends. Porosity-specific tip: Use lightweight, water-based products applied to damp hair; avoid heavy butters/oils that sit on the cuticle; consider heat (steam) to help product absorption.",Protein treatment + deep conditioning mask,Weekly,Moderate
1139,4A,"Coily - Soft, tightly coiled S-pattern",Low Porosity,Dry Scalp,Split Ends,"Mechanical damage, lack of trimming, friction from towels/pillowcases","Frayed, forked hair tips that look dry and dull","Regular trims every 8-10 weeks and use leave-in conditioner or hair oil to seal ends. Porosity-specific tip: Use lightweight, water-based products applied to damp hair; avoid heavy butters/oils that sit on the cuticle; consider heat (steam) to help product absorption.",Leave-in conditioner + regular trims,"Bi-weekly application, trims every 2 months",Mild
1140,4A,"Coily - Soft, tightly coiled S-pattern",Low Porosity,Dry Scalp,Frizz,"Humidity, lack of moisture, raised hair cuticle, or over-washing","Flyaway strands, rough and unmanageable texture","Use anti-frizz serum, microfiber towel drying, and leave-in cream with humectants like glycerin. Porosity-specific tip: Use lightweight, water-based products applied to damp hair; avoid heavy butters/oils that sit on the cuticle; consider heat (steam) to help product absorption.",Anti-frizz serum/cream,Daily as needed,Mild
1141,4A,"Coily - Soft, tightly coiled S-pattern",Low Porosity,Dry Scalp,Hair Thinning,"Genetics, stress, nutritional deficiency, hormonal imbalance, or postpartum changes","Reduced hair density, visible scalp, thinner ponytail","Use minoxidil-based topical treatment, biotin/iron supplementation (consult a doctor), and gentle scalp massage. Porosity-specific tip: Use lightweight, water-based products applied to damp hair; avoid heavy butters/oils that sit on the cuticle; consider heat (steam) to help product absorption.",Minoxidil topical + supplements,Daily application,Moderate-Severe
1142,4A,"Coily - Soft, tightly coiled S-pattern",Low Porosity,Dry Scalp,Itchy/Irritated Scalp,"Allergic reaction to products, dry skin, dandruff, or scalp psoriasis/eczema","Persistent itching, redness, occasional burning sensation","Switch to fragrance-free, sulfate-free shampoo; use a soothing scalp serum with aloe vera or tea tree oil. Porosity-specific tip: Use lightweight, water-based products applied to damp hair; avoid heavy butters/oils that sit on the cuticle; consider heat (steam) to help product absorption.",Soothing scalp serum,"Daily until resolved, then 2x/week",Mild-Moderate
1143,4A,"Coily - Soft, tightly coiled S-pattern",Low Porosity,Dry Scalp,Product Buildup,"Accumulation of styling products, hard water minerals, or infrequent clarifying washes","Dull, weighed-down hair, reduced curl definition, waxy scalp feel","Use a clarifying or chelating shampoo once every 1-2 weeks to remove residue. Porosity-specific tip: Use lightweight, water-based products applied to damp hair; avoid heavy butters/oils that sit on the cuticle; consider heat (steam) to help product absorption.",Clarifying/chelating shampoo,Every 1-2 weeks,Mild
1144,4A,"Coily - Soft, tightly coiled S-pattern",Low Porosity,Normal Scalp,Dandruff,"Malassezia fungus overgrowth, dry skin, or sensitivity to hair products","White/yellow flakes on scalp and shoulders, mild itching","Use an anti-dandruff shampoo containing zinc pyrithione, ketoconazole, or selenium sulfide; avoid over-washing. Porosity-specific tip: Use lightweight, water-based products applied to damp hair; avoid heavy butters/oils that sit on the cuticle; consider heat (steam) to help product absorption.",Medicated anti-dandruff shampoo,2-3 times per week,Mild-Moderate
1145,4A,"Coily - Soft, tightly coiled S-pattern",Low Porosity,Normal Scalp,Dry Scalp,"Low sebum production, cold/dry weather, harsh shampoos, or dehydration","Tight, flaky, itchy scalp without excess oil","Apply a hydrating scalp oil (jojoba, argan) and switch to a sulfate-free moisturizing shampoo. Porosity-specific tip: Use lightweight, water-based products applied to damp hair; avoid heavy butters/oils that sit on the cuticle; consider heat (steam) to help product absorption.",Scalp oil massage + hydrating shampoo,2 times per week,Mild
1146,4A,"Coily - Soft, tightly coiled S-pattern",Low Porosity,Normal Scalp,Oily Scalp,"Overactive sebaceous glands, hormonal changes, or infrequent washing","Greasy roots, flat-looking hair, scalp odor","Use a clarifying shampoo with tea tree oil or salicylic acid; avoid heavy conditioners near the roots. Porosity-specific tip: Use lightweight, water-based products applied to damp hair; avoid heavy butters/oils that sit on the cuticle; consider heat (steam) to help product absorption.",Clarifying shampoo,Every 2-3 days,Mild-Moderate
1147,4A,"Coily - Soft, tightly coiled S-pattern",Low Porosity,Normal Scalp,Hair Breakage,"Excess heat styling, chemical treatments, over-brushing, or protein/moisture imbalance","Short broken strands, rough texture, visible split hairs","Reduce heat styling, use a protein-moisture balanced deep conditioner, trim damaged ends. Porosity-specific tip: Use lightweight, water-based products applied to damp hair; avoid heavy butters/oils that sit on the cuticle; consider heat (steam) to help product absorption.",Protein treatment + deep conditioning mask,Weekly,Moderate
1148,4A,"Coily - Soft, tightly coiled S-pattern",Low Porosity,Normal Scalp,Split Ends,"Mechanical damage, lack of trimming, friction from towels/pillowcases","Frayed, forked hair tips that look dry and dull","Regular trims every 8-10 weeks and use leave-in conditioner or hair oil to seal ends. Porosity-specific tip: Use lightweight, water-based products applied to damp hair; avoid heavy butters/oils that sit on the cuticle; consider heat (steam) to help product absorption.",Leave-in conditioner + regular trims,"Bi-weekly application, trims every 2 months",Mild
1149,4A,"Coily - Soft, tightly coiled S-pattern",Low Porosity,Normal Scalp,Hair Thinning,"Genetics, stress, nutritional deficiency, hormonal imbalance, or postpartum changes","Reduced hair density, visible scalp, thinner ponytail","Use minoxidil-based topical treatment, biotin/iron supplementation (consult a doctor), and gentle scalp massage. Porosity-specific tip: Use lightweight, water-based products applied to damp hair; avoid heavy butters/oils that sit on the cuticle; consider heat (steam) to help product absorption.",Minoxidil topical + supplements,Daily application,Moderate-Severe
1150,4A,"Coily - Soft, tightly coiled S-pattern",Low Porosity,Normal Scalp,Itchy/Irritated Scalp,"Allergic reaction to products, dry skin, dandruff, or scalp psoriasis/eczema","Persistent itching, redness, occasional burning sensation","Switch to fragrance-free, sulfate-free shampoo; use a soothing scalp serum with aloe vera or tea tree oil. Porosity-specific tip: Use lightweight, water-based products applied to damp hair; avoid heavy butters/oils that sit on the cuticle; consider heat (steam) to help product absorption.",Soothing scalp serum,"Daily until resolved, then 2x/week",Mild-Moderate
1151,4A,"Coily - Soft, tightly coiled S-pattern",Low Porosity,Normal Scalp,Product Buildup,"Accumulation of styling products, hard water minerals, or infrequent clarifying washes","Dull, weighed-down hair, reduced curl definition, waxy scalp feel","Use a clarifying or chelating shampoo once every 1-2 weeks to remove residue. Porosity-specific tip: Use lightweight, water-based products applied to damp hair; avoid heavy butters/oils that sit on the cuticle; consider heat (steam) to help product absorption.",Clarifying/chelating shampoo,Every 1-2 weeks,Mild
1152,4A,"Coily - Soft, tightly coiled S-pattern",Low Porosity,Combination Scalp,Dandruff,"Malassezia fungus overgrowth, dry skin, or sensitivity to hair products","White/yellow flakes on scalp and shoulders, mild itching","Use an anti-dandruff shampoo containing zinc pyrithione, ketoconazole, or selenium sulfide; avoid over-washing. Porosity-specific tip: Use lightweight, water-based products applied to damp hair; avoid heavy butters/oils that sit on the cuticle; consider heat (steam) to help product absorption.",Medicated anti-dandruff shampoo,2-3 times per week,Mild-Moderate
1153,4A,"Coily - Soft, tightly coiled S-pattern",Low Porosity,Combination Scalp,Dry Scalp,"Low sebum production, cold/dry weather, harsh shampoos, or dehydration","Tight, flaky, itchy scalp without excess oil","Apply a hydrating scalp oil (jojoba, argan) and switch to a sulfate-free moisturizing shampoo. Porosity-specific tip: Use lightweight, water-based products applied to damp hair; avoid heavy butters/oils that sit on the cuticle; consider heat (steam) to help product absorption.",Scalp oil massage + hydrating shampoo,2 times per week,Mild
1154,4A,"Coily - Soft, tightly coiled S-pattern",Low Porosity,Combination Scalp,Oily Scalp,"Overactive sebaceous glands, hormonal changes, or infrequent washing","Greasy roots, flat-looking hair, scalp odor","Use a clarifying shampoo with tea tree oil or salicylic acid; avoid heavy conditioners near the roots. Porosity-specific tip: Use lightweight, water-based products applied to damp hair; avoid heavy butters/oils that sit on the cuticle; consider heat (steam) to help product absorption.",Clarifying shampoo,Every 2-3 days,Mild-Moderate
1155,4A,"Coily - Soft, tightly coiled S-pattern",Low Porosity,Combination Scalp,Hair Breakage,"Excess heat styling, chemical treatments, over-brushing, or protein/moisture imbalance","Short broken strands, rough texture, visible split hairs","Reduce heat styling, use a protein-moisture balanced deep conditioner, trim damaged ends. Porosity-specific tip: Use lightweight, water-based products applied to damp hair; avoid heavy butters/oils that sit on the cuticle; consider heat (steam) to help product absorption.",Protein treatment + deep conditioning mask,Weekly,Moderate
1156,4A,"Coily - Soft, tightly coiled S-pattern",Low Porosity,Combination Scalp,Split Ends,"Mechanical damage, lack of trimming, friction from towels/pillowcases","Frayed, forked hair tips that look dry and dull","Regular trims every 8-10 weeks and use leave-in conditioner or hair oil to seal ends. Porosity-specific tip: Use lightweight, water-based products applied to damp hair; avoid heavy butters/oils that sit on the cuticle; consider heat (steam) to help product absorption.",Leave-in conditioner + regular trims,"Bi-weekly application, trims every 2 months",Mild
1157,4A,"Coily - Soft, tightly coiled S-pattern",Low Porosity,Combination Scalp,Frizz,"Humidity, lack of moisture, raised hair cuticle, or over-washing","Flyaway strands, rough and unmanageable texture","Use anti-frizz serum, microfiber towel drying, and leave-in cream with humectants like glycerin. Porosity-specific tip: Use lightweight, water-based products applied to damp hair; avoid heavy butters/oils that sit on the cuticle; consider heat (steam) to help product absorption.",Anti-frizz serum/cream,Daily as needed,Mild
1158,4A,"Coily - Soft, tightly coiled S-pattern",Low Porosity,Combination Scalp,Hair Thinning,"Genetics, stress, nutritional deficiency, hormonal imbalance, or postpartum changes","Reduced hair density, visible scalp, thinner ponytail","Use minoxidil-based topical treatment, biotin/iron supplementation (consult a doctor), and gentle scalp massage. Porosity-specific tip: Use lightweight, water-based products applied to damp hair; avoid heavy butters/oils that sit on the cuticle; consider heat (steam) to help product absorption.",Minoxidil topical + supplements,Daily application,Moderate-Severe
1159,4A,"Coily - Soft, tightly coiled S-pattern",Low Porosity,Combination Scalp,Itchy/Irritated Scalp,"Allergic reaction to products, dry skin, dandruff, or scalp psoriasis/eczema","Persistent itching, redness, occasional burning sensation","Switch to fragrance-free, sulfate-free shampoo; use a soothing scalp serum with aloe vera or tea tree oil. Porosity-specific tip: Use lightweight, water-based products applied to damp hair; avoid heavy butters/oils that sit on the cuticle; consider heat (steam) to help product absorption.",Soothing scalp serum,"Daily until resolved, then 2x/week",Mild-Moderate
1160,4A,"Coily - Soft, tightly coiled S-pattern",Low Porosity,Combination Scalp,Product Buildup,"Accumulation of styling products, hard water minerals, or infrequent clarifying washes","Dull, weighed-down hair, reduced curl definition, waxy scalp feel","Use a clarifying or chelating shampoo once every 1-2 weeks to remove residue. Porosity-specific tip: Use lightweight, water-based products applied to damp hair; avoid heavy butters/oils that sit on the cuticle; consider heat (steam) to help product absorption.",Clarifying/chelating shampoo,Every 1-2 weeks,Mild
1161,4A,"Coily - Soft, tightly coiled S-pattern",Low Porosity,Sensitive Scalp,Dandruff,"Malassezia fungus overgrowth, dry skin, or sensitivity to hair products","White/yellow flakes on scalp and shoulders, mild itching","Use an anti-dandruff shampoo containing zinc pyrithione, ketoconazole, or selenium sulfide; avoid over-washing. Porosity-specific tip: Use lightweight, water-based products applied to damp hair; avoid heavy butters/oils that sit on the cuticle; consider heat (steam) to help product absorption.",Medicated anti-dandruff shampoo,2-3 times per week,Mild-Moderate
1162,4A,"Coily - Soft, tightly coiled S-pattern",Low Porosity,Sensitive Scalp,Dry Scalp,"Low sebum production, cold/dry weather, harsh shampoos, or dehydration","Tight, flaky, itchy scalp without excess oil","Apply a hydrating scalp oil (jojoba, argan) and switch to a sulfate-free moisturizing shampoo. Porosity-specific tip: Use lightweight, water-based products applied to damp hair; avoid heavy butters/oils that sit on the cuticle; consider heat (steam) to help product absorption.",Scalp oil massage + hydrating shampoo,2 times per week,Mild
1163,4A,"Coily - Soft, tightly coiled S-pattern",Low Porosity,Sensitive Scalp,Oily Scalp,"Overactive sebaceous glands, hormonal changes, or infrequent washing","Greasy roots, flat-looking hair, scalp odor","Use a clarifying shampoo with tea tree oil or salicylic acid; avoid heavy conditioners near the roots. Porosity-specific tip: Use lightweight, water-based products applied to damp hair; avoid heavy butters/oils that sit on the cuticle; consider heat (steam) to help product absorption.",Clarifying shampoo,Every 2-3 days,Mild-Moderate
1164,4A,"Coily - Soft, tightly coiled S-pattern",Low Porosity,Sensitive Scalp,Hair Breakage,"Excess heat styling, chemical treatments, over-brushing, or protein/moisture imbalance","Short broken strands, rough texture, visible split hairs","Reduce heat styling, use a protein-moisture balanced deep conditioner, trim damaged ends. Porosity-specific tip: Use lightweight, water-based products applied to damp hair; avoid heavy butters/oils that sit on the cuticle; consider heat (steam) to help product absorption.",Protein treatment + deep conditioning mask,Weekly,Moderate
1165,4A,"Coily - Soft, tightly coiled S-pattern",Low Porosity,Sensitive Scalp,Split Ends,"Mechanical damage, lack of trimming, friction from towels/pillowcases","Frayed, forked hair tips that look dry and dull","Regular trims every 8-10 weeks and use leave-in conditioner or hair oil to seal ends. Porosity-specific tip: Use lightweight, water-based products applied to damp hair; avoid heavy butters/oils that sit on the cuticle; consider heat (steam) to help product absorption.",Leave-in conditioner + regular trims,"Bi-weekly application, trims every 2 months",Mild
1166,4A,"Coily - Soft, tightly coiled S-pattern",Low Porosity,Sensitive Scalp,Frizz,"Humidity, lack of moisture, raised hair cuticle, or over-washing","Flyaway strands, rough and unmanageable texture","Use anti-frizz serum, microfiber towel drying, and leave-in cream with humectants like glycerin. Porosity-specific tip: Use lightweight, water-based products applied to damp hair; avoid heavy butters/oils that sit on the cuticle; consider heat (steam) to help product absorption.",Anti-frizz serum/cream,Daily as needed,Mild
1167,4A,"Coily - Soft, tightly coiled S-pattern",Low Porosity,Sensitive Scalp,Hair Thinning,"Genetics, stress, nutritional deficiency, hormonal imbalance, or postpartum changes","Reduced hair density, visible scalp, thinner ponytail","Use minoxidil-based topical treatment, biotin/iron supplementation (consult a doctor), and gentle scalp massage. Porosity-specific tip: Use lightweight, water-based products applied to damp hair; avoid heavy butters/oils that sit on the cuticle; consider heat (steam) to help product absorption.",Minoxidil topical + supplements,Daily application,Moderate-Severe
1168,4A,"Coily - Soft, tightly coiled S-pattern",Low Porosity,Sensitive Scalp,Itchy/Irritated Scalp,"Allergic reaction to products, dry skin, dandruff, or scalp psoriasis/eczema","Persistent itching, redness, occasional burning sensation","Switch to fragrance-free, sulfate-free shampoo; use a soothing scalp serum with aloe vera or tea tree oil. Porosity-specific tip: Use lightweight, water-based products applied to damp hair; avoid heavy butters/oils that sit on the cuticle; consider heat (steam) to help product absorption.",Soothing scalp serum,"Daily until resolved, then 2x/week",Mild-Moderate
1169,4A,"Coily - Soft, tightly coiled S-pattern",Low Porosity,Sensitive Scalp,Product Buildup,"Accumulation of styling products, hard water minerals, or infrequent clarifying washes","Dull, weighed-down hair, reduced curl definition, waxy scalp feel","Use a clarifying or chelating shampoo once every 1-2 weeks to remove residue. Porosity-specific tip: Use lightweight, water-based products applied to damp hair; avoid heavy butters/oils that sit on the cuticle; consider heat (steam) to help product absorption.",Clarifying/chelating shampoo,Every 1-2 weeks,Mild
1170,4A,"Coily - Soft, tightly coiled S-pattern",Medium Porosity,Oily Scalp,Dandruff,"Malassezia fungus overgrowth, dry skin, or sensitivity to hair products","White/yellow flakes on scalp and shoulders, mild itching","Use an anti-dandruff shampoo containing zinc pyrithione, ketoconazole, or selenium sulfide; avoid over-washing. Porosity-specific tip: Balanced routine works well; maintain regular deep conditioning every 1-2 weeks to preserve moisture-protein balance.",Medicated anti-dandruff shampoo,2-3 times per week,Mild-Moderate
1171,4A,"Coily - Soft, tightly coiled S-pattern",Medium Porosity,Oily Scalp,Dry Scalp,"Low sebum production, cold/dry weather, harsh shampoos, or dehydration","Tight, flaky, itchy scalp without excess oil","Apply a hydrating scalp oil (jojoba, argan) and switch to a sulfate-free moisturizing shampoo. Porosity-specific tip: Balanced routine works well; maintain regular deep conditioning every 1-2 weeks to preserve moisture-protein balance.",Scalp oil massage + hydrating shampoo,2 times per week,Mild
1172,4A,"Coily - Soft, tightly coiled S-pattern",Medium Porosity,Oily Scalp,Oily Scalp,"Overactive sebaceous glands, hormonal changes, or infrequent washing","Greasy roots, flat-looking hair, scalp odor",Use a clarifying shampoo with tea tree oil or salicylic acid; avoid heavy conditioners near the roots. Porosity-specific tip: Balanced routine works well; maintain regular deep conditioning every 1-2 weeks to preserve moisture-protein balance.,Clarifying shampoo,Every 2-3 days,Mild-Moderate
1173,4A,"Coily - Soft, tightly coiled S-pattern",Medium Porosity,Oily Scalp,Hair Breakage,"Excess heat styling, chemical treatments, over-brushing, or protein/moisture imbalance","Short broken strands, rough texture, visible split hairs","Reduce heat styling, use a protein-moisture balanced deep conditioner, trim damaged ends. Porosity-specific tip: Balanced routine works well; maintain regular deep conditioning every 1-2 weeks to preserve moisture-protein balance.",Protein treatment + deep conditioning mask,Weekly,Moderate
1174,4A,"Coily - Soft, tightly coiled S-pattern",Medium Porosity,Oily Scalp,Split Ends,"Mechanical damage, lack of trimming, friction from towels/pillowcases","Frayed, forked hair tips that look dry and dull",Regular trims every 8-10 weeks and use leave-in conditioner or hair oil to seal ends. Porosity-specific tip: Balanced routine works well; maintain regular deep conditioning every 1-2 weeks to preserve moisture-protein balance.,Leave-in conditioner + regular trims,"Bi-weekly application, trims every 2 months",Mild
1175,4A,"Coily - Soft, tightly coiled S-pattern",Medium Porosity,Oily Scalp,Frizz,"Humidity, lack of moisture, raised hair cuticle, or over-washing","Flyaway strands, rough and unmanageable texture","Use anti-frizz serum, microfiber towel drying, and leave-in cream with humectants like glycerin. Porosity-specific tip: Balanced routine works well; maintain regular deep conditioning every 1-2 weeks to preserve moisture-protein balance.",Anti-frizz serum/cream,Daily as needed,Mild
1176,4A,"Coily - Soft, tightly coiled S-pattern",Medium Porosity,Oily Scalp,Hair Thinning,"Genetics, stress, nutritional deficiency, hormonal imbalance, or postpartum changes","Reduced hair density, visible scalp, thinner ponytail","Use minoxidil-based topical treatment, biotin/iron supplementation (consult a doctor), and gentle scalp massage. Porosity-specific tip: Balanced routine works well; maintain regular deep conditioning every 1-2 weeks to preserve moisture-protein balance.",Minoxidil topical + supplements,Daily application,Moderate-Severe
1177,4A,"Coily - Soft, tightly coiled S-pattern",Medium Porosity,Oily Scalp,Product Buildup,"Accumulation of styling products, hard water minerals, or infrequent clarifying washes","Dull, weighed-down hair, reduced curl definition, waxy scalp feel",Use a clarifying or chelating shampoo once every 1-2 weeks to remove residue. Porosity-specific tip: Balanced routine works well; maintain regular deep conditioning every 1-2 weeks to preserve moisture-protein balance.,Clarifying/chelating shampoo,Every 1-2 weeks,Mild
1178,4A,"Coily - Soft, tightly coiled S-pattern",Medium Porosity,Dry Scalp,Dandruff,"Malassezia fungus overgrowth, dry skin, or sensitivity to hair products","White/yellow flakes on scalp and shoulders, mild itching","Use an anti-dandruff shampoo containing zinc pyrithione, ketoconazole, or selenium sulfide; avoid over-washing. Porosity-specific tip: Balanced routine works well; maintain regular deep conditioning every 1-2 weeks to preserve moisture-protein balance.",Medicated anti-dandruff shampoo,2-3 times per week,Mild-Moderate
1179,4A,"Coily - Soft, tightly coiled S-pattern",Medium Porosity,Dry Scalp,Dry Scalp,"Low sebum production, cold/dry weather, harsh shampoos, or dehydration","Tight, flaky, itchy scalp without excess oil","Apply a hydrating scalp oil (jojoba, argan) and switch to a sulfate-free moisturizing shampoo. Porosity-specific tip: Balanced routine works well; maintain regular deep conditioning every 1-2 weeks to preserve moisture-protein balance.",Scalp oil massage + hydrating shampoo,2 times per week,Mild
1180,4A,"Coily - Soft, tightly coiled S-pattern",Medium Porosity,Dry Scalp,Oily Scalp,"Overactive sebaceous glands, hormonal changes, or infrequent washing","Greasy roots, flat-looking hair, scalp odor",Use a clarifying shampoo with tea tree oil or salicylic acid; avoid heavy conditioners near the roots. Porosity-specific tip: Balanced routine works well; maintain regular deep conditioning every 1-2 weeks to preserve moisture-protein balance.,Clarifying shampoo,Every 2-3 days,Mild-Moderate
1181,4A,"Coily - Soft, tightly coiled S-pattern",Medium Porosity,Dry Scalp,Hair Breakage,"Excess heat styling, chemical treatments, over-brushing, or protein/moisture imbalance","Short broken strands, rough texture, visible split hairs","Reduce heat styling, use a protein-moisture balanced deep conditioner, trim damaged ends. Porosity-specific tip: Balanced routine works well; maintain regular deep conditioning every 1-2 weeks to preserve moisture-protein balance.",Protein treatment + deep conditioning mask,Weekly,Moderate
1182,4A,"Coily - Soft, tightly coiled S-pattern",Medium Porosity,Dry Scalp,Split Ends,"Mechanical damage, lack of trimming, friction from towels/pillowcases","Frayed, forked hair tips that look dry and dull",Regular trims every 8-10 weeks and use leave-in conditioner or hair oil to seal ends. Porosity-specific tip: Balanced routine works well; maintain regular deep conditioning every 1-2 weeks to preserve moisture-protein balance.,Leave-in conditioner + regular trims,"Bi-weekly application, trims every 2 months",Mild
1183,4A,"Coily - Soft, tightly coiled S-pattern",Medium Porosity,Dry Scalp,Frizz,"Humidity, lack of moisture, raised hair cuticle, or over-washing","Flyaway strands, rough and unmanageable texture","Use anti-frizz serum, microfiber towel drying, and leave-in cream with humectants like glycerin. Porosity-specific tip: Balanced routine works well; maintain regular deep conditioning every 1-2 weeks to preserve moisture-protein balance.",Anti-frizz serum/cream,Daily as needed,Mild
1184,4A,"Coily - Soft, tightly coiled S-pattern",Medium Porosity,Dry Scalp,Itchy/Irritated Scalp,"Allergic reaction to products, dry skin, dandruff, or scalp psoriasis/eczema","Persistent itching, redness, occasional burning sensation","Switch to fragrance-free, sulfate-free shampoo; use a soothing scalp serum with aloe vera or tea tree oil. Porosity-specific tip: Balanced routine works well; maintain regular deep conditioning every 1-2 weeks to preserve moisture-protein balance.",Soothing scalp serum,"Daily until resolved, then 2x/week",Mild-Moderate
1185,4A,"Coily - Soft, tightly coiled S-pattern",Medium Porosity,Dry Scalp,Product Buildup,"Accumulation of styling products, hard water minerals, or infrequent clarifying washes","Dull, weighed-down hair, reduced curl definition, waxy scalp feel",Use a clarifying or chelating shampoo once every 1-2 weeks to remove residue. Porosity-specific tip: Balanced routine works well; maintain regular deep conditioning every 1-2 weeks to preserve moisture-protein balance.,Clarifying/chelating shampoo,Every 1-2 weeks,Mild
1186,4A,"Coily - Soft, tightly coiled S-pattern",Medium Porosity,Normal Scalp,Dandruff,"Malassezia fungus overgrowth, dry skin, or sensitivity to hair products","White/yellow flakes on scalp and shoulders, mild itching","Use an anti-dandruff shampoo containing zinc pyrithione, ketoconazole, or selenium sulfide; avoid over-washing. Porosity-specific tip: Balanced routine works well; maintain regular deep conditioning every 1-2 weeks to preserve moisture-protein balance.",Medicated anti-dandruff shampoo,2-3 times per week,Mild-Moderate
1187,4A,"Coily - Soft, tightly coiled S-pattern",Medium Porosity,Normal Scalp,Dry Scalp,"Low sebum production, cold/dry weather, harsh shampoos, or dehydration","Tight, flaky, itchy scalp without excess oil","Apply a hydrating scalp oil (jojoba, argan) and switch to a sulfate-free moisturizing shampoo. Porosity-specific tip: Balanced routine works well; maintain regular deep conditioning every 1-2 weeks to preserve moisture-protein balance.",Scalp oil massage + hydrating shampoo,2 times per week,Mild
1188,4A,"Coily - Soft, tightly coiled S-pattern",Medium Porosity,Normal Scalp,Oily Scalp,"Overactive sebaceous glands, hormonal changes, or infrequent washing","Greasy roots, flat-looking hair, scalp odor",Use a clarifying shampoo with tea tree oil or salicylic acid; avoid heavy conditioners near the roots. Porosity-specific tip: Balanced routine works well; maintain regular deep conditioning every 1-2 weeks to preserve moisture-protein balance.,Clarifying shampoo,Every 2-3 days,Mild-Moderate
1189,4A,"Coily - Soft, tightly coiled S-pattern",Medium Porosity,Normal Scalp,Hair Breakage,"Excess heat styling, chemical treatments, over-brushing, or protein/moisture imbalance","Short broken strands, rough texture, visible split hairs","Reduce heat styling, use a protein-moisture balanced deep conditioner, trim damaged ends. Porosity-specific tip: Balanced routine works well; maintain regular deep conditioning every 1-2 weeks to preserve moisture-protein balance.",Protein treatment + deep conditioning mask,Weekly,Moderate
1190,4A,"Coily - Soft, tightly coiled S-pattern",Medium Porosity,Normal Scalp,Split Ends,"Mechanical damage, lack of trimming, friction from towels/pillowcases","Frayed, forked hair tips that look dry and dull",Regular trims every 8-10 weeks and use leave-in conditioner or hair oil to seal ends. Porosity-specific tip: Balanced routine works well; maintain regular deep conditioning every 1-2 weeks to preserve moisture-protein balance.,Leave-in conditioner + regular trims,"Bi-weekly application, trims every 2 months",Mild
1191,4A,"Coily - Soft, tightly coiled S-pattern",Medium Porosity,Normal Scalp,Frizz,"Humidity, lack of moisture, raised hair cuticle, or over-washing","Flyaway strands, rough and unmanageable texture","Use anti-frizz serum, microfiber towel drying, and leave-in cream with humectants like glycerin. Porosity-specific tip: Balanced routine works well; maintain regular deep conditioning every 1-2 weeks to preserve moisture-protein balance.",Anti-frizz serum/cream,Daily as needed,Mild
1192,4A,"Coily - Soft, tightly coiled S-pattern",Medium Porosity,Normal Scalp,Hair Thinning,"Genetics, stress, nutritional deficiency, hormonal imbalance, or postpartum changes","Reduced hair density, visible scalp, thinner ponytail","Use minoxidil-based topical treatment, biotin/iron supplementation (consult a doctor), and gentle scalp massage. Porosity-specific tip: Balanced routine works well; maintain regular deep conditioning every 1-2 weeks to preserve moisture-protein balance.",Minoxidil topical + supplements,Daily application,Moderate-Severe
1193,4A,"Coily - Soft, tightly coiled S-pattern",Medium Porosity,Normal Scalp,Itchy/Irritated Scalp,"Allergic reaction to products, dry skin, dandruff, or scalp psoriasis/eczema","Persistent itching, redness, occasional burning sensation","Switch to fragrance-free, sulfate-free shampoo; use a soothing scalp serum with aloe vera or tea tree oil. Porosity-specific tip: Balanced routine works well; maintain regular deep conditioning every 1-2 weeks to preserve moisture-protein balance.",Soothing scalp serum,"Daily until resolved, then 2x/week",Mild-Moderate
1194,4A,"Coily - Soft, tightly coiled S-pattern",Medium Porosity,Normal Scalp,Product Buildup,"Accumulation of styling products, hard water minerals, or infrequent clarifying washes","Dull, weighed-down hair, reduced curl definition, waxy scalp feel",Use a clarifying or chelating shampoo once every 1-2 weeks to remove residue. Porosity-specific tip: Balanced routine works well; maintain regular deep conditioning every 1-2 weeks to preserve moisture-protein balance.,Clarifying/chelating shampoo,Every 1-2 weeks,Mild
1195,4A,"Coily - Soft, tightly coiled S-pattern",Medium Porosity,Combination Scalp,Dandruff,"Malassezia fungus overgrowth, dry skin, or sensitivity to hair products","White/yellow flakes on scalp and shoulders, mild itching","Use an anti-dandruff shampoo containing zinc pyrithione, ketoconazole, or selenium sulfide; avoid over-washing. Porosity-specific tip: Balanced routine works well; maintain regular deep conditioning every 1-2 weeks to preserve moisture-protein balance.",Medicated anti-dandruff shampoo,2-3 times per week,Mild-Moderate
1196,4A,"Coily - Soft, tightly coiled S-pattern",Medium Porosity,Combination Scalp,Dry Scalp,"Low sebum production, cold/dry weather, harsh shampoos, or dehydration","Tight, flaky, itchy scalp without excess oil","Apply a hydrating scalp oil (jojoba, argan) and switch to a sulfate-free moisturizing shampoo. Porosity-specific tip: Balanced routine works well; maintain regular deep conditioning every 1-2 weeks to preserve moisture-protein balance.",Scalp oil massage + hydrating shampoo,2 times per week,Mild
1197,4A,"Coily - Soft, tightly coiled S-pattern",Medium Porosity,Combination Scalp,Oily Scalp,"Overactive sebaceous glands, hormonal changes, or infrequent washing","Greasy roots, flat-looking hair, scalp odor",Use a clarifying shampoo with tea tree oil or salicylic acid; avoid heavy conditioners near the roots. Porosity-specific tip: Balanced routine works well; maintain regular deep conditioning every 1-2 weeks to preserve moisture-protein balance.,Clarifying shampoo,Every 2-3 days,Mild-Moderate
1198,4A,"Coily - Soft, tightly coiled S-pattern",Medium Porosity,Combination Scalp,Hair Breakage,"Excess heat styling, chemical treatments, over-brushing, or protein/moisture imbalance","Short broken strands, rough texture, visible split hairs","Reduce heat styling, use a protein-moisture balanced deep conditioner, trim damaged ends. Porosity-specific tip: Balanced routine works well; maintain regular deep conditioning every 1-2 weeks to preserve moisture-protein balance.",Protein treatment + deep conditioning mask,Weekly,Moderate
1199,4A,"Coily - Soft, tightly coiled S-pattern",Medium Porosity,Combination Scalp,Split Ends,"Mechanical damage, lack of trimming, friction from towels/pillowcases","Frayed, forked hair tips that look dry and dull",Regular trims every 8-10 weeks and use leave-in conditioner or hair oil to seal ends. Porosity-specific tip: Balanced routine works well; maintain regular deep conditioning every 1-2 weeks to preserve moisture-protein balance.,Leave-in conditioner + regular trims,"Bi-weekly application, trims every 2 months",Mild
1200,4A,"Coily - Soft, tightly coiled S-pattern",Medium Porosity,Combination Scalp,Frizz,"Humidity, lack of moisture, raised hair cuticle, or over-washing","Flyaway strands, rough and unmanageable texture","Use anti-frizz serum, microfiber towel drying, and leave-in cream with humectants like glycerin. Porosity-specific tip: Balanced routine works well; maintain regular deep conditioning every 1-2 weeks to preserve moisture-protein balance.",Anti-frizz serum/cream,Daily as needed,Mild
1201,4A,"Coily - Soft, tightly coiled S-pattern",Medium Porosity,Combination Scalp,Hair Thinning,"Genetics, stress, nutritional deficiency, hormonal imbalance, or postpartum changes","Reduced hair density, visible scalp, thinner ponytail","Use minoxidil-based topical treatment, biotin/iron supplementation (consult a doctor), and gentle scalp massage. Porosity-specific tip: Balanced routine works well; maintain regular deep conditioning every 1-2 weeks to preserve moisture-protein balance.",Minoxidil topical + supplements,Daily application,Moderate-Severe
1202,4A,"Coily - Soft, tightly coiled S-pattern",Medium Porosity,Combination Scalp,Product Buildup,"Accumulation of styling products, hard water minerals, or infrequent clarifying washes","Dull, weighed-down hair, reduced curl definition, waxy scalp feel",Use a clarifying or chelating shampoo once every 1-2 weeks to remove residue. Porosity-specific tip: Balanced routine works well; maintain regular deep conditioning every 1-2 weeks to preserve moisture-protein balance.,Clarifying/chelating shampoo,Every 1-2 weeks,Mild
1203,4A,"Coily - Soft, tightly coiled S-pattern",Medium Porosity,Sensitive Scalp,Dandruff,"Malassezia fungus overgrowth, dry skin, or sensitivity to hair products","White/yellow flakes on scalp and shoulders, mild itching","Use an anti-dandruff shampoo containing zinc pyrithione, ketoconazole, or selenium sulfide; avoid over-washing. Porosity-specific tip: Balanced routine works well; maintain regular deep conditioning every 1-2 weeks to preserve moisture-protein balance.",Medicated anti-dandruff shampoo,2-3 times per week,Mild-Moderate
1204,4A,"Coily - Soft, tightly coiled S-pattern",Medium Porosity,Sensitive Scalp,Oily Scalp,"Overactive sebaceous glands, hormonal changes, or infrequent washing","Greasy roots, flat-looking hair, scalp odor",Use a clarifying shampoo with tea tree oil or salicylic acid; avoid heavy conditioners near the roots. Porosity-specific tip: Balanced routine works well; maintain regular deep conditioning every 1-2 weeks to preserve moisture-protein balance.,Clarifying shampoo,Every 2-3 days,Mild-Moderate
1205,4A,"Coily - Soft, tightly coiled S-pattern",Medium Porosity,Sensitive Scalp,Hair Breakage,"Excess heat styling, chemical treatments, over-brushing, or protein/moisture imbalance","Short broken strands, rough texture, visible split hairs","Reduce heat styling, use a protein-moisture balanced deep conditioner, trim damaged ends. Porosity-specific tip: Balanced routine works well; maintain regular deep conditioning every 1-2 weeks to preserve moisture-protein balance.",Protein treatment + deep conditioning mask,Weekly,Moderate
1206,4A,"Coily - Soft, tightly coiled S-pattern",Medium Porosity,Sensitive Scalp,Split Ends,"Mechanical damage, lack of trimming, friction from towels/pillowcases","Frayed, forked hair tips that look dry and dull",Regular trims every 8-10 weeks and use leave-in conditioner or hair oil to seal ends. Porosity-specific tip: Balanced routine works well; maintain regular deep conditioning every 1-2 weeks to preserve moisture-protein balance.,Leave-in conditioner + regular trims,"Bi-weekly application, trims every 2 months",Mild
1207,4A,"Coily - Soft, tightly coiled S-pattern",Medium Porosity,Sensitive Scalp,Frizz,"Humidity, lack of moisture, raised hair cuticle, or over-washing","Flyaway strands, rough and unmanageable texture","Use anti-frizz serum, microfiber towel drying, and leave-in cream with humectants like glycerin. Porosity-specific tip: Balanced routine works well; maintain regular deep conditioning every 1-2 weeks to preserve moisture-protein balance.",Anti-frizz serum/cream,Daily as needed,Mild
1208,4A,"Coily - Soft, tightly coiled S-pattern",Medium Porosity,Sensitive Scalp,Hair Thinning,"Genetics, stress, nutritional deficiency, hormonal imbalance, or postpartum changes","Reduced hair density, visible scalp, thinner ponytail","Use minoxidil-based topical treatment, biotin/iron supplementation (consult a doctor), and gentle scalp massage. Porosity-specific tip: Balanced routine works well; maintain regular deep conditioning every 1-2 weeks to preserve moisture-protein balance.",Minoxidil topical + supplements,Daily application,Moderate-Severe
1209,4A,"Coily - Soft, tightly coiled S-pattern",Medium Porosity,Sensitive Scalp,Itchy/Irritated Scalp,"Allergic reaction to products, dry skin, dandruff, or scalp psoriasis/eczema","Persistent itching, redness, occasional burning sensation","Switch to fragrance-free, sulfate-free shampoo; use a soothing scalp serum with aloe vera or tea tree oil. Porosity-specific tip: Balanced routine works well; maintain regular deep conditioning every 1-2 weeks to preserve moisture-protein balance.",Soothing scalp serum,"Daily until resolved, then 2x/week",Mild-Moderate
1210,4A,"Coily - Soft, tightly coiled S-pattern",Medium Porosity,Sensitive Scalp,Product Buildup,"Accumulation of styling products, hard water minerals, or infrequent clarifying washes","Dull, weighed-down hair, reduced curl definition, waxy scalp feel",Use a clarifying or chelating shampoo once every 1-2 weeks to remove residue. Porosity-specific tip: Balanced routine works well; maintain regular deep conditioning every 1-2 weeks to preserve moisture-protein balance.,Clarifying/chelating shampoo,Every 1-2 weeks,Mild
1211,4A,"Coily - Soft, tightly coiled S-pattern",High Porosity,Oily Scalp,Dandruff,"Malassezia fungus overgrowth, dry skin, or sensitivity to hair products","White/yellow flakes on scalp and shoulders, mild itching","Use an anti-dandruff shampoo containing zinc pyrithione, ketoconazole, or selenium sulfide; avoid over-washing. Porosity-specific tip: Use rich creams, butters, and oils to seal the cuticle; do a protein treatment periodically since high porosity hair loses moisture quickly.",Medicated anti-dandruff shampoo,2-3 times per week,Mild-Moderate
1212,4A,"Coily - Soft, tightly coiled S-pattern",High Porosity,Oily Scalp,Dry Scalp,"Low sebum production, cold/dry weather, harsh shampoos, or dehydration","Tight, flaky, itchy scalp without excess oil","Apply a hydrating scalp oil (jojoba, argan) and switch to a sulfate-free moisturizing shampoo. Porosity-specific tip: Use rich creams, butters, and oils to seal the cuticle; do a protein treatment periodically since high porosity hair loses moisture quickly.",Scalp oil massage + hydrating shampoo,2 times per week,Mild
1213,4A,"Coily - Soft, tightly coiled S-pattern",High Porosity,Oily Scalp,Oily Scalp,"Overactive sebaceous glands, hormonal changes, or infrequent washing","Greasy roots, flat-looking hair, scalp odor","Use a clarifying shampoo with tea tree oil or salicylic acid; avoid heavy conditioners near the roots. Porosity-specific tip: Use rich creams, butters, and oils to seal the cuticle; do a protein treatment periodically since high porosity hair loses moisture quickly.",Clarifying shampoo,Every 2-3 days,Mild-Moderate
1214,4A,"Coily - Soft, tightly coiled S-pattern",High Porosity,Oily Scalp,Hair Breakage,"Excess heat styling, chemical treatments, over-brushing, or protein/moisture imbalance","Short broken strands, rough texture, visible split hairs","Reduce heat styling, use a protein-moisture balanced deep conditioner, trim damaged ends. Porosity-specific tip: Use rich creams, butters, and oils to seal the cuticle; do a protein treatment periodically since high porosity hair loses moisture quickly.",Protein treatment + deep conditioning mask,Weekly,Moderate
1215,4A,"Coily - Soft, tightly coiled S-pattern",High Porosity,Oily Scalp,Split Ends,"Mechanical damage, lack of trimming, friction from towels/pillowcases","Frayed, forked hair tips that look dry and dull","Regular trims every 8-10 weeks and use leave-in conditioner or hair oil to seal ends. Porosity-specific tip: Use rich creams, butters, and oils to seal the cuticle; do a protein treatment periodically since high porosity hair loses moisture quickly.",Leave-in conditioner + regular trims,"Bi-weekly application, trims every 2 months",Mild
1216,4A,"Coily - Soft, tightly coiled S-pattern",High Porosity,Oily Scalp,Frizz,"Humidity, lack of moisture, raised hair cuticle, or over-washing","Flyaway strands, rough and unmanageable texture","Use anti-frizz serum, microfiber towel drying, and leave-in cream with humectants like glycerin. Porosity-specific tip: Use rich creams, butters, and oils to seal the cuticle; do a protein treatment periodically since high porosity hair loses moisture quickly.",Anti-frizz serum/cream,Daily as needed,Mild
1217,4A,"Coily - Soft, tightly coiled S-pattern",High Porosity,Oily Scalp,Hair Thinning,"Genetics, stress, nutritional deficiency, hormonal imbalance, or postpartum changes","Reduced hair density, visible scalp, thinner ponytail","Use minoxidil-based topical treatment, biotin/iron supplementation (consult a doctor), and gentle scalp massage. Porosity-specific tip: Use rich creams, butters, and oils to seal the cuticle; do a protein treatment periodically since high porosity hair loses moisture quickly.",Minoxidil topical + supplements,Daily application,Moderate-Severe
1218,4A,"Coily - Soft, tightly coiled S-pattern",High Porosity,Oily Scalp,Itchy/Irritated Scalp,"Allergic reaction to products, dry skin, dandruff, or scalp psoriasis/eczema","Persistent itching, redness, occasional burning sensation","Switch to fragrance-free, sulfate-free shampoo; use a soothing scalp serum with aloe vera or tea tree oil. Porosity-specific tip: Use rich creams, butters, and oils to seal the cuticle; do a protein treatment periodically since high porosity hair loses moisture quickly.",Soothing scalp serum,"Daily until resolved, then 2x/week",Mild-Moderate
1219,4A,"Coily - Soft, tightly coiled S-pattern",High Porosity,Oily Scalp,Product Buildup,"Accumulation of styling products, hard water minerals, or infrequent clarifying washes","Dull, weighed-down hair, reduced curl definition, waxy scalp feel","Use a clarifying or chelating shampoo once every 1-2 weeks to remove residue. Porosity-specific tip: Use rich creams, butters, and oils to seal the cuticle; do a protein treatment periodically since high porosity hair loses moisture quickly.",Clarifying/chelating shampoo,Every 1-2 weeks,Mild
1220,4A,"Coily - Soft, tightly coiled S-pattern",High Porosity,Dry Scalp,Dandruff,"Malassezia fungus overgrowth, dry skin, or sensitivity to hair products","White/yellow flakes on scalp and shoulders, mild itching","Use an anti-dandruff shampoo containing zinc pyrithione, ketoconazole, or selenium sulfide; avoid over-washing. Porosity-specific tip: Use rich creams, butters, and oils to seal the cuticle; do a protein treatment periodically since high porosity hair loses moisture quickly.",Medicated anti-dandruff shampoo,2-3 times per week,Mild-Moderate
1221,4A,"Coily - Soft, tightly coiled S-pattern",High Porosity,Dry Scalp,Dry Scalp,"Low sebum production, cold/dry weather, harsh shampoos, or dehydration","Tight, flaky, itchy scalp without excess oil","Apply a hydrating scalp oil (jojoba, argan) and switch to a sulfate-free moisturizing shampoo. Porosity-specific tip: Use rich creams, butters, and oils to seal the cuticle; do a protein treatment periodically since high porosity hair loses moisture quickly.",Scalp oil massage + hydrating shampoo,2 times per week,Mild
1222,4A,"Coily - Soft, tightly coiled S-pattern",High Porosity,Dry Scalp,Oily Scalp,"Overactive sebaceous glands, hormonal changes, or infrequent washing","Greasy roots, flat-looking hair, scalp odor","Use a clarifying shampoo with tea tree oil or salicylic acid; avoid heavy conditioners near the roots. Porosity-specific tip: Use rich creams, butters, and oils to seal the cuticle; do a protein treatment periodically since high porosity hair loses moisture quickly.",Clarifying shampoo,Every 2-3 days,Mild-Moderate
1223,4A,"Coily - Soft, tightly coiled S-pattern",High Porosity,Dry Scalp,Hair Breakage,"Excess heat styling, chemical treatments, over-brushing, or protein/moisture imbalance","Short broken strands, rough texture, visible split hairs","Reduce heat styling, use a protein-moisture balanced deep conditioner, trim damaged ends. Porosity-specific tip: Use rich creams, butters, and oils to seal the cuticle; do a protein treatment periodically since high porosity hair loses moisture quickly.",Protein treatment + deep conditioning mask,Weekly,Moderate
1224,4A,"Coily - Soft, tightly coiled S-pattern",High Porosity,Dry Scalp,Split Ends,"Mechanical damage, lack of trimming, friction from towels/pillowcases","Frayed, forked hair tips that look dry and dull","Regular trims every 8-10 weeks and use leave-in conditioner or hair oil to seal ends. Porosity-specific tip: Use rich creams, butters, and oils to seal the cuticle; do a protein treatment periodically since high porosity hair loses moisture quickly.",Leave-in conditioner + regular trims,"Bi-weekly application, trims every 2 months",Mild
1225,4A,"Coily - Soft, tightly coiled S-pattern",High Porosity,Dry Scalp,Frizz,"Humidity, lack of moisture, raised hair cuticle, or over-washing","Flyaway strands, rough and unmanageable texture","Use anti-frizz serum, microfiber towel drying, and leave-in cream with humectants like glycerin. Porosity-specific tip: Use rich creams, butters, and oils to seal the cuticle; do a protein treatment periodically since high porosity hair loses moisture quickly.",Anti-frizz serum/cream,Daily as needed,Mild
1226,4A,"Coily - Soft, tightly coiled S-pattern",High Porosity,Dry Scalp,Hair Thinning,"Genetics, stress, nutritional deficiency, hormonal imbalance, or postpartum changes","Reduced hair density, visible scalp, thinner ponytail","Use minoxidil-based topical treatment, biotin/iron supplementation (consult a doctor), and gentle scalp massage. Porosity-specific tip: Use rich creams, butters, and oils to seal the cuticle; do a protein treatment periodically since high porosity hair loses moisture quickly.",Minoxidil topical + supplements,Daily application,Moderate-Severe
1227,4A,"Coily - Soft, tightly coiled S-pattern",High Porosity,Dry Scalp,Itchy/Irritated Scalp,"Allergic reaction to products, dry skin, dandruff, or scalp psoriasis/eczema","Persistent itching, redness, occasional burning sensation","Switch to fragrance-free, sulfate-free shampoo; use a soothing scalp serum with aloe vera or tea tree oil. Porosity-specific tip: Use rich creams, butters, and oils to seal the cuticle; do a protein treatment periodically since high porosity hair loses moisture quickly.",Soothing scalp serum,"Daily until resolved, then 2x/week",Mild-Moderate
1228,4A,"Coily - Soft, tightly coiled S-pattern",High Porosity,Dry Scalp,Product Buildup,"Accumulation of styling products, hard water minerals, or infrequent clarifying washes","Dull, weighed-down hair, reduced curl definition, waxy scalp feel","Use a clarifying or chelating shampoo once every 1-2 weeks to remove residue. Porosity-specific tip: Use rich creams, butters, and oils to seal the cuticle; do a protein treatment periodically since high porosity hair loses moisture quickly.",Clarifying/chelating shampoo,Every 1-2 weeks,Mild
1229,4A,"Coily - Soft, tightly coiled S-pattern",High Porosity,Normal Scalp,Dandruff,"Malassezia fungus overgrowth, dry skin, or sensitivity to hair products","White/yellow flakes on scalp and shoulders, mild itching","Use an anti-dandruff shampoo containing zinc pyrithione, ketoconazole, or selenium sulfide; avoid over-washing. Porosity-specific tip: Use rich creams, butters, and oils to seal the cuticle; do a protein treatment periodically since high porosity hair loses moisture quickly.",Medicated anti-dandruff shampoo,2-3 times per week,Mild-Moderate
1230,4A,"Coily - Soft, tightly coiled S-pattern",High Porosity,Normal Scalp,Dry Scalp,"Low sebum production, cold/dry weather, harsh shampoos, or dehydration","Tight, flaky, itchy scalp without excess oil","Apply a hydrating scalp oil (jojoba, argan) and switch to a sulfate-free moisturizing shampoo. Porosity-specific tip: Use rich creams, butters, and oils to seal the cuticle; do a protein treatment periodically since high porosity hair loses moisture quickly.",Scalp oil massage + hydrating shampoo,2 times per week,Mild
1231,4A,"Coily - Soft, tightly coiled S-pattern",High Porosity,Normal Scalp,Oily Scalp,"Overactive sebaceous glands, hormonal changes, or infrequent washing","Greasy roots, flat-looking hair, scalp odor","Use a clarifying shampoo with tea tree oil or salicylic acid; avoid heavy conditioners near the roots. Porosity-specific tip: Use rich creams, butters, and oils to seal the cuticle; do a protein treatment periodically since high porosity hair loses moisture quickly.",Clarifying shampoo,Every 2-3 days,Mild-Moderate
1232,4A,"Coily - Soft, tightly coiled S-pattern",High Porosity,Normal Scalp,Hair Breakage,"Excess heat styling, chemical treatments, over-brushing, or protein/moisture imbalance","Short broken strands, rough texture, visible split hairs","Reduce heat styling, use a protein-moisture balanced deep conditioner, trim damaged ends. Porosity-specific tip: Use rich creams, butters, and oils to seal the cuticle; do a protein treatment periodically since high porosity hair loses moisture quickly.",Protein treatment + deep conditioning mask,Weekly,Moderate
1233,4A,"Coily - Soft, tightly coiled S-pattern",High Porosity,Normal Scalp,Split Ends,"Mechanical damage, lack of trimming, friction from towels/pillowcases","Frayed, forked hair tips that look dry and dull","Regular trims every 8-10 weeks and use leave-in conditioner or hair oil to seal ends. Porosity-specific tip: Use rich creams, butters, and oils to seal the cuticle; do a protein treatment periodically since high porosity hair loses moisture quickly.",Leave-in conditioner + regular trims,"Bi-weekly application, trims every 2 months",Mild
1234,4A,"Coily - Soft, tightly coiled S-pattern",High Porosity,Normal Scalp,Frizz,"Humidity, lack of moisture, raised hair cuticle, or over-washing","Flyaway strands, rough and unmanageable texture","Use anti-frizz serum, microfiber towel drying, and leave-in cream with humectants like glycerin. Porosity-specific tip: Use rich creams, butters, and oils to seal the cuticle; do a protein treatment periodically since high porosity hair loses moisture quickly.",Anti-frizz serum/cream,Daily as needed,Mild
1235,4A,"Coily - Soft, tightly coiled S-pattern",High Porosity,Normal Scalp,Hair Thinning,"Genetics, stress, nutritional deficiency, hormonal imbalance, or postpartum changes","Reduced hair density, visible scalp, thinner ponytail","Use minoxidil-based topical treatment, biotin/iron supplementation (consult a doctor), and gentle scalp massage. Porosity-specific tip: Use rich creams, butters, and oils to seal the cuticle; do a protein treatment periodically since high porosity hair loses moisture quickly.",Minoxidil topical + supplements,Daily application,Moderate-Severe
1236,4A,"Coily - Soft, tightly coiled S-pattern",High Porosity,Normal Scalp,Itchy/Irritated Scalp,"Allergic reaction to products, dry skin, dandruff, or scalp psoriasis/eczema","Persistent itching, redness, occasional burning sensation","Switch to fragrance-free, sulfate-free shampoo; use a soothing scalp serum with aloe vera or tea tree oil. Porosity-specific tip: Use rich creams, butters, and oils to seal the cuticle; do a protein treatment periodically since high porosity hair loses moisture quickly.",Soothing scalp serum,"Daily until resolved, then 2x/week",Mild-Moderate
1237,4A,"Coily - Soft, tightly coiled S-pattern",High Porosity,Normal Scalp,Product Buildup,"Accumulation of styling products, hard water minerals, or infrequent clarifying washes","Dull, weighed-down hair, reduced curl definition, waxy scalp feel","Use a clarifying or chelating shampoo once every 1-2 weeks to remove residue. Porosity-specific tip: Use rich creams, butters, and oils to seal the cuticle; do a protein treatment periodically since high porosity hair loses moisture quickly.",Clarifying/chelating shampoo,Every 1-2 weeks,Mild
1238,4A,"Coily - Soft, tightly coiled S-pattern",High Porosity,Combination Scalp,Dry Scalp,"Low sebum production, cold/dry weather, harsh shampoos, or dehydration","Tight, flaky, itchy scalp without excess oil","Apply a hydrating scalp oil (jojoba, argan) and switch to a sulfate-free moisturizing shampoo. Porosity-specific tip: Use rich creams, butters, and oils to seal the cuticle; do a protein treatment periodically since high porosity hair loses moisture quickly.",Scalp oil massage + hydrating shampoo,2 times per week,Mild
1239,4A,"Coily - Soft, tightly coiled S-pattern",High Porosity,Combination Scalp,Oily Scalp,"Overactive sebaceous glands, hormonal changes, or infrequent washing","Greasy roots, flat-looking hair, scalp odor","Use a clarifying shampoo with tea tree oil or salicylic acid; avoid heavy conditioners near the roots. Porosity-specific tip: Use rich creams, butters, and oils to seal the cuticle; do a protein treatment periodically since high porosity hair loses moisture quickly.",Clarifying shampoo,Every 2-3 days,Mild-Moderate
1240,4A,"Coily - Soft, tightly coiled S-pattern",High Porosity,Combination Scalp,Hair Breakage,"Excess heat styling, chemical treatments, over-brushing, or protein/moisture imbalance","Short broken strands, rough texture, visible split hairs","Reduce heat styling, use a protein-moisture balanced deep conditioner, trim damaged ends. Porosity-specific tip: Use rich creams, butters, and oils to seal the cuticle; do a protein treatment periodically since high porosity hair loses moisture quickly.",Protein treatment + deep conditioning mask,Weekly,Moderate
1241,4A,"Coily - Soft, tightly coiled S-pattern",High Porosity,Combination Scalp,Split Ends,"Mechanical damage, lack of trimming, friction from towels/pillowcases","Frayed, forked hair tips that look dry and dull","Regular trims every 8-10 weeks and use leave-in conditioner or hair oil to seal ends. Porosity-specific tip: Use rich creams, butters, and oils to seal the cuticle; do a protein treatment periodically since high porosity hair loses moisture quickly.",Leave-in conditioner + regular trims,"Bi-weekly application, trims every 2 months",Mild
1242,4A,"Coily - Soft, tightly coiled S-pattern",High Porosity,Combination Scalp,Hair Thinning,"Genetics, stress, nutritional deficiency, hormonal imbalance, or postpartum changes","Reduced hair density, visible scalp, thinner ponytail","Use minoxidil-based topical treatment, biotin/iron supplementation (consult a doctor), and gentle scalp massage. Porosity-specific tip: Use rich creams, butters, and oils to seal the cuticle; do a protein treatment periodically since high porosity hair loses moisture quickly.",Minoxidil topical + supplements,Daily application,Moderate-Severe
1243,4A,"Coily - Soft, tightly coiled S-pattern",High Porosity,Combination Scalp,Itchy/Irritated Scalp,"Allergic reaction to products, dry skin, dandruff, or scalp psoriasis/eczema","Persistent itching, redness, occasional burning sensation","Switch to fragrance-free, sulfate-free shampoo; use a soothing scalp serum with aloe vera or tea tree oil. Porosity-specific tip: Use rich creams, butters, and oils to seal the cuticle; do a protein treatment periodically since high porosity hair loses moisture quickly.",Soothing scalp serum,"Daily until resolved, then 2x/week",Mild-Moderate
1244,4A,"Coily - Soft, tightly coiled S-pattern",High Porosity,Combination Scalp,Product Buildup,"Accumulation of styling products, hard water minerals, or infrequent clarifying washes","Dull, weighed-down hair, reduced curl definition, waxy scalp feel","Use a clarifying or chelating shampoo once every 1-2 weeks to remove residue. Porosity-specific tip: Use rich creams, butters, and oils to seal the cuticle; do a protein treatment periodically since high porosity hair loses moisture quickly.",Clarifying/chelating shampoo,Every 1-2 weeks,Mild
1245,4A,"Coily - Soft, tightly coiled S-pattern",High Porosity,Sensitive Scalp,Dandruff,"Malassezia fungus overgrowth, dry skin, or sensitivity to hair products","White/yellow flakes on scalp and shoulders, mild itching","Use an anti-dandruff shampoo containing zinc pyrithione, ketoconazole, or selenium sulfide; avoid over-washing. Porosity-specific tip: Use rich creams, butters, and oils to seal the cuticle; do a protein treatment periodically since high porosity hair loses moisture quickly.",Medicated anti-dandruff shampoo,2-3 times per week,Mild-Moderate
1246,4A,"Coily - Soft, tightly coiled S-pattern",High Porosity,Sensitive Scalp,Dry Scalp,"Low sebum production, cold/dry weather, harsh shampoos, or dehydration","Tight, flaky, itchy scalp without excess oil","Apply a hydrating scalp oil (jojoba, argan) and switch to a sulfate-free moisturizing shampoo. Porosity-specific tip: Use rich creams, butters, and oils to seal the cuticle; do a protein treatment periodically since high porosity hair loses moisture quickly.",Scalp oil massage + hydrating shampoo,2 times per week,Mild
1247,4A,"Coily - Soft, tightly coiled S-pattern",High Porosity,Sensitive Scalp,Oily Scalp,"Overactive sebaceous glands, hormonal changes, or infrequent washing","Greasy roots, flat-looking hair, scalp odor","Use a clarifying shampoo with tea tree oil or salicylic acid; avoid heavy conditioners near the roots. Porosity-specific tip: Use rich creams, butters, and oils to seal the cuticle; do a protein treatment periodically since high porosity hair loses moisture quickly.",Clarifying shampoo,Every 2-3 days,Mild-Moderate
1248,4A,"Coily - Soft, tightly coiled S-pattern",High Porosity,Sensitive Scalp,Hair Breakage,"Excess heat styling, chemical treatments, over-brushing, or protein/moisture imbalance","Short broken strands, rough texture, visible split hairs","Reduce heat styling, use a protein-moisture balanced deep conditioner, trim damaged ends. Porosity-specific tip: Use rich creams, butters, and oils to seal the cuticle; do a protein treatment periodically since high porosity hair loses moisture quickly.",Protein treatment + deep conditioning mask,Weekly,Moderate
1249,4A,"Coily - Soft, tightly coiled S-pattern",High Porosity,Sensitive Scalp,Split Ends,"Mechanical damage, lack of trimming, friction from towels/pillowcases","Frayed, forked hair tips that look dry and dull","Regular trims every 8-10 weeks and use leave-in conditioner or hair oil to seal ends. Porosity-specific tip: Use rich creams, butters, and oils to seal the cuticle; do a protein treatment periodically since high porosity hair loses moisture quickly.",Leave-in conditioner + regular trims,"Bi-weekly application, trims every 2 months",Mild
1250,4A,"Coily - Soft, tightly coiled S-pattern",High Porosity,Sensitive Scalp,Frizz,"Humidity, lack of moisture, raised hair cuticle, or over-washing","Flyaway strands, rough and unmanageable texture","Use anti-frizz serum, microfiber towel drying, and leave-in cream with humectants like glycerin. Porosity-specific tip: Use rich creams, butters, and oils to seal the cuticle; do a protein treatment periodically since high porosity hair loses moisture quickly.",Anti-frizz serum/cream,Daily as needed,Mild
1251,4A,"Coily - Soft, tightly coiled S-pattern",High Porosity,Sensitive Scalp,Hair Thinning,"Genetics, stress, nutritional deficiency, hormonal imbalance, or postpartum changes","Reduced hair density, visible scalp, thinner ponytail","Use minoxidil-based topical treatment, biotin/iron supplementation (consult a doctor), and gentle scalp massage. Porosity-specific tip: Use rich creams, butters, and oils to seal the cuticle; do a protein treatment periodically since high porosity hair loses moisture quickly.",Minoxidil topical + supplements,Daily application,Moderate-Severe
1252,4A,"Coily - Soft, tightly coiled S-pattern",High Porosity,Sensitive Scalp,Itchy/Irritated Scalp,"Allergic reaction to products, dry skin, dandruff, or scalp psoriasis/eczema","Persistent itching, redness, occasional burning sensation","Switch to fragrance-free, sulfate-free shampoo; use a soothing scalp serum with aloe vera or tea tree oil. Porosity-specific tip: Use rich creams, butters, and oils to seal the cuticle; do a protein treatment periodically since high porosity hair loses moisture quickly.",Soothing scalp serum,"Daily until resolved, then 2x/week",Mild-Moderate
1253,4A,"Coily - Soft, tightly coiled S-pattern",High Porosity,Sensitive Scalp,Product Buildup,"Accumulation of styling products, hard water minerals, or infrequent clarifying washes","Dull, weighed-down hair, reduced curl definition, waxy scalp feel","Use a clarifying or chelating shampoo once every 1-2 weeks to remove residue. Porosity-specific tip: Use rich creams, butters, and oils to seal the cuticle; do a protein treatment periodically since high porosity hair loses moisture quickly.",Clarifying/chelating shampoo,Every 1-2 weeks,Mild
1254,4B,"Coily - Z-pattern, less defined curl",Low Porosity,Oily Scalp,Dandruff,"Malassezia fungus overgrowth, dry skin, or sensitivity to hair products","White/yellow flakes on scalp and shoulders, mild itching","Use an anti-dandruff shampoo containing zinc pyrithione, ketoconazole, or selenium sulfide; avoid over-washing. Porosity-specific tip: Use lightweight, water-based products applied to damp hair; avoid heavy butters/oils that sit on the cuticle; consider heat (steam) to help product absorption.",Medicated anti-dandruff shampoo,2-3 times per week,Mild-Moderate
1255,4B,"Coily - Z-pattern, less defined curl",Low Porosity,Oily Scalp,Dry Scalp,"Low sebum production, cold/dry weather, harsh shampoos, or dehydration","Tight, flaky, itchy scalp without excess oil","Apply a hydrating scalp oil (jojoba, argan) and switch to a sulfate-free moisturizing shampoo. Porosity-specific tip: Use lightweight, water-based products applied to damp hair; avoid heavy butters/oils that sit on the cuticle; consider heat (steam) to help product absorption.",Scalp oil massage + hydrating shampoo,2 times per week,Mild
1256,4B,"Coily - Z-pattern, less defined curl",Low Porosity,Oily Scalp,Oily Scalp,"Overactive sebaceous glands, hormonal changes, or infrequent washing","Greasy roots, flat-looking hair, scalp odor","Use a clarifying shampoo with tea tree oil or salicylic acid; avoid heavy conditioners near the roots. Porosity-specific tip: Use lightweight, water-based products applied to damp hair; avoid heavy butters/oils that sit on the cuticle; consider heat (steam) to help product absorption.",Clarifying shampoo,Every 2-3 days,Mild-Moderate
1257,4B,"Coily - Z-pattern, less defined curl",Low Porosity,Oily Scalp,Hair Breakage,"Excess heat styling, chemical treatments, over-brushing, or protein/moisture imbalance","Short broken strands, rough texture, visible split hairs","Reduce heat styling, use a protein-moisture balanced deep conditioner, trim damaged ends. Porosity-specific tip: Use lightweight, water-based products applied to damp hair; avoid heavy butters/oils that sit on the cuticle; consider heat (steam) to help product absorption.",Protein treatment + deep conditioning mask,Weekly,Moderate
1258,4B,"Coily - Z-pattern, less defined curl",Low Porosity,Oily Scalp,Split Ends,"Mechanical damage, lack of trimming, friction from towels/pillowcases","Frayed, forked hair tips that look dry and dull","Regular trims every 8-10 weeks and use leave-in conditioner or hair oil to seal ends. Porosity-specific tip: Use lightweight, water-based products applied to damp hair; avoid heavy butters/oils that sit on the cuticle; consider heat (steam) to help product absorption.",Leave-in conditioner + regular trims,"Bi-weekly application, trims every 2 months",Mild
1259,4B,"Coily - Z-pattern, less defined curl",Low Porosity,Oily Scalp,Frizz,"Humidity, lack of moisture, raised hair cuticle, or over-washing","Flyaway strands, rough and unmanageable texture","Use anti-frizz serum, microfiber towel drying, and leave-in cream with humectants like glycerin. Porosity-specific tip: Use lightweight, water-based products applied to damp hair; avoid heavy butters/oils that sit on the cuticle; consider heat (steam) to help product absorption.",Anti-frizz serum/cream,Daily as needed,Mild
1260,4B,"Coily - Z-pattern, less defined curl",Low Porosity,Oily Scalp,Hair Thinning,"Genetics, stress, nutritional deficiency, hormonal imbalance, or postpartum changes","Reduced hair density, visible scalp, thinner ponytail","Use minoxidil-based topical treatment, biotin/iron supplementation (consult a doctor), and gentle scalp massage. Porosity-specific tip: Use lightweight, water-based products applied to damp hair; avoid heavy butters/oils that sit on the cuticle; consider heat (steam) to help product absorption.",Minoxidil topical + supplements,Daily application,Moderate-Severe
1261,4B,"Coily - Z-pattern, less defined curl",Low Porosity,Oily Scalp,Itchy/Irritated Scalp,"Allergic reaction to products, dry skin, dandruff, or scalp psoriasis/eczema","Persistent itching, redness, occasional burning sensation","Switch to fragrance-free, sulfate-free shampoo; use a soothing scalp serum with aloe vera or tea tree oil. Porosity-specific tip: Use lightweight, water-based products applied to damp hair; avoid heavy butters/oils that sit on the cuticle; consider heat (steam) to help product absorption.",Soothing scalp serum,"Daily until resolved, then 2x/week",Mild-Moderate
1262,4B,"Coily - Z-pattern, less defined curl",Low Porosity,Oily Scalp,Product Buildup,"Accumulation of styling products, hard water minerals, or infrequent clarifying washes","Dull, weighed-down hair, reduced curl definition, waxy scalp feel","Use a clarifying or chelating shampoo once every 1-2 weeks to remove residue. Porosity-specific tip: Use lightweight, water-based products applied to damp hair; avoid heavy butters/oils that sit on the cuticle; consider heat (steam) to help product absorption.",Clarifying/chelating shampoo,Every 1-2 weeks,Mild
1263,4B,"Coily - Z-pattern, less defined curl",Low Porosity,Dry Scalp,Dandruff,"Malassezia fungus overgrowth, dry skin, or sensitivity to hair products","White/yellow flakes on scalp and shoulders, mild itching","Use an anti-dandruff shampoo containing zinc pyrithione, ketoconazole, or selenium sulfide; avoid over-washing. Porosity-specific tip: Use lightweight, water-based products applied to damp hair; avoid heavy butters/oils that sit on the cuticle; consider heat (steam) to help product absorption.",Medicated anti-dandruff shampoo,2-3 times per week,Mild-Moderate
1264,4B,"Coily - Z-pattern, less defined curl",Low Porosity,Dry Scalp,Dry Scalp,"Low sebum production, cold/dry weather, harsh shampoos, or dehydration","Tight, flaky, itchy scalp without excess oil","Apply a hydrating scalp oil (jojoba, argan) and switch to a sulfate-free moisturizing shampoo. Porosity-specific tip: Use lightweight, water-based products applied to damp hair; avoid heavy butters/oils that sit on the cuticle; consider heat (steam) to help product absorption.",Scalp oil massage + hydrating shampoo,2 times per week,Mild
1265,4B,"Coily - Z-pattern, less defined curl",Low Porosity,Dry Scalp,Oily Scalp,"Overactive sebaceous glands, hormonal changes, or infrequent washing","Greasy roots, flat-looking hair, scalp odor","Use a clarifying shampoo with tea tree oil or salicylic acid; avoid heavy conditioners near the roots. Porosity-specific tip: Use lightweight, water-based products applied to damp hair; avoid heavy butters/oils that sit on the cuticle; consider heat (steam) to help product absorption.",Clarifying shampoo,Every 2-3 days,Mild-Moderate
1266,4B,"Coily - Z-pattern, less defined curl",Low Porosity,Dry Scalp,Hair Breakage,"Excess heat styling, chemical treatments, over-brushing, or protein/moisture imbalance","Short broken strands, rough texture, visible split hairs","Reduce heat styling, use a protein-moisture balanced deep conditioner, trim damaged ends. Porosity-specific tip: Use lightweight, water-based products applied to damp hair; avoid heavy butters/oils that sit on the cuticle; consider heat (steam) to help product absorption.",Protein treatment + deep conditioning mask,Weekly,Moderate
1267,4B,"Coily - Z-pattern, less defined curl",Low Porosity,Dry Scalp,Frizz,"Humidity, lack of moisture, raised hair cuticle, or over-washing","Flyaway strands, rough and unmanageable texture","Use anti-frizz serum, microfiber towel drying, and leave-in cream with humectants like glycerin. Porosity-specific tip: Use lightweight, water-based products applied to damp hair; avoid heavy butters/oils that sit on the cuticle; consider heat (steam) to help product absorption.",Anti-frizz serum/cream,Daily as needed,Mild
1268,4B,"Coily - Z-pattern, less defined curl",Low Porosity,Dry Scalp,Hair Thinning,"Genetics, stress, nutritional deficiency, hormonal imbalance, or postpartum changes","Reduced hair density, visible scalp, thinner ponytail","Use minoxidil-based topical treatment, biotin/iron supplementation (consult a doctor), and gentle scalp massage. Porosity-specific tip: Use lightweight, water-based products applied to damp hair; avoid heavy butters/oils that sit on the cuticle; consider heat (steam) to help product absorption.",Minoxidil topical + supplements,Daily application,Moderate-Severe
1269,4B,"Coily - Z-pattern, less defined curl",Low Porosity,Dry Scalp,Itchy/Irritated Scalp,"Allergic reaction to products, dry skin, dandruff, or scalp psoriasis/eczema","Persistent itching, redness, occasional burning sensation","Switch to fragrance-free, sulfate-free shampoo; use a soothing scalp serum with aloe vera or tea tree oil. Porosity-specific tip: Use lightweight, water-based products applied to damp hair; avoid heavy butters/oils that sit on the cuticle; consider heat (steam) to help product absorption.",Soothing scalp serum,"Daily until resolved, then 2x/week",Mild-Moderate
1270,4B,"Coily - Z-pattern, less defined curl",Low Porosity,Normal Scalp,Dandruff,"Malassezia fungus overgrowth, dry skin, or sensitivity to hair products","White/yellow flakes on scalp and shoulders, mild itching","Use an anti-dandruff shampoo containing zinc pyrithione, ketoconazole, or selenium sulfide; avoid over-washing. Porosity-specific tip: Use lightweight, water-based products applied to damp hair; avoid heavy butters/oils that sit on the cuticle; consider heat (steam) to help product absorption.",Medicated anti-dandruff shampoo,2-3 times per week,Mild-Moderate
1271,4B,"Coily - Z-pattern, less defined curl",Low Porosity,Normal Scalp,Oily Scalp,"Overactive sebaceous glands, hormonal changes, or infrequent washing","Greasy roots, flat-looking hair, scalp odor","Use a clarifying shampoo with tea tree oil or salicylic acid; avoid heavy conditioners near the roots. Porosity-specific tip: Use lightweight, water-based products applied to damp hair; avoid heavy butters/oils that sit on the cuticle; consider heat (steam) to help product absorption.",Clarifying shampoo,Every 2-3 days,Mild-Moderate
1272,4B,"Coily - Z-pattern, less defined curl",Low Porosity,Normal Scalp,Hair Breakage,"Excess heat styling, chemical treatments, over-brushing, or protein/moisture imbalance","Short broken strands, rough texture, visible split hairs","Reduce heat styling, use a protein-moisture balanced deep conditioner, trim damaged ends. Porosity-specific tip: Use lightweight, water-based products applied to damp hair; avoid heavy butters/oils that sit on the cuticle; consider heat (steam) to help product absorption.",Protein treatment + deep conditioning mask,Weekly,Moderate
1273,4B,"Coily - Z-pattern, less defined curl",Low Porosity,Normal Scalp,Split Ends,"Mechanical damage, lack of trimming, friction from towels/pillowcases","Frayed, forked hair tips that look dry and dull","Regular trims every 8-10 weeks and use leave-in conditioner or hair oil to seal ends. Porosity-specific tip: Use lightweight, water-based products applied to damp hair; avoid heavy butters/oils that sit on the cuticle; consider heat (steam) to help product absorption.",Leave-in conditioner + regular trims,"Bi-weekly application, trims every 2 months",Mild
1274,4B,"Coily - Z-pattern, less defined curl",Low Porosity,Normal Scalp,Frizz,"Humidity, lack of moisture, raised hair cuticle, or over-washing","Flyaway strands, rough and unmanageable texture","Use anti-frizz serum, microfiber towel drying, and leave-in cream with humectants like glycerin. Porosity-specific tip: Use lightweight, water-based products applied to damp hair; avoid heavy butters/oils that sit on the cuticle; consider heat (steam) to help product absorption.",Anti-frizz serum/cream,Daily as needed,Mild
1275,4B,"Coily - Z-pattern, less defined curl",Low Porosity,Normal Scalp,Hair Thinning,"Genetics, stress, nutritional deficiency, hormonal imbalance, or postpartum changes","Reduced hair density, visible scalp, thinner ponytail","Use minoxidil-based topical treatment, biotin/iron supplementation (consult a doctor), and gentle scalp massage. Porosity-specific tip: Use lightweight, water-based products applied to damp hair; avoid heavy butters/oils that sit on the cuticle; consider heat (steam) to help product absorption.",Minoxidil topical + supplements,Daily application,Moderate-Severe
1276,4B,"Coily - Z-pattern, less defined curl",Low Porosity,Normal Scalp,Itchy/Irritated Scalp,"Allergic reaction to products, dry skin, dandruff, or scalp psoriasis/eczema","Persistent itching, redness, occasional burning sensation","Switch to fragrance-free, sulfate-free shampoo; use a soothing scalp serum with aloe vera or tea tree oil. Porosity-specific tip: Use lightweight, water-based products applied to damp hair; avoid heavy butters/oils that sit on the cuticle; consider heat (steam) to help product absorption.",Soothing scalp serum,"Daily until resolved, then 2x/week",Mild-Moderate
1277,4B,"Coily - Z-pattern, less defined curl",Low Porosity,Normal Scalp,Product Buildup,"Accumulation of styling products, hard water minerals, or infrequent clarifying washes","Dull, weighed-down hair, reduced curl definition, waxy scalp feel","Use a clarifying or chelating shampoo once every 1-2 weeks to remove residue. Porosity-specific tip: Use lightweight, water-based products applied to damp hair; avoid heavy butters/oils that sit on the cuticle; consider heat (steam) to help product absorption.",Clarifying/chelating shampoo,Every 1-2 weeks,Mild
1278,4B,"Coily - Z-pattern, less defined curl",Low Porosity,Combination Scalp,Dandruff,"Malassezia fungus overgrowth, dry skin, or sensitivity to hair products","White/yellow flakes on scalp and shoulders, mild itching","Use an anti-dandruff shampoo containing zinc pyrithione, ketoconazole, or selenium sulfide; avoid over-washing. Porosity-specific tip: Use lightweight, water-based products applied to damp hair; avoid heavy butters/oils that sit on the cuticle; consider heat (steam) to help product absorption.",Medicated anti-dandruff shampoo,2-3 times per week,Mild-Moderate
1279,4B,"Coily - Z-pattern, less defined curl",Low Porosity,Combination Scalp,Dry Scalp,"Low sebum production, cold/dry weather, harsh shampoos, or dehydration","Tight, flaky, itchy scalp without excess oil","Apply a hydrating scalp oil (jojoba, argan) and switch to a sulfate-free moisturizing shampoo. Porosity-specific tip: Use lightweight, water-based products applied to damp hair; avoid heavy butters/oils that sit on the cuticle; consider heat (steam) to help product absorption.",Scalp oil massage + hydrating shampoo,2 times per week,Mild
1280,4B,"Coily - Z-pattern, less defined curl",Low Porosity,Combination Scalp,Oily Scalp,"Overactive sebaceous glands, hormonal changes, or infrequent washing","Greasy roots, flat-looking hair, scalp odor","Use a clarifying shampoo with tea tree oil or salicylic acid; avoid heavy conditioners near the roots. Porosity-specific tip: Use lightweight, water-based products applied to damp hair; avoid heavy butters/oils that sit on the cuticle; consider heat (steam) to help product absorption.",Clarifying shampoo,Every 2-3 days,Mild-Moderate
1281,4B,"Coily - Z-pattern, less defined curl",Low Porosity,Combination Scalp,Hair Breakage,"Excess heat styling, chemical treatments, over-brushing, or protein/moisture imbalance","Short broken strands, rough texture, visible split hairs","Reduce heat styling, use a protein-moisture balanced deep conditioner, trim damaged ends. Porosity-specific tip: Use lightweight, water-based products applied to damp hair; avoid heavy butters/oils that sit on the cuticle; consider heat (steam) to help product absorption.",Protein treatment + deep conditioning mask,Weekly,Moderate
1282,4B,"Coily - Z-pattern, less defined curl",Low Porosity,Combination Scalp,Split Ends,"Mechanical damage, lack of trimming, friction from towels/pillowcases","Frayed, forked hair tips that look dry and dull","Regular trims every 8-10 weeks and use leave-in conditioner or hair oil to seal ends. Porosity-specific tip: Use lightweight, water-based products applied to damp hair; avoid heavy butters/oils that sit on the cuticle; consider heat (steam) to help product absorption.",Leave-in conditioner + regular trims,"Bi-weekly application, trims every 2 months",Mild
1283,4B,"Coily - Z-pattern, less defined curl",Low Porosity,Combination Scalp,Frizz,"Humidity, lack of moisture, raised hair cuticle, or over-washing","Flyaway strands, rough and unmanageable texture","Use anti-frizz serum, microfiber towel drying, and leave-in cream with humectants like glycerin. Porosity-specific tip: Use lightweight, water-based products applied to damp hair; avoid heavy butters/oils that sit on the cuticle; consider heat (steam) to help product absorption.",Anti-frizz serum/cream,Daily as needed,Mild
1284,4B,"Coily - Z-pattern, less defined curl",Low Porosity,Combination Scalp,Hair Thinning,"Genetics, stress, nutritional deficiency, hormonal imbalance, or postpartum changes","Reduced hair density, visible scalp, thinner ponytail","Use minoxidil-based topical treatment, biotin/iron supplementation (consult a doctor), and gentle scalp massage. Porosity-specific tip: Use lightweight, water-based products applied to damp hair; avoid heavy butters/oils that sit on the cuticle; consider heat (steam) to help product absorption.",Minoxidil topical + supplements,Daily application,Moderate-Severe
1285,4B,"Coily - Z-pattern, less defined curl",Low Porosity,Combination Scalp,Itchy/Irritated Scalp,"Allergic reaction to products, dry skin, dandruff, or scalp psoriasis/eczema","Persistent itching, redness, occasional burning sensation","Switch to fragrance-free, sulfate-free shampoo; use a soothing scalp serum with aloe vera or tea tree oil. Porosity-specific tip: Use lightweight, water-based products applied to damp hair; avoid heavy butters/oils that sit on the cuticle; consider heat (steam) to help product absorption.",Soothing scalp serum,"Daily until resolved, then 2x/week",Mild-Moderate
1286,4B,"Coily - Z-pattern, less defined curl",Low Porosity,Combination Scalp,Product Buildup,"Accumulation of styling products, hard water minerals, or infrequent clarifying washes","Dull, weighed-down hair, reduced curl definition, waxy scalp feel","Use a clarifying or chelating shampoo once every 1-2 weeks to remove residue. Porosity-specific tip: Use lightweight, water-based products applied to damp hair; avoid heavy butters/oils that sit on the cuticle; consider heat (steam) to help product absorption.",Clarifying/chelating shampoo,Every 1-2 weeks,Mild
1287,4B,"Coily - Z-pattern, less defined curl",Low Porosity,Sensitive Scalp,Dandruff,"Malassezia fungus overgrowth, dry skin, or sensitivity to hair products","White/yellow flakes on scalp and shoulders, mild itching","Use an anti-dandruff shampoo containing zinc pyrithione, ketoconazole, or selenium sulfide; avoid over-washing. Porosity-specific tip: Use lightweight, water-based products applied to damp hair; avoid heavy butters/oils that sit on the cuticle; consider heat (steam) to help product absorption.",Medicated anti-dandruff shampoo,2-3 times per week,Mild-Moderate
1288,4B,"Coily - Z-pattern, less defined curl",Low Porosity,Sensitive Scalp,Dry Scalp,"Low sebum production, cold/dry weather, harsh shampoos, or dehydration","Tight, flaky, itchy scalp without excess oil","Apply a hydrating scalp oil (jojoba, argan) and switch to a sulfate-free moisturizing shampoo. Porosity-specific tip: Use lightweight, water-based products applied to damp hair; avoid heavy butters/oils that sit on the cuticle; consider heat (steam) to help product absorption.",Scalp oil massage + hydrating shampoo,2 times per week,Mild
1289,4B,"Coily - Z-pattern, less defined curl",Low Porosity,Sensitive Scalp,Oily Scalp,"Overactive sebaceous glands, hormonal changes, or infrequent washing","Greasy roots, flat-looking hair, scalp odor","Use a clarifying shampoo with tea tree oil or salicylic acid; avoid heavy conditioners near the roots. Porosity-specific tip: Use lightweight, water-based products applied to damp hair; avoid heavy butters/oils that sit on the cuticle; consider heat (steam) to help product absorption.",Clarifying shampoo,Every 2-3 days,Mild-Moderate
1290,4B,"Coily - Z-pattern, less defined curl",Low Porosity,Sensitive Scalp,Hair Breakage,"Excess heat styling, chemical treatments, over-brushing, or protein/moisture imbalance","Short broken strands, rough texture, visible split hairs","Reduce heat styling, use a protein-moisture balanced deep conditioner, trim damaged ends. Porosity-specific tip: Use lightweight, water-based products applied to damp hair; avoid heavy butters/oils that sit on the cuticle; consider heat (steam) to help product absorption.",Protein treatment + deep conditioning mask,Weekly,Moderate
1291,4B,"Coily - Z-pattern, less defined curl",Low Porosity,Sensitive Scalp,Frizz,"Humidity, lack of moisture, raised hair cuticle, or over-washing","Flyaway strands, rough and unmanageable texture","Use anti-frizz serum, microfiber towel drying, and leave-in cream with humectants like glycerin. Porosity-specific tip: Use lightweight, water-based products applied to damp hair; avoid heavy butters/oils that sit on the cuticle; consider heat (steam) to help product absorption.",Anti-frizz serum/cream,Daily as needed,Mild
1292,4B,"Coily - Z-pattern, less defined curl",Low Porosity,Sensitive Scalp,Hair Thinning,"Genetics, stress, nutritional deficiency, hormonal imbalance, or postpartum changes","Reduced hair density, visible scalp, thinner ponytail","Use minoxidil-based topical treatment, biotin/iron supplementation (consult a doctor), and gentle scalp massage. Porosity-specific tip: Use lightweight, water-based products applied to damp hair; avoid heavy butters/oils that sit on the cuticle; consider heat (steam) to help product absorption.",Minoxidil topical + supplements,Daily application,Moderate-Severe
1293,4B,"Coily - Z-pattern, less defined curl",Low Porosity,Sensitive Scalp,Itchy/Irritated Scalp,"Allergic reaction to products, dry skin, dandruff, or scalp psoriasis/eczema","Persistent itching, redness, occasional burning sensation","Switch to fragrance-free, sulfate-free shampoo; use a soothing scalp serum with aloe vera or tea tree oil. Porosity-specific tip: Use lightweight, water-based products applied to damp hair; avoid heavy butters/oils that sit on the cuticle; consider heat (steam) to help product absorption.",Soothing scalp serum,"Daily until resolved, then 2x/week",Mild-Moderate
1294,4B,"Coily - Z-pattern, less defined curl",Low Porosity,Sensitive Scalp,Product Buildup,"Accumulation of styling products, hard water minerals, or infrequent clarifying washes","Dull, weighed-down hair, reduced curl definition, waxy scalp feel","Use a clarifying or chelating shampoo once every 1-2 weeks to remove residue. Porosity-specific tip: Use lightweight, water-based products applied to damp hair; avoid heavy butters/oils that sit on the cuticle; consider heat (steam) to help product absorption.",Clarifying/chelating shampoo,Every 1-2 weeks,Mild
1295,4B,"Coily - Z-pattern, less defined curl",Medium Porosity,Oily Scalp,Dandruff,"Malassezia fungus overgrowth, dry skin, or sensitivity to hair products","White/yellow flakes on scalp and shoulders, mild itching","Use an anti-dandruff shampoo containing zinc pyrithione, ketoconazole, or selenium sulfide; avoid over-washing. Porosity-specific tip: Balanced routine works well; maintain regular deep conditioning every 1-2 weeks to preserve moisture-protein balance.",Medicated anti-dandruff shampoo,2-3 times per week,Mild-Moderate
1296,4B,"Coily - Z-pattern, less defined curl",Medium Porosity,Oily Scalp,Oily Scalp,"Overactive sebaceous glands, hormonal changes, or infrequent washing","Greasy roots, flat-looking hair, scalp odor",Use a clarifying shampoo with tea tree oil or salicylic acid; avoid heavy conditioners near the roots. Porosity-specific tip: Balanced routine works well; maintain regular deep conditioning every 1-2 weeks to preserve moisture-protein balance.,Clarifying shampoo,Every 2-3 days,Mild-Moderate
1297,4B,"Coily - Z-pattern, less defined curl",Medium Porosity,Oily Scalp,Hair Breakage,"Excess heat styling, chemical treatments, over-brushing, or protein/moisture imbalance","Short broken strands, rough texture, visible split hairs","Reduce heat styling, use a protein-moisture balanced deep conditioner, trim damaged ends. Porosity-specific tip: Balanced routine works well; maintain regular deep conditioning every 1-2 weeks to preserve moisture-protein balance.",Protein treatment + deep conditioning mask,Weekly,Moderate
1298,4B,"Coily - Z-pattern, less defined curl",Medium Porosity,Oily Scalp,Split Ends,"Mechanical damage, lack of trimming, friction from towels/pillowcases","Frayed, forked hair tips that look dry and dull",Regular trims every 8-10 weeks and use leave-in conditioner or hair oil to seal ends. Porosity-specific tip: Balanced routine works well; maintain regular deep conditioning every 1-2 weeks to preserve moisture-protein balance.,Leave-in conditioner + regular trims,"Bi-weekly application, trims every 2 months",Mild
1299,4B,"Coily - Z-pattern, less defined curl",Medium Porosity,Oily Scalp,Frizz,"Humidity, lack of moisture, raised hair cuticle, or over-washing","Flyaway strands, rough and unmanageable texture","Use anti-frizz serum, microfiber towel drying, and leave-in cream with humectants like glycerin. Porosity-specific tip: Balanced routine works well; maintain regular deep conditioning every 1-2 weeks to preserve moisture-protein balance.",Anti-frizz serum/cream,Daily as needed,Mild
1300,4B,"Coily - Z-pattern, less defined curl",Medium Porosity,Oily Scalp,Hair Thinning,"Genetics, stress, nutritional deficiency, hormonal imbalance, or postpartum changes","Reduced hair density, visible scalp, thinner ponytail","Use minoxidil-based topical treatment, biotin/iron supplementation (consult a doctor), and gentle scalp massage. Porosity-specific tip: Balanced routine works well; maintain regular deep conditioning every 1-2 weeks to preserve moisture-protein balance.",Minoxidil topical + supplements,Daily application,Moderate-Severe
1301,4B,"Coily - Z-pattern, less defined curl",Medium Porosity,Oily Scalp,Itchy/Irritated Scalp,"Allergic reaction to products, dry skin, dandruff, or scalp psoriasis/eczema","Persistent itching, redness, occasional burning sensation","Switch to fragrance-free, sulfate-free shampoo; use a soothing scalp serum with aloe vera or tea tree oil. Porosity-specific tip: Balanced routine works well; maintain regular deep conditioning every 1-2 weeks to preserve moisture-protein balance.",Soothing scalp serum,"Daily until resolved, then 2x/week",Mild-Moderate
1302,4B,"Coily - Z-pattern, less defined curl",Medium Porosity,Oily Scalp,Product Buildup,"Accumulation of styling products, hard water minerals, or infrequent clarifying washes","Dull, weighed-down hair, reduced curl definition, waxy scalp feel",Use a clarifying or chelating shampoo once every 1-2 weeks to remove residue. Porosity-specific tip: Balanced routine works well; maintain regular deep conditioning every 1-2 weeks to preserve moisture-protein balance.,Clarifying/chelating shampoo,Every 1-2 weeks,Mild
1303,4B,"Coily - Z-pattern, less defined curl",Medium Porosity,Dry Scalp,Dandruff,"Malassezia fungus overgrowth, dry skin, or sensitivity to hair products","White/yellow flakes on scalp and shoulders, mild itching","Use an anti-dandruff shampoo containing zinc pyrithione, ketoconazole, or selenium sulfide; avoid over-washing. Porosity-specific tip: Balanced routine works well; maintain regular deep conditioning every 1-2 weeks to preserve moisture-protein balance.",Medicated anti-dandruff shampoo,2-3 times per week,Mild-Moderate
1304,4B,"Coily - Z-pattern, less defined curl",Medium Porosity,Dry Scalp,Dry Scalp,"Low sebum production, cold/dry weather, harsh shampoos, or dehydration","Tight, flaky, itchy scalp without excess oil","Apply a hydrating scalp oil (jojoba, argan) and switch to a sulfate-free moisturizing shampoo. Porosity-specific tip: Balanced routine works well; maintain regular deep conditioning every 1-2 weeks to preserve moisture-protein balance.",Scalp oil massage + hydrating shampoo,2 times per week,Mild
1305,4B,"Coily - Z-pattern, less defined curl",Medium Porosity,Dry Scalp,Oily Scalp,"Overactive sebaceous glands, hormonal changes, or infrequent washing","Greasy roots, flat-looking hair, scalp odor",Use a clarifying shampoo with tea tree oil or salicylic acid; avoid heavy conditioners near the roots. Porosity-specific tip: Balanced routine works well; maintain regular deep conditioning every 1-2 weeks to preserve moisture-protein balance.,Clarifying shampoo,Every 2-3 days,Mild-Moderate
1306,4B,"Coily - Z-pattern, less defined curl",Medium Porosity,Dry Scalp,Hair Breakage,"Excess heat styling, chemical treatments, over-brushing, or protein/moisture imbalance","Short broken strands, rough texture, visible split hairs","Reduce heat styling, use a protein-moisture balanced deep conditioner, trim damaged ends. Porosity-specific tip: Balanced routine works well; maintain regular deep conditioning every 1-2 weeks to preserve moisture-protein balance.",Protein treatment + deep conditioning mask,Weekly,Moderate
1307,4B,"Coily - Z-pattern, less defined curl",Medium Porosity,Dry Scalp,Split Ends,"Mechanical damage, lack of trimming, friction from towels/pillowcases","Frayed, forked hair tips that look dry and dull",Regular trims every 8-10 weeks and use leave-in conditioner or hair oil to seal ends. Porosity-specific tip: Balanced routine works well; maintain regular deep conditioning every 1-2 weeks to preserve moisture-protein balance.,Leave-in conditioner + regular trims,"Bi-weekly application, trims every 2 months",Mild
1308,4B,"Coily - Z-pattern, less defined curl",Medium Porosity,Dry Scalp,Frizz,"Humidity, lack of moisture, raised hair cuticle, or over-washing","Flyaway strands, rough and unmanageable texture","Use anti-frizz serum, microfiber towel drying, and leave-in cream with humectants like glycerin. Porosity-specific tip: Balanced routine works well; maintain regular deep conditioning every 1-2 weeks to preserve moisture-protein balance.",Anti-frizz serum/cream,Daily as needed,Mild
1309,4B,"Coily - Z-pattern, less defined curl",Medium Porosity,Dry Scalp,Hair Thinning,"Genetics, stress, nutritional deficiency, hormonal imbalance, or postpartum changes","Reduced hair density, visible scalp, thinner ponytail","Use minoxidil-based topical treatment, biotin/iron supplementation (consult a doctor), and gentle scalp massage. Porosity-specific tip: Balanced routine works well; maintain regular deep conditioning every 1-2 weeks to preserve moisture-protein balance.",Minoxidil topical + supplements,Daily application,Moderate-Severe
1310,4B,"Coily - Z-pattern, less defined curl",Medium Porosity,Dry Scalp,Product Buildup,"Accumulation of styling products, hard water minerals, or infrequent clarifying washes","Dull, weighed-down hair, reduced curl definition, waxy scalp feel",Use a clarifying or chelating shampoo once every 1-2 weeks to remove residue. Porosity-specific tip: Balanced routine works well; maintain regular deep conditioning every 1-2 weeks to preserve moisture-protein balance.,Clarifying/chelating shampoo,Every 1-2 weeks,Mild
1311,4B,"Coily - Z-pattern, less defined curl",Medium Porosity,Normal Scalp,Dry Scalp,"Low sebum production, cold/dry weather, harsh shampoos, or dehydration","Tight, flaky, itchy scalp without excess oil","Apply a hydrating scalp oil (jojoba, argan) and switch to a sulfate-free moisturizing shampoo. Porosity-specific tip: Balanced routine works well; maintain regular deep conditioning every 1-2 weeks to preserve moisture-protein balance.",Scalp oil massage + hydrating shampoo,2 times per week,Mild
1312,4B,"Coily - Z-pattern, less defined curl",Medium Porosity,Normal Scalp,Oily Scalp,"Overactive sebaceous glands, hormonal changes, or infrequent washing","Greasy roots, flat-looking hair, scalp odor",Use a clarifying shampoo with tea tree oil or salicylic acid; avoid heavy conditioners near the roots. Porosity-specific tip: Balanced routine works well; maintain regular deep conditioning every 1-2 weeks to preserve moisture-protein balance.,Clarifying shampoo,Every 2-3 days,Mild-Moderate
1313,4B,"Coily - Z-pattern, less defined curl",Medium Porosity,Normal Scalp,Hair Breakage,"Excess heat styling, chemical treatments, over-brushing, or protein/moisture imbalance","Short broken strands, rough texture, visible split hairs","Reduce heat styling, use a protein-moisture balanced deep conditioner, trim damaged ends. Porosity-specific tip: Balanced routine works well; maintain regular deep conditioning every 1-2 weeks to preserve moisture-protein balance.",Protein treatment + deep conditioning mask,Weekly,Moderate
1314,4B,"Coily - Z-pattern, less defined curl",Medium Porosity,Normal Scalp,Split Ends,"Mechanical damage, lack of trimming, friction from towels/pillowcases","Frayed, forked hair tips that look dry and dull",Regular trims every 8-10 weeks and use leave-in conditioner or hair oil to seal ends. Porosity-specific tip: Balanced routine works well; maintain regular deep conditioning every 1-2 weeks to preserve moisture-protein balance.,Leave-in conditioner + regular trims,"Bi-weekly application, trims every 2 months",Mild
1315,4B,"Coily - Z-pattern, less defined curl",Medium Porosity,Normal Scalp,Frizz,"Humidity, lack of moisture, raised hair cuticle, or over-washing","Flyaway strands, rough and unmanageable texture","Use anti-frizz serum, microfiber towel drying, and leave-in cream with humectants like glycerin. Porosity-specific tip: Balanced routine works well; maintain regular deep conditioning every 1-2 weeks to preserve moisture-protein balance.",Anti-frizz serum/cream,Daily as needed,Mild
1316,4B,"Coily - Z-pattern, less defined curl",Medium Porosity,Normal Scalp,Hair Thinning,"Genetics, stress, nutritional deficiency, hormonal imbalance, or postpartum changes","Reduced hair density, visible scalp, thinner ponytail","Use minoxidil-based topical treatment, biotin/iron supplementation (consult a doctor), and gentle scalp massage. Porosity-specific tip: Balanced routine works well; maintain regular deep conditioning every 1-2 weeks to preserve moisture-protein balance.",Minoxidil topical + supplements,Daily application,Moderate-Severe
1317,4B,"Coily - Z-pattern, less defined curl",Medium Porosity,Normal Scalp,Itchy/Irritated Scalp,"Allergic reaction to products, dry skin, dandruff, or scalp psoriasis/eczema","Persistent itching, redness, occasional burning sensation","Switch to fragrance-free, sulfate-free shampoo; use a soothing scalp serum with aloe vera or tea tree oil. Porosity-specific tip: Balanced routine works well; maintain regular deep conditioning every 1-2 weeks to preserve moisture-protein balance.",Soothing scalp serum,"Daily until resolved, then 2x/week",Mild-Moderate
1318,4B,"Coily - Z-pattern, less defined curl",Medium Porosity,Normal Scalp,Product Buildup,"Accumulation of styling products, hard water minerals, or infrequent clarifying washes","Dull, weighed-down hair, reduced curl definition, waxy scalp feel",Use a clarifying or chelating shampoo once every 1-2 weeks to remove residue. Porosity-specific tip: Balanced routine works well; maintain regular deep conditioning every 1-2 weeks to preserve moisture-protein balance.,Clarifying/chelating shampoo,Every 1-2 weeks,Mild
1319,4B,"Coily - Z-pattern, less defined curl",Medium Porosity,Combination Scalp,Dandruff,"Malassezia fungus overgrowth, dry skin, or sensitivity to hair products","White/yellow flakes on scalp and shoulders, mild itching","Use an anti-dandruff shampoo containing zinc pyrithione, ketoconazole, or selenium sulfide; avoid over-washing. Porosity-specific tip: Balanced routine works well; maintain regular deep conditioning every 1-2 weeks to preserve moisture-protein balance.",Medicated anti-dandruff shampoo,2-3 times per week,Mild-Moderate
1320,4B,"Coily - Z-pattern, less defined curl",Medium Porosity,Combination Scalp,Dry Scalp,"Low sebum production, cold/dry weather, harsh shampoos, or dehydration","Tight, flaky, itchy scalp without excess oil","Apply a hydrating scalp oil (jojoba, argan) and switch to a sulfate-free moisturizing shampoo. Porosity-specific tip: Balanced routine works well; maintain regular deep conditioning every 1-2 weeks to preserve moisture-protein balance.",Scalp oil massage + hydrating shampoo,2 times per week,Mild
1321,4B,"Coily - Z-pattern, less defined curl",Medium Porosity,Combination Scalp,Oily Scalp,"Overactive sebaceous glands, hormonal changes, or infrequent washing","Greasy roots, flat-looking hair, scalp odor",Use a clarifying shampoo with tea tree oil or salicylic acid; avoid heavy conditioners near the roots. Porosity-specific tip: Balanced routine works well; maintain regular deep conditioning every 1-2 weeks to preserve moisture-protein balance.,Clarifying shampoo,Every 2-3 days,Mild-Moderate
1322,4B,"Coily - Z-pattern, less defined curl",Medium Porosity,Combination Scalp,Hair Breakage,"Excess heat styling, chemical treatments, over-brushing, or protein/moisture imbalance","Short broken strands, rough texture, visible split hairs","Reduce heat styling, use a protein-moisture balanced deep conditioner, trim damaged ends. Porosity-specific tip: Balanced routine works well; maintain regular deep conditioning every 1-2 weeks to preserve moisture-protein balance.",Protein treatment + deep conditioning mask,Weekly,Moderate
1323,4B,"Coily - Z-pattern, less defined curl",Medium Porosity,Combination Scalp,Split Ends,"Mechanical damage, lack of trimming, friction from towels/pillowcases","Frayed, forked hair tips that look dry and dull",Regular trims every 8-10 weeks and use leave-in conditioner or hair oil to seal ends. Porosity-specific tip: Balanced routine works well; maintain regular deep conditioning every 1-2 weeks to preserve moisture-protein balance.,Leave-in conditioner + regular trims,"Bi-weekly application, trims every 2 months",Mild
1324,4B,"Coily - Z-pattern, less defined curl",Medium Porosity,Combination Scalp,Frizz,"Humidity, lack of moisture, raised hair cuticle, or over-washing","Flyaway strands, rough and unmanageable texture","Use anti-frizz serum, microfiber towel drying, and leave-in cream with humectants like glycerin. Porosity-specific tip: Balanced routine works well; maintain regular deep conditioning every 1-2 weeks to preserve moisture-protein balance.",Anti-frizz serum/cream,Daily as needed,Mild
1325,4B,"Coily - Z-pattern, less defined curl",Medium Porosity,Combination Scalp,Hair Thinning,"Genetics, stress, nutritional deficiency, hormonal imbalance, or postpartum changes","Reduced hair density, visible scalp, thinner ponytail","Use minoxidil-based topical treatment, biotin/iron supplementation (consult a doctor), and gentle scalp massage. Porosity-specific tip: Balanced routine works well; maintain regular deep conditioning every 1-2 weeks to preserve moisture-protein balance.",Minoxidil topical + supplements,Daily application,Moderate-Severe
1326,4B,"Coily - Z-pattern, less defined curl",Medium Porosity,Combination Scalp,Itchy/Irritated Scalp,"Allergic reaction to products, dry skin, dandruff, or scalp psoriasis/eczema","Persistent itching, redness, occasional burning sensation","Switch to fragrance-free, sulfate-free shampoo; use a soothing scalp serum with aloe vera or tea tree oil. Porosity-specific tip: Balanced routine works well; maintain regular deep conditioning every 1-2 weeks to preserve moisture-protein balance.",Soothing scalp serum,"Daily until resolved, then 2x/week",Mild-Moderate
1327,4B,"Coily - Z-pattern, less defined curl",Medium Porosity,Combination Scalp,Product Buildup,"Accumulation of styling products, hard water minerals, or infrequent clarifying washes","Dull, weighed-down hair, reduced curl definition, waxy scalp feel",Use a clarifying or chelating shampoo once every 1-2 weeks to remove residue. Porosity-specific tip: Balanced routine works well; maintain regular deep conditioning every 1-2 weeks to preserve moisture-protein balance.,Clarifying/chelating shampoo,Every 1-2 weeks,Mild
1328,4B,"Coily - Z-pattern, less defined curl",Medium Porosity,Sensitive Scalp,Dandruff,"Malassezia fungus overgrowth, dry skin, or sensitivity to hair products","White/yellow flakes on scalp and shoulders, mild itching","Use an anti-dandruff shampoo containing zinc pyrithione, ketoconazole, or selenium sulfide; avoid over-washing. Porosity-specific tip: Balanced routine works well; maintain regular deep conditioning every 1-2 weeks to preserve moisture-protein balance.",Medicated anti-dandruff shampoo,2-3 times per week,Mild-Moderate
1329,4B,"Coily - Z-pattern, less defined curl",Medium Porosity,Sensitive Scalp,Dry Scalp,"Low sebum production, cold/dry weather, harsh shampoos, or dehydration","Tight, flaky, itchy scalp without excess oil","Apply a hydrating scalp oil (jojoba, argan) and switch to a sulfate-free moisturizing shampoo. Porosity-specific tip: Balanced routine works well; maintain regular deep conditioning every 1-2 weeks to preserve moisture-protein balance.",Scalp oil massage + hydrating shampoo,2 times per week,Mild
1330,4B,"Coily - Z-pattern, less defined curl",Medium Porosity,Sensitive Scalp,Oily Scalp,"Overactive sebaceous glands, hormonal changes, or infrequent washing","Greasy roots, flat-looking hair, scalp odor",Use a clarifying shampoo with tea tree oil or salicylic acid; avoid heavy conditioners near the roots. Porosity-specific tip: Balanced routine works well; maintain regular deep conditioning every 1-2 weeks to preserve moisture-protein balance.,Clarifying shampoo,Every 2-3 days,Mild-Moderate
1331,4B,"Coily - Z-pattern, less defined curl",Medium Porosity,Sensitive Scalp,Hair Breakage,"Excess heat styling, chemical treatments, over-brushing, or protein/moisture imbalance","Short broken strands, rough texture, visible split hairs","Reduce heat styling, use a protein-moisture balanced deep conditioner, trim damaged ends. Porosity-specific tip: Balanced routine works well; maintain regular deep conditioning every 1-2 weeks to preserve moisture-protein balance.",Protein treatment + deep conditioning mask,Weekly,Moderate
1332,4B,"Coily - Z-pattern, less defined curl",Medium Porosity,Sensitive Scalp,Split Ends,"Mechanical damage, lack of trimming, friction from towels/pillowcases","Frayed, forked hair tips that look dry and dull",Regular trims every 8-10 weeks and use leave-in conditioner or hair oil to seal ends. Porosity-specific tip: Balanced routine works well; maintain regular deep conditioning every 1-2 weeks to preserve moisture-protein balance.,Leave-in conditioner + regular trims,"Bi-weekly application, trims every 2 months",Mild
1333,4B,"Coily - Z-pattern, less defined curl",Medium Porosity,Sensitive Scalp,Frizz,"Humidity, lack of moisture, raised hair cuticle, or over-washing","Flyaway strands, rough and unmanageable texture","Use anti-frizz serum, microfiber towel drying, and leave-in cream with humectants like glycerin. Porosity-specific tip: Balanced routine works well; maintain regular deep conditioning every 1-2 weeks to preserve moisture-protein balance.",Anti-frizz serum/cream,Daily as needed,Mild
1334,4B,"Coily - Z-pattern, less defined curl",Medium Porosity,Sensitive Scalp,Itchy/Irritated Scalp,"Allergic reaction to products, dry skin, dandruff, or scalp psoriasis/eczema","Persistent itching, redness, occasional burning sensation","Switch to fragrance-free, sulfate-free shampoo; use a soothing scalp serum with aloe vera or tea tree oil. Porosity-specific tip: Balanced routine works well; maintain regular deep conditioning every 1-2 weeks to preserve moisture-protein balance.",Soothing scalp serum,"Daily until resolved, then 2x/week",Mild-Moderate
1335,4B,"Coily - Z-pattern, less defined curl",Medium Porosity,Sensitive Scalp,Product Buildup,"Accumulation of styling products, hard water minerals, or infrequent clarifying washes","Dull, weighed-down hair, reduced curl definition, waxy scalp feel",Use a clarifying or chelating shampoo once every 1-2 weeks to remove residue. Porosity-specific tip: Balanced routine works well; maintain regular deep conditioning every 1-2 weeks to preserve moisture-protein balance.,Clarifying/chelating shampoo,Every 1-2 weeks,Mild
1336,4B,"Coily - Z-pattern, less defined curl",High Porosity,Oily Scalp,Dandruff,"Malassezia fungus overgrowth, dry skin, or sensitivity to hair products","White/yellow flakes on scalp and shoulders, mild itching","Use an anti-dandruff shampoo containing zinc pyrithione, ketoconazole, or selenium sulfide; avoid over-washing. Porosity-specific tip: Use rich creams, butters, and oils to seal the cuticle; do a protein treatment periodically since high porosity hair loses moisture quickly.",Medicated anti-dandruff shampoo,2-3 times per week,Mild-Moderate
1337,4B,"Coily - Z-pattern, less defined curl",High Porosity,Oily Scalp,Dry Scalp,"Low sebum production, cold/dry weather, harsh shampoos, or dehydration","Tight, flaky, itchy scalp without excess oil","Apply a hydrating scalp oil (jojoba, argan) and switch to a sulfate-free moisturizing shampoo. Porosity-specific tip: Use rich creams, butters, and oils to seal the cuticle; do a protein treatment periodically since high porosity hair loses moisture quickly.",Scalp oil massage + hydrating shampoo,2 times per week,Mild
1338,4B,"Coily - Z-pattern, less defined curl",High Porosity,Oily Scalp,Oily Scalp,"Overactive sebaceous glands, hormonal changes, or infrequent washing","Greasy roots, flat-looking hair, scalp odor","Use a clarifying shampoo with tea tree oil or salicylic acid; avoid heavy conditioners near the roots. Porosity-specific tip: Use rich creams, butters, and oils to seal the cuticle; do a protein treatment periodically since high porosity hair loses moisture quickly.",Clarifying shampoo,Every 2-3 days,Mild-Moderate
1339,4B,"Coily - Z-pattern, less defined curl",High Porosity,Oily Scalp,Hair Breakage,"Excess heat styling, chemical treatments, over-brushing, or protein/moisture imbalance","Short broken strands, rough texture, visible split hairs","Reduce heat styling, use a protein-moisture balanced deep conditioner, trim damaged ends. Porosity-specific tip: Use rich creams, butters, and oils to seal the cuticle; do a protein treatment periodically since high porosity hair loses moisture quickly.",Protein treatment + deep conditioning mask,Weekly,Moderate
1340,4B,"Coily - Z-pattern, less defined curl",High Porosity,Oily Scalp,Split Ends,"Mechanical damage, lack of trimming, friction from towels/pillowcases","Frayed, forked hair tips that look dry and dull","Regular trims every 8-10 weeks and use leave-in conditioner or hair oil to seal ends. Porosity-specific tip: Use rich creams, butters, and oils to seal the cuticle; do a protein treatment periodically since high porosity hair loses moisture quickly.",Leave-in conditioner + regular trims,"Bi-weekly application, trims every 2 months",Mild
1341,4B,"Coily - Z-pattern, less defined curl",High Porosity,Oily Scalp,Frizz,"Humidity, lack of moisture, raised hair cuticle, or over-washing","Flyaway strands, rough and unmanageable texture","Use anti-frizz serum, microfiber towel drying, and leave-in cream with humectants like glycerin. Porosity-specific tip: Use rich creams, butters, and oils to seal the cuticle; do a protein treatment periodically since high porosity hair loses moisture quickly.",Anti-frizz serum/cream,Daily as needed,Mild
1342,4B,"Coily - Z-pattern, less defined curl",High Porosity,Oily Scalp,Hair Thinning,"Genetics, stress, nutritional deficiency, hormonal imbalance, or postpartum changes","Reduced hair density, visible scalp, thinner ponytail","Use minoxidil-based topical treatment, biotin/iron supplementation (consult a doctor), and gentle scalp massage. Porosity-specific tip: Use rich creams, butters, and oils to seal the cuticle; do a protein treatment periodically since high porosity hair loses moisture quickly.",Minoxidil topical + supplements,Daily application,Moderate-Severe
1343,4B,"Coily - Z-pattern, less defined curl",High Porosity,Oily Scalp,Itchy/Irritated Scalp,"Allergic reaction to products, dry skin, dandruff, or scalp psoriasis/eczema","Persistent itching, redness, occasional burning sensation","Switch to fragrance-free, sulfate-free shampoo; use a soothing scalp serum with aloe vera or tea tree oil. Porosity-specific tip: Use rich creams, butters, and oils to seal the cuticle; do a protein treatment periodically since high porosity hair loses moisture quickly.",Soothing scalp serum,"Daily until resolved, then 2x/week",Mild-Moderate
1344,4B,"Coily - Z-pattern, less defined curl",High Porosity,Oily Scalp,Product Buildup,"Accumulation of styling products, hard water minerals, or infrequent clarifying washes","Dull, weighed-down hair, reduced curl definition, waxy scalp feel","Use a clarifying or chelating shampoo once every 1-2 weeks to remove residue. Porosity-specific tip: Use rich creams, butters, and oils to seal the cuticle; do a protein treatment periodically since high porosity hair loses moisture quickly.",Clarifying/chelating shampoo,Every 1-2 weeks,Mild
1345,4B,"Coily - Z-pattern, less defined curl",High Porosity,Dry Scalp,Dandruff,"Malassezia fungus overgrowth, dry skin, or sensitivity to hair products","White/yellow flakes on scalp and shoulders, mild itching","Use an anti-dandruff shampoo containing zinc pyrithione, ketoconazole, or selenium sulfide; avoid over-washing. Porosity-specific tip: Use rich creams, butters, and oils to seal the cuticle; do a protein treatment periodically since high porosity hair loses moisture quickly.",Medicated anti-dandruff shampoo,2-3 times per week,Mild-Moderate
1346,4B,"Coily - Z-pattern, less defined curl",High Porosity,Dry Scalp,Dry Scalp,"Low sebum production, cold/dry weather, harsh shampoos, or dehydration","Tight, flaky, itchy scalp without excess oil","Apply a hydrating scalp oil (jojoba, argan) and switch to a sulfate-free moisturizing shampoo. Porosity-specific tip: Use rich creams, butters, and oils to seal the cuticle; do a protein treatment periodically since high porosity hair loses moisture quickly.",Scalp oil massage + hydrating shampoo,2 times per week,Mild
1347,4B,"Coily - Z-pattern, less defined curl",High Porosity,Dry Scalp,Hair Breakage,"Excess heat styling, chemical treatments, over-brushing, or protein/moisture imbalance","Short broken strands, rough texture, visible split hairs","Reduce heat styling, use a protein-moisture balanced deep conditioner, trim damaged ends. Porosity-specific tip: Use rich creams, butters, and oils to seal the cuticle; do a protein treatment periodically since high porosity hair loses moisture quickly.",Protein treatment + deep conditioning mask,Weekly,Moderate
1348,4B,"Coily - Z-pattern, less defined curl",High Porosity,Dry Scalp,Split Ends,"Mechanical damage, lack of trimming, friction from towels/pillowcases","Frayed, forked hair tips that look dry and dull","Regular trims every 8-10 weeks and use leave-in conditioner or hair oil to seal ends. Porosity-specific tip: Use rich creams, butters, and oils to seal the cuticle; do a protein treatment periodically since high porosity hair loses moisture quickly.",Leave-in conditioner + regular trims,"Bi-weekly application, trims every 2 months",Mild
1349,4B,"Coily - Z-pattern, less defined curl",High Porosity,Dry Scalp,Frizz,"Humidity, lack of moisture, raised hair cuticle, or over-washing","Flyaway strands, rough and unmanageable texture","Use anti-frizz serum, microfiber towel drying, and leave-in cream with humectants like glycerin. Porosity-specific tip: Use rich creams, butters, and oils to seal the cuticle; do a protein treatment periodically since high porosity hair loses moisture quickly.",Anti-frizz serum/cream,Daily as needed,Mild
1350,4B,"Coily - Z-pattern, less defined curl",High Porosity,Dry Scalp,Hair Thinning,"Genetics, stress, nutritional deficiency, hormonal imbalance, or postpartum changes","Reduced hair density, visible scalp, thinner ponytail","Use minoxidil-based topical treatment, biotin/iron supplementation (consult a doctor), and gentle scalp massage. Porosity-specific tip: Use rich creams, butters, and oils to seal the cuticle; do a protein treatment periodically since high porosity hair loses moisture quickly.",Minoxidil topical + supplements,Daily application,Moderate-Severe
1351,4B,"Coily - Z-pattern, less defined curl",High Porosity,Dry Scalp,Itchy/Irritated Scalp,"Allergic reaction to products, dry skin, dandruff, or scalp psoriasis/eczema","Persistent itching, redness, occasional burning sensation","Switch to fragrance-free, sulfate-free shampoo; use a soothing scalp serum with aloe vera or tea tree oil. Porosity-specific tip: Use rich creams, butters, and oils to seal the cuticle; do a protein treatment periodically since high porosity hair loses moisture quickly.",Soothing scalp serum,"Daily until resolved, then 2x/week",Mild-Moderate
1352,4B,"Coily - Z-pattern, less defined curl",High Porosity,Dry Scalp,Product Buildup,"Accumulation of styling products, hard water minerals, or infrequent clarifying washes","Dull, weighed-down hair, reduced curl definition, waxy scalp feel","Use a clarifying or chelating shampoo once every 1-2 weeks to remove residue. Porosity-specific tip: Use rich creams, butters, and oils to seal the cuticle; do a protein treatment periodically since high porosity hair loses moisture quickly.",Clarifying/chelating shampoo,Every 1-2 weeks,Mild
1353,4B,"Coily - Z-pattern, less defined curl",High Porosity,Normal Scalp,Dandruff,"Malassezia fungus overgrowth, dry skin, or sensitivity to hair products","White/yellow flakes on scalp and shoulders, mild itching","Use an anti-dandruff shampoo containing zinc pyrithione, ketoconazole, or selenium sulfide; avoid over-washing. Porosity-specific tip: Use rich creams, butters, and oils to seal the cuticle; do a protein treatment periodically since high porosity hair loses moisture quickly.",Medicated anti-dandruff shampoo,2-3 times per week,Mild-Moderate
1354,4B,"Coily - Z-pattern, less defined curl",High Porosity,Normal Scalp,Oily Scalp,"Overactive sebaceous glands, hormonal changes, or infrequent washing","Greasy roots, flat-looking hair, scalp odor","Use a clarifying shampoo with tea tree oil or salicylic acid; avoid heavy conditioners near the roots. Porosity-specific tip: Use rich creams, butters, and oils to seal the cuticle; do a protein treatment periodically since high porosity hair loses moisture quickly.",Clarifying shampoo,Every 2-3 days,Mild-Moderate
1355,4B,"Coily - Z-pattern, less defined curl",High Porosity,Normal Scalp,Hair Breakage,"Excess heat styling, chemical treatments, over-brushing, or protein/moisture imbalance","Short broken strands, rough texture, visible split hairs","Reduce heat styling, use a protein-moisture balanced deep conditioner, trim damaged ends. Porosity-specific tip: Use rich creams, butters, and oils to seal the cuticle; do a protein treatment periodically since high porosity hair loses moisture quickly.",Protein treatment + deep conditioning mask,Weekly,Moderate
1356,4B,"Coily - Z-pattern, less defined curl",High Porosity,Normal Scalp,Split Ends,"Mechanical damage, lack of trimming, friction from towels/pillowcases","Frayed, forked hair tips that look dry and dull","Regular trims every 8-10 weeks and use leave-in conditioner or hair oil to seal ends. Porosity-specific tip: Use rich creams, butters, and oils to seal the cuticle; do a protein treatment periodically since high porosity hair loses moisture quickly.",Leave-in conditioner + regular trims,"Bi-weekly application, trims every 2 months",Mild
1357,4B,"Coily - Z-pattern, less defined curl",High Porosity,Normal Scalp,Frizz,"Humidity, lack of moisture, raised hair cuticle, or over-washing","Flyaway strands, rough and unmanageable texture","Use anti-frizz serum, microfiber towel drying, and leave-in cream with humectants like glycerin. Porosity-specific tip: Use rich creams, butters, and oils to seal the cuticle; do a protein treatment periodically since high porosity hair loses moisture quickly.",Anti-frizz serum/cream,Daily as needed,Mild
1358,4B,"Coily - Z-pattern, less defined curl",High Porosity,Normal Scalp,Hair Thinning,"Genetics, stress, nutritional deficiency, hormonal imbalance, or postpartum changes","Reduced hair density, visible scalp, thinner ponytail","Use minoxidil-based topical treatment, biotin/iron supplementation (consult a doctor), and gentle scalp massage. Porosity-specific tip: Use rich creams, butters, and oils to seal the cuticle; do a protein treatment periodically since high porosity hair loses moisture quickly.",Minoxidil topical + supplements,Daily application,Moderate-Severe
1359,4B,"Coily - Z-pattern, less defined curl",High Porosity,Normal Scalp,Itchy/Irritated Scalp,"Allergic reaction to products, dry skin, dandruff, or scalp psoriasis/eczema","Persistent itching, redness, occasional burning sensation","Switch to fragrance-free, sulfate-free shampoo; use a soothing scalp serum with aloe vera or tea tree oil. Porosity-specific tip: Use rich creams, butters, and oils to seal the cuticle; do a protein treatment periodically since high porosity hair loses moisture quickly.",Soothing scalp serum,"Daily until resolved, then 2x/week",Mild-Moderate
1360,4B,"Coily - Z-pattern, less defined curl",High Porosity,Normal Scalp,Product Buildup,"Accumulation of styling products, hard water minerals, or infrequent clarifying washes","Dull, weighed-down hair, reduced curl definition, waxy scalp feel","Use a clarifying or chelating shampoo once every 1-2 weeks to remove residue. Porosity-specific tip: Use rich creams, butters, and oils to seal the cuticle; do a protein treatment periodically since high porosity hair loses moisture quickly.",Clarifying/chelating shampoo,Every 1-2 weeks,Mild
1361,4B,"Coily - Z-pattern, less defined curl",High Porosity,Combination Scalp,Dandruff,"Malassezia fungus overgrowth, dry skin, or sensitivity to hair products","White/yellow flakes on scalp and shoulders, mild itching","Use an anti-dandruff shampoo containing zinc pyrithione, ketoconazole, or selenium sulfide; avoid over-washing. Porosity-specific tip: Use rich creams, butters, and oils to seal the cuticle; do a protein treatment periodically since high porosity hair loses moisture quickly.",Medicated anti-dandruff shampoo,2-3 times per week,Mild-Moderate
1362,4B,"Coily - Z-pattern, less defined curl",High Porosity,Combination Scalp,Dry Scalp,"Low sebum production, cold/dry weather, harsh shampoos, or dehydration","Tight, flaky, itchy scalp without excess oil","Apply a hydrating scalp oil (jojoba, argan) and switch to a sulfate-free moisturizing shampoo. Porosity-specific tip: Use rich creams, butters, and oils to seal the cuticle; do a protein treatment periodically since high porosity hair loses moisture quickly.",Scalp oil massage + hydrating shampoo,2 times per week,Mild
1363,4B,"Coily - Z-pattern, less defined curl",High Porosity,Combination Scalp,Oily Scalp,"Overactive sebaceous glands, hormonal changes, or infrequent washing","Greasy roots, flat-looking hair, scalp odor","Use a clarifying shampoo with tea tree oil or salicylic acid; avoid heavy conditioners near the roots. Porosity-specific tip: Use rich creams, butters, and oils to seal the cuticle; do a protein treatment periodically since high porosity hair loses moisture quickly.",Clarifying shampoo,Every 2-3 days,Mild-Moderate
1364,4B,"Coily - Z-pattern, less defined curl",High Porosity,Combination Scalp,Hair Breakage,"Excess heat styling, chemical treatments, over-brushing, or protein/moisture imbalance","Short broken strands, rough texture, visible split hairs","Reduce heat styling, use a protein-moisture balanced deep conditioner, trim damaged ends. Porosity-specific tip: Use rich creams, butters, and oils to seal the cuticle; do a protein treatment periodically since high porosity hair loses moisture quickly.",Protein treatment + deep conditioning mask,Weekly,Moderate
1365,4B,"Coily - Z-pattern, less defined curl",High Porosity,Combination Scalp,Split Ends,"Mechanical damage, lack of trimming, friction from towels/pillowcases","Frayed, forked hair tips that look dry and dull","Regular trims every 8-10 weeks and use leave-in conditioner or hair oil to seal ends. Porosity-specific tip: Use rich creams, butters, and oils to seal the cuticle; do a protein treatment periodically since high porosity hair loses moisture quickly.",Leave-in conditioner + regular trims,"Bi-weekly application, trims every 2 months",Mild
1366,4B,"Coily - Z-pattern, less defined curl",High Porosity,Combination Scalp,Frizz,"Humidity, lack of moisture, raised hair cuticle, or over-washing","Flyaway strands, rough and unmanageable texture","Use anti-frizz serum, microfiber towel drying, and leave-in cream with humectants like glycerin. Porosity-specific tip: Use rich creams, butters, and oils to seal the cuticle; do a protein treatment periodically since high porosity hair loses moisture quickly.",Anti-frizz serum/cream,Daily as needed,Mild
1367,4B,"Coily - Z-pattern, less defined curl",High Porosity,Combination Scalp,Hair Thinning,"Genetics, stress, nutritional deficiency, hormonal imbalance, or postpartum changes","Reduced hair density, visible scalp, thinner ponytail","Use minoxidil-based topical treatment, biotin/iron supplementation (consult a doctor), and gentle scalp massage. Porosity-specific tip: Use rich creams, butters, and oils to seal the cuticle; do a protein treatment periodically since high porosity hair loses moisture quickly.",Minoxidil topical + supplements,Daily application,Moderate-Severe
1368,4B,"Coily - Z-pattern, less defined curl",High Porosity,Combination Scalp,Itchy/Irritated Scalp,"Allergic reaction to products, dry skin, dandruff, or scalp psoriasis/eczema","Persistent itching, redness, occasional burning sensation","Switch to fragrance-free, sulfate-free shampoo; use a soothing scalp serum with aloe vera or tea tree oil. Porosity-specific tip: Use rich creams, butters, and oils to seal the cuticle; do a protein treatment periodically since high porosity hair loses moisture quickly.",Soothing scalp serum,"Daily until resolved, then 2x/week",Mild-Moderate
1369,4B,"Coily - Z-pattern, less defined curl",High Porosity,Combination Scalp,Product Buildup,"Accumulation of styling products, hard water minerals, or infrequent clarifying washes","Dull, weighed-down hair, reduced curl definition, waxy scalp feel","Use a clarifying or chelating shampoo once every 1-2 weeks to remove residue. Porosity-specific tip: Use rich creams, butters, and oils to seal the cuticle; do a protein treatment periodically since high porosity hair loses moisture quickly.",Clarifying/chelating shampoo,Every 1-2 weeks,Mild
1370,4B,"Coily - Z-pattern, less defined curl",High Porosity,Sensitive Scalp,Dandruff,"Malassezia fungus overgrowth, dry skin, or sensitivity to hair products","White/yellow flakes on scalp and shoulders, mild itching","Use an anti-dandruff shampoo containing zinc pyrithione, ketoconazole, or selenium sulfide; avoid over-washing. Porosity-specific tip: Use rich creams, butters, and oils to seal the cuticle; do a protein treatment periodically since high porosity hair loses moisture quickly.",Medicated anti-dandruff shampoo,2-3 times per week,Mild-Moderate
1371,4B,"Coily - Z-pattern, less defined curl",High Porosity,Sensitive Scalp,Dry Scalp,"Low sebum production, cold/dry weather, harsh shampoos, or dehydration","Tight, flaky, itchy scalp without excess oil","Apply a hydrating scalp oil (jojoba, argan) and switch to a sulfate-free moisturizing shampoo. Porosity-specific tip: Use rich creams, butters, and oils to seal the cuticle; do a protein treatment periodically since high porosity hair loses moisture quickly.",Scalp oil massage + hydrating shampoo,2 times per week,Mild
1372,4B,"Coily - Z-pattern, less defined curl",High Porosity,Sensitive Scalp,Hair Breakage,"Excess heat styling, chemical treatments, over-brushing, or protein/moisture imbalance","Short broken strands, rough texture, visible split hairs","Reduce heat styling, use a protein-moisture balanced deep conditioner, trim damaged ends. Porosity-specific tip: Use rich creams, butters, and oils to seal the cuticle; do a protein treatment periodically since high porosity hair loses moisture quickly.",Protein treatment + deep conditioning mask,Weekly,Moderate
1373,4B,"Coily - Z-pattern, less defined curl",High Porosity,Sensitive Scalp,Split Ends,"Mechanical damage, lack of trimming, friction from towels/pillowcases","Frayed, forked hair tips that look dry and dull","Regular trims every 8-10 weeks and use leave-in conditioner or hair oil to seal ends. Porosity-specific tip: Use rich creams, butters, and oils to seal the cuticle; do a protein treatment periodically since high porosity hair loses moisture quickly.",Leave-in conditioner + regular trims,"Bi-weekly application, trims every 2 months",Mild
1374,4B,"Coily - Z-pattern, less defined curl",High Porosity,Sensitive Scalp,Frizz,"Humidity, lack of moisture, raised hair cuticle, or over-washing","Flyaway strands, rough and unmanageable texture","Use anti-frizz serum, microfiber towel drying, and leave-in cream with humectants like glycerin. Porosity-specific tip: Use rich creams, butters, and oils to seal the cuticle; do a protein treatment periodically since high porosity hair loses moisture quickly.",Anti-frizz serum/cream,Daily as needed,Mild
1375,4B,"Coily - Z-pattern, less defined curl",High Porosity,Sensitive Scalp,Itchy/Irritated Scalp,"Allergic reaction to products, dry skin, dandruff, or scalp psoriasis/eczema","Persistent itching, redness, occasional burning sensation","Switch to fragrance-free, sulfate-free shampoo; use a soothing scalp serum with aloe vera or tea tree oil. Porosity-specific tip: Use rich creams, butters, and oils to seal the cuticle; do a protein treatment periodically since high porosity hair loses moisture quickly.",Soothing scalp serum,"Daily until resolved, then 2x/week",Mild-Moderate
1376,4B,"Coily - Z-pattern, less defined curl",High Porosity,Sensitive Scalp,Product Buildup,"Accumulation of styling products, hard water minerals, or infrequent clarifying washes","Dull, weighed-down hair, reduced curl definition, waxy scalp feel","Use a clarifying or chelating shampoo once every 1-2 weeks to remove residue. Porosity-specific tip: Use rich creams, butters, and oils to seal the cuticle; do a protein treatment periodically since high porosity hair loses moisture quickly.",Clarifying/chelating shampoo,Every 1-2 weeks,Mild
1377,4C,"Coily - Tightest coil, most shrinkage",Low Porosity,Oily Scalp,Dry Scalp,"Low sebum production, cold/dry weather, harsh shampoos, or dehydration","Tight, flaky, itchy scalp without excess oil","Apply a hydrating scalp oil (jojoba, argan) and switch to a sulfate-free moisturizing shampoo. Porosity-specific tip: Use lightweight, water-based products applied to damp hair; avoid heavy butters/oils that sit on the cuticle; consider heat (steam) to help product absorption.",Scalp oil massage + hydrating shampoo,2 times per week,Mild
1378,4C,"Coily - Tightest coil, most shrinkage",Low Porosity,Oily Scalp,Oily Scalp,"Overactive sebaceous glands, hormonal changes, or infrequent washing","Greasy roots, flat-looking hair, scalp odor","Use a clarifying shampoo with tea tree oil or salicylic acid; avoid heavy conditioners near the roots. Porosity-specific tip: Use lightweight, water-based products applied to damp hair; avoid heavy butters/oils that sit on the cuticle; consider heat (steam) to help product absorption.",Clarifying shampoo,Every 2-3 days,Mild-Moderate
1379,4C,"Coily - Tightest coil, most shrinkage",Low Porosity,Oily Scalp,Hair Breakage,"Excess heat styling, chemical treatments, over-brushing, or protein/moisture imbalance","Short broken strands, rough texture, visible split hairs","Reduce heat styling, use a protein-moisture balanced deep conditioner, trim damaged ends. Porosity-specific tip: Use lightweight, water-based products applied to damp hair; avoid heavy butters/oils that sit on the cuticle; consider heat (steam) to help product absorption.",Protein treatment + deep conditioning mask,Weekly,Moderate
1380,4C,"Coily - Tightest coil, most shrinkage",Low Porosity,Oily Scalp,Split Ends,"Mechanical damage, lack of trimming, friction from towels/pillowcases","Frayed, forked hair tips that look dry and dull","Regular trims every 8-10 weeks and use leave-in conditioner or hair oil to seal ends. Porosity-specific tip: Use lightweight, water-based products applied to damp hair; avoid heavy butters/oils that sit on the cuticle; consider heat (steam) to help product absorption.",Leave-in conditioner + regular trims,"Bi-weekly application, trims every 2 months",Mild
1381,4C,"Coily - Tightest coil, most shrinkage",Low Porosity,Oily Scalp,Frizz,"Humidity, lack of moisture, raised hair cuticle, or over-washing","Flyaway strands, rough and unmanageable texture","Use anti-frizz serum, microfiber towel drying, and leave-in cream with humectants like glycerin. Porosity-specific tip: Use lightweight, water-based products applied to damp hair; avoid heavy butters/oils that sit on the cuticle; consider heat (steam) to help product absorption.",Anti-frizz serum/cream,Daily as needed,Mild
1382,4C,"Coily - Tightest coil, most shrinkage",Low Porosity,Oily Scalp,Hair Thinning,"Genetics, stress, nutritional deficiency, hormonal imbalance, or postpartum changes","Reduced hair density, visible scalp, thinner ponytail","Use minoxidil-based topical treatment, biotin/iron supplementation (consult a doctor), and gentle scalp massage. Porosity-specific tip: Use lightweight, water-based products applied to damp hair; avoid heavy butters/oils that sit on the cuticle; consider heat (steam) to help product absorption.",Minoxidil topical + supplements,Daily application,Moderate-Severe
1383,4C,"Coily - Tightest coil, most shrinkage",Low Porosity,Oily Scalp,Itchy/Irritated Scalp,"Allergic reaction to products, dry skin, dandruff, or scalp psoriasis/eczema","Persistent itching, redness, occasional burning sensation","Switch to fragrance-free, sulfate-free shampoo; use a soothing scalp serum with aloe vera or tea tree oil. Porosity-specific tip: Use lightweight, water-based products applied to damp hair; avoid heavy butters/oils that sit on the cuticle; consider heat (steam) to help product absorption.",Soothing scalp serum,"Daily until resolved, then 2x/week",Mild-Moderate
1384,4C,"Coily - Tightest coil, most shrinkage",Low Porosity,Oily Scalp,Product Buildup,"Accumulation of styling products, hard water minerals, or infrequent clarifying washes","Dull, weighed-down hair, reduced curl definition, waxy scalp feel","Use a clarifying or chelating shampoo once every 1-2 weeks to remove residue. Porosity-specific tip: Use lightweight, water-based products applied to damp hair; avoid heavy butters/oils that sit on the cuticle; consider heat (steam) to help product absorption.",Clarifying/chelating shampoo,Every 1-2 weeks,Mild
1385,4C,"Coily - Tightest coil, most shrinkage",Low Porosity,Dry Scalp,Dandruff,"Malassezia fungus overgrowth, dry skin, or sensitivity to hair products","White/yellow flakes on scalp and shoulders, mild itching","Use an anti-dandruff shampoo containing zinc pyrithione, ketoconazole, or selenium sulfide; avoid over-washing. Porosity-specific tip: Use lightweight, water-based products applied to damp hair; avoid heavy butters/oils that sit on the cuticle; consider heat (steam) to help product absorption.",Medicated anti-dandruff shampoo,2-3 times per week,Mild-Moderate
1386,4C,"Coily - Tightest coil, most shrinkage",Low Porosity,Dry Scalp,Oily Scalp,"Overactive sebaceous glands, hormonal changes, or infrequent washing","Greasy roots, flat-looking hair, scalp odor","Use a clarifying shampoo with tea tree oil or salicylic acid; avoid heavy conditioners near the roots. Porosity-specific tip: Use lightweight, water-based products applied to damp hair; avoid heavy butters/oils that sit on the cuticle; consider heat (steam) to help product absorption.",Clarifying shampoo,Every 2-3 days,Mild-Moderate
1387,4C,"Coily - Tightest coil, most shrinkage",Low Porosity,Dry Scalp,Hair Breakage,"Excess heat styling, chemical treatments, over-brushing, or protein/moisture imbalance","Short broken strands, rough texture, visible split hairs","Reduce heat styling, use a protein-moisture balanced deep conditioner, trim damaged ends. Porosity-specific tip: Use lightweight, water-based products applied to damp hair; avoid heavy butters/oils that sit on the cuticle; consider heat (steam) to help product absorption.",Protein treatment + deep conditioning mask,Weekly,Moderate
1388,4C,"Coily - Tightest coil, most shrinkage",Low Porosity,Dry Scalp,Split Ends,"Mechanical damage, lack of trimming, friction from towels/pillowcases","Frayed, forked hair tips that look dry and dull","Regular trims every 8-10 weeks and use leave-in conditioner or hair oil to seal ends. Porosity-specific tip: Use lightweight, water-based products applied to damp hair; avoid heavy butters/oils that sit on the cuticle; consider heat (steam) to help product absorption.",Leave-in conditioner + regular trims,"Bi-weekly application, trims every 2 months",Mild
1389,4C,"Coily - Tightest coil, most shrinkage",Low Porosity,Dry Scalp,Itchy/Irritated Scalp,"Allergic reaction to products, dry skin, dandruff, or scalp psoriasis/eczema","Persistent itching, redness, occasional burning sensation","Switch to fragrance-free, sulfate-free shampoo; use a soothing scalp serum with aloe vera or tea tree oil. Porosity-specific tip: Use lightweight, water-based products applied to damp hair; avoid heavy butters/oils that sit on the cuticle; consider heat (steam) to help product absorption.",Soothing scalp serum,"Daily until resolved, then 2x/week",Mild-Moderate
1390,4C,"Coily - Tightest coil, most shrinkage",Low Porosity,Dry Scalp,Product Buildup,"Accumulation of styling products, hard water minerals, or infrequent clarifying washes","Dull, weighed-down hair, reduced curl definition, waxy scalp feel","Use a clarifying or chelating shampoo once every 1-2 weeks to remove residue. Porosity-specific tip: Use lightweight, water-based products applied to damp hair; avoid heavy butters/oils that sit on the cuticle; consider heat (steam) to help product absorption.",Clarifying/chelating shampoo,Every 1-2 weeks,Mild
1391,4C,"Coily - Tightest coil, most shrinkage",Low Porosity,Normal Scalp,Dandruff,"Malassezia fungus overgrowth, dry skin, or sensitivity to hair products","White/yellow flakes on scalp and shoulders, mild itching","Use an anti-dandruff shampoo containing zinc pyrithione, ketoconazole, or selenium sulfide; avoid over-washing. Porosity-specific tip: Use lightweight, water-based products applied to damp hair; avoid heavy butters/oils that sit on the cuticle; consider heat (steam) to help product absorption.",Medicated anti-dandruff shampoo,2-3 times per week,Mild-Moderate
1392,4C,"Coily - Tightest coil, most shrinkage",Low Porosity,Normal Scalp,Dry Scalp,"Low sebum production, cold/dry weather, harsh shampoos, or dehydration","Tight, flaky, itchy scalp without excess oil","Apply a hydrating scalp oil (jojoba, argan) and switch to a sulfate-free moisturizing shampoo. Porosity-specific tip: Use lightweight, water-based products applied to damp hair; avoid heavy butters/oils that sit on the cuticle; consider heat (steam) to help product absorption.",Scalp oil massage + hydrating shampoo,2 times per week,Mild
1393,4C,"Coily - Tightest coil, most shrinkage",Low Porosity,Normal Scalp,Oily Scalp,"Overactive sebaceous glands, hormonal changes, or infrequent washing","Greasy roots, flat-looking hair, scalp odor","Use a clarifying shampoo with tea tree oil or salicylic acid; avoid heavy conditioners near the roots. Porosity-specific tip: Use lightweight, water-based products applied to damp hair; avoid heavy butters/oils that sit on the cuticle; consider heat (steam) to help product absorption.",Clarifying shampoo,Every 2-3 days,Mild-Moderate
1394,4C,"Coily - Tightest coil, most shrinkage",Low Porosity,Normal Scalp,Hair Breakage,"Excess heat styling, chemical treatments, over-brushing, or protein/moisture imbalance","Short broken strands, rough texture, visible split hairs","Reduce heat styling, use a protein-moisture balanced deep conditioner, trim damaged ends. Porosity-specific tip: Use lightweight, water-based products applied to damp hair; avoid heavy butters/oils that sit on the cuticle; consider heat (steam) to help product absorption.",Protein treatment + deep conditioning mask,Weekly,Moderate
1395,4C,"Coily - Tightest coil, most shrinkage",Low Porosity,Normal Scalp,Split Ends,"Mechanical damage, lack of trimming, friction from towels/pillowcases","Frayed, forked hair tips that look dry and dull","Regular trims every 8-10 weeks and use leave-in conditioner or hair oil to seal ends. Porosity-specific tip: Use lightweight, water-based products applied to damp hair; avoid heavy butters/oils that sit on the cuticle; consider heat (steam) to help product absorption.",Leave-in conditioner + regular trims,"Bi-weekly application, trims every 2 months",Mild
1396,4C,"Coily - Tightest coil, most shrinkage",Low Porosity,Normal Scalp,Hair Thinning,"Genetics, stress, nutritional deficiency, hormonal imbalance, or postpartum changes","Reduced hair density, visible scalp, thinner ponytail","Use minoxidil-based topical treatment, biotin/iron supplementation (consult a doctor), and gentle scalp massage. Porosity-specific tip: Use lightweight, water-based products applied to damp hair; avoid heavy butters/oils that sit on the cuticle; consider heat (steam) to help product absorption.",Minoxidil topical + supplements,Daily application,Moderate-Severe
1397,4C,"Coily - Tightest coil, most shrinkage",Low Porosity,Normal Scalp,Itchy/Irritated Scalp,"Allergic reaction to products, dry skin, dandruff, or scalp psoriasis/eczema","Persistent itching, redness, occasional burning sensation","Switch to fragrance-free, sulfate-free shampoo; use a soothing scalp serum with aloe vera or tea tree oil. Porosity-specific tip: Use lightweight, water-based products applied to damp hair; avoid heavy butters/oils that sit on the cuticle; consider heat (steam) to help product absorption.",Soothing scalp serum,"Daily until resolved, then 2x/week",Mild-Moderate
1398,4C,"Coily - Tightest coil, most shrinkage",Low Porosity,Normal Scalp,Product Buildup,"Accumulation of styling products, hard water minerals, or infrequent clarifying washes","Dull, weighed-down hair, reduced curl definition, waxy scalp feel","Use a clarifying or chelating shampoo once every 1-2 weeks to remove residue. Porosity-specific tip: Use lightweight, water-based products applied to damp hair; avoid heavy butters/oils that sit on the cuticle; consider heat (steam) to help product absorption.",Clarifying/chelating shampoo,Every 1-2 weeks,Mild
1399,4C,"Coily - Tightest coil, most shrinkage",Low Porosity,Combination Scalp,Dandruff,"Malassezia fungus overgrowth, dry skin, or sensitivity to hair products","White/yellow flakes on scalp and shoulders, mild itching","Use an anti-dandruff shampoo containing zinc pyrithione, ketoconazole, or selenium sulfide; avoid over-washing. Porosity-specific tip: Use lightweight, water-based products applied to damp hair; avoid heavy butters/oils that sit on the cuticle; consider heat (steam) to help product absorption.",Medicated anti-dandruff shampoo,2-3 times per week,Mild-Moderate
1400,4C,"Coily - Tightest coil, most shrinkage",Low Porosity,Combination Scalp,Dry Scalp,"Low sebum production, cold/dry weather, harsh shampoos, or dehydration","Tight, flaky, itchy scalp without excess oil","Apply a hydrating scalp oil (jojoba, argan) and switch to a sulfate-free moisturizing shampoo. Porosity-specific tip: Use lightweight, water-based products applied to damp hair; avoid heavy butters/oils that sit on the cuticle; consider heat (steam) to help product absorption.",Scalp oil massage + hydrating shampoo,2 times per week,Mild
1401,4C,"Coily - Tightest coil, most shrinkage",Low Porosity,Combination Scalp,Oily Scalp,"Overactive sebaceous glands, hormonal changes, or infrequent washing","Greasy roots, flat-looking hair, scalp odor","Use a clarifying shampoo with tea tree oil or salicylic acid; avoid heavy conditioners near the roots. Porosity-specific tip: Use lightweight, water-based products applied to damp hair; avoid heavy butters/oils that sit on the cuticle; consider heat (steam) to help product absorption.",Clarifying shampoo,Every 2-3 days,Mild-Moderate
1402,4C,"Coily - Tightest coil, most shrinkage",Low Porosity,Combination Scalp,Split Ends,"Mechanical damage, lack of trimming, friction from towels/pillowcases","Frayed, forked hair tips that look dry and dull","Regular trims every 8-10 weeks and use leave-in conditioner or hair oil to seal ends. Porosity-specific tip: Use lightweight, water-based products applied to damp hair; avoid heavy butters/oils that sit on the cuticle; consider heat (steam) to help product absorption.",Leave-in conditioner + regular trims,"Bi-weekly application, trims every 2 months",Mild
1403,4C,"Coily - Tightest coil, most shrinkage",Low Porosity,Combination Scalp,Frizz,"Humidity, lack of moisture, raised hair cuticle, or over-washing","Flyaway strands, rough and unmanageable texture","Use anti-frizz serum, microfiber towel drying, and leave-in cream with humectants like glycerin. Porosity-specific tip: Use lightweight, water-based products applied to damp hair; avoid heavy butters/oils that sit on the cuticle; consider heat (steam) to help product absorption.",Anti-frizz serum/cream,Daily as needed,Mild
1404,4C,"Coily - Tightest coil, most shrinkage",Low Porosity,Combination Scalp,Hair Thinning,"Genetics, stress, nutritional deficiency, hormonal imbalance, or postpartum changes","Reduced hair density, visible scalp, thinner ponytail","Use minoxidil-based topical treatment, biotin/iron supplementation (consult a doctor), and gentle scalp massage. Porosity-specific tip: Use lightweight, water-based products applied to damp hair; avoid heavy butters/oils that sit on the cuticle; consider heat (steam) to help product absorption.",Minoxidil topical + supplements,Daily application,Moderate-Severe
1405,4C,"Coily - Tightest coil, most shrinkage",Low Porosity,Combination Scalp,Itchy/Irritated Scalp,"Allergic reaction to products, dry skin, dandruff, or scalp psoriasis/eczema","Persistent itching, redness, occasional burning sensation","Switch to fragrance-free, sulfate-free shampoo; use a soothing scalp serum with aloe vera or tea tree oil. Porosity-specific tip: Use lightweight, water-based products applied to damp hair; avoid heavy butters/oils that sit on the cuticle; consider heat (steam) to help product absorption.",Soothing scalp serum,"Daily until resolved, then 2x/week",Mild-Moderate
1406,4C,"Coily - Tightest coil, most shrinkage",Low Porosity,Combination Scalp,Product Buildup,"Accumulation of styling products, hard water minerals, or infrequent clarifying washes","Dull, weighed-down hair, reduced curl definition, waxy scalp feel","Use a clarifying or chelating shampoo once every 1-2 weeks to remove residue. Porosity-specific tip: Use lightweight, water-based products applied to damp hair; avoid heavy butters/oils that sit on the cuticle; consider heat (steam) to help product absorption.",Clarifying/chelating shampoo,Every 1-2 weeks,Mild
1407,4C,"Coily - Tightest coil, most shrinkage",Low Porosity,Sensitive Scalp,Dandruff,"Malassezia fungus overgrowth, dry skin, or sensitivity to hair products","White/yellow flakes on scalp and shoulders, mild itching","Use an anti-dandruff shampoo containing zinc pyrithione, ketoconazole, or selenium sulfide; avoid over-washing. Porosity-specific tip: Use lightweight, water-based products applied to damp hair; avoid heavy butters/oils that sit on the cuticle; consider heat (steam) to help product absorption.",Medicated anti-dandruff shampoo,2-3 times per week,Mild-Moderate
1408,4C,"Coily - Tightest coil, most shrinkage",Low Porosity,Sensitive Scalp,Dry Scalp,"Low sebum production, cold/dry weather, harsh shampoos, or dehydration","Tight, flaky, itchy scalp without excess oil","Apply a hydrating scalp oil (jojoba, argan) and switch to a sulfate-free moisturizing shampoo. Porosity-specific tip: Use lightweight, water-based products applied to damp hair; avoid heavy butters/oils that sit on the cuticle; consider heat (steam) to help product absorption.",Scalp oil massage + hydrating shampoo,2 times per week,Mild
1409,4C,"Coily - Tightest coil, most shrinkage",Low Porosity,Sensitive Scalp,Oily Scalp,"Overactive sebaceous glands, hormonal changes, or infrequent washing","Greasy roots, flat-looking hair, scalp odor","Use a clarifying shampoo with tea tree oil or salicylic acid; avoid heavy conditioners near the roots. Porosity-specific tip: Use lightweight, water-based products applied to damp hair; avoid heavy butters/oils that sit on the cuticle; consider heat (steam) to help product absorption.",Clarifying shampoo,Every 2-3 days,Mild-Moderate
1410,4C,"Coily - Tightest coil, most shrinkage",Low Porosity,Sensitive Scalp,Hair Breakage,"Excess heat styling, chemical treatments, over-brushing, or protein/moisture imbalance","Short broken strands, rough texture, visible split hairs","Reduce heat styling, use a protein-moisture balanced deep conditioner, trim damaged ends. Porosity-specific tip: Use lightweight, water-based products applied to damp hair; avoid heavy butters/oils that sit on the cuticle; consider heat (steam) to help product absorption.",Protein treatment + deep conditioning mask,Weekly,Moderate
1411,4C,"Coily - Tightest coil, most shrinkage",Low Porosity,Sensitive Scalp,Split Ends,"Mechanical damage, lack of trimming, friction from towels/pillowcases","Frayed, forked hair tips that look dry and dull","Regular trims every 8-10 weeks and use leave-in conditioner or hair oil to seal ends. Porosity-specific tip: Use lightweight, water-based products applied to damp hair; avoid heavy butters/oils that sit on the cuticle; consider heat (steam) to help product absorption.",Leave-in conditioner + regular trims,"Bi-weekly application, trims every 2 months",Mild
1412,4C,"Coily - Tightest coil, most shrinkage",Low Porosity,Sensitive Scalp,Frizz,"Humidity, lack of moisture, raised hair cuticle, or over-washing","Flyaway strands, rough and unmanageable texture","Use anti-frizz serum, microfiber towel drying, and leave-in cream with humectants like glycerin. Porosity-specific tip: Use lightweight, water-based products applied to damp hair; avoid heavy butters/oils that sit on the cuticle; consider heat (steam) to help product absorption.",Anti-frizz serum/cream,Daily as needed,Mild
1413,4C,"Coily - Tightest coil, most shrinkage",Low Porosity,Sensitive Scalp,Hair Thinning,"Genetics, stress, nutritional deficiency, hormonal imbalance, or postpartum changes","Reduced hair density, visible scalp, thinner ponytail","Use minoxidil-based topical treatment, biotin/iron supplementation (consult a doctor), and gentle scalp massage. Porosity-specific tip: Use lightweight, water-based products applied to damp hair; avoid heavy butters/oils that sit on the cuticle; consider heat (steam) to help product absorption.",Minoxidil topical + supplements,Daily application,Moderate-Severe
1414,4C,"Coily - Tightest coil, most shrinkage",Low Porosity,Sensitive Scalp,Product Buildup,"Accumulation of styling products, hard water minerals, or infrequent clarifying washes","Dull, weighed-down hair, reduced curl definition, waxy scalp feel","Use a clarifying or chelating shampoo once every 1-2 weeks to remove residue. Porosity-specific tip: Use lightweight, water-based products applied to damp hair; avoid heavy butters/oils that sit on the cuticle; consider heat (steam) to help product absorption.",Clarifying/chelating shampoo,Every 1-2 weeks,Mild
1415,4C,"Coily - Tightest coil, most shrinkage",Medium Porosity,Oily Scalp,Dandruff,"Malassezia fungus overgrowth, dry skin, or sensitivity to hair products","White/yellow flakes on scalp and shoulders, mild itching","Use an anti-dandruff shampoo containing zinc pyrithione, ketoconazole, or selenium sulfide; avoid over-washing. Porosity-specific tip: Balanced routine works well; maintain regular deep conditioning every 1-2 weeks to preserve moisture-protein balance.",Medicated anti-dandruff shampoo,2-3 times per week,Mild-Moderate
1416,4C,"Coily - Tightest coil, most shrinkage",Medium Porosity,Oily Scalp,Dry Scalp,"Low sebum production, cold/dry weather, harsh shampoos, or dehydration","Tight, flaky, itchy scalp without excess oil","Apply a hydrating scalp oil (jojoba, argan) and switch to a sulfate-free moisturizing shampoo. Porosity-specific tip: Balanced routine works well; maintain regular deep conditioning every 1-2 weeks to preserve moisture-protein balance.",Scalp oil massage + hydrating shampoo,2 times per week,Mild
1417,4C,"Coily - Tightest coil, most shrinkage",Medium Porosity,Oily Scalp,Oily Scalp,"Overactive sebaceous glands, hormonal changes, or infrequent washing","Greasy roots, flat-looking hair, scalp odor",Use a clarifying shampoo with tea tree oil or salicylic acid; avoid heavy conditioners near the roots. Porosity-specific tip: Balanced routine works well; maintain regular deep conditioning every 1-2 weeks to preserve moisture-protein balance.,Clarifying shampoo,Every 2-3 days,Mild-Moderate
1418,4C,"Coily - Tightest coil, most shrinkage",Medium Porosity,Oily Scalp,Hair Breakage,"Excess heat styling, chemical treatments, over-brushing, or protein/moisture imbalance","Short broken strands, rough texture, visible split hairs","Reduce heat styling, use a protein-moisture balanced deep conditioner, trim damaged ends. Porosity-specific tip: Balanced routine works well; maintain regular deep conditioning every 1-2 weeks to preserve moisture-protein balance.",Protein treatment + deep conditioning mask,Weekly,Moderate
1419,4C,"Coily - Tightest coil, most shrinkage",Medium Porosity,Oily Scalp,Split Ends,"Mechanical damage, lack of trimming, friction from towels/pillowcases","Frayed, forked hair tips that look dry and dull",Regular trims every 8-10 weeks and use leave-in conditioner or hair oil to seal ends. Porosity-specific tip: Balanced routine works well; maintain regular deep conditioning every 1-2 weeks to preserve moisture-protein balance.,Leave-in conditioner + regular trims,"Bi-weekly application, trims every 2 months",Mild
1420,4C,"Coily - Tightest coil, most shrinkage",Medium Porosity,Oily Scalp,Frizz,"Humidity, lack of moisture, raised hair cuticle, or over-washing","Flyaway strands, rough and unmanageable texture","Use anti-frizz serum, microfiber towel drying, and leave-in cream with humectants like glycerin. Porosity-specific tip: Balanced routine works well; maintain regular deep conditioning every 1-2 weeks to preserve moisture-protein balance.",Anti-frizz serum/cream,Daily as needed,Mild
1421,4C,"Coily - Tightest coil, most shrinkage",Medium Porosity,Oily Scalp,Hair Thinning,"Genetics, stress, nutritional deficiency, hormonal imbalance, or postpartum changes","Reduced hair density, visible scalp, thinner ponytail","Use minoxidil-based topical treatment, biotin/iron supplementation (consult a doctor), and gentle scalp massage. Porosity-specific tip: Balanced routine works well; maintain regular deep conditioning every 1-2 weeks to preserve moisture-protein balance.",Minoxidil topical + supplements,Daily application,Moderate-Severe
1422,4C,"Coily - Tightest coil, most shrinkage",Medium Porosity,Oily Scalp,Itchy/Irritated Scalp,"Allergic reaction to products, dry skin, dandruff, or scalp psoriasis/eczema","Persistent itching, redness, occasional burning sensation","Switch to fragrance-free, sulfate-free shampoo; use a soothing scalp serum with aloe vera or tea tree oil. Porosity-specific tip: Balanced routine works well; maintain regular deep conditioning every 1-2 weeks to preserve moisture-protein balance.",Soothing scalp serum,"Daily until resolved, then 2x/week",Mild-Moderate
1423,4C,"Coily - Tightest coil, most shrinkage",Medium Porosity,Oily Scalp,Product Buildup,"Accumulation of styling products, hard water minerals, or infrequent clarifying washes","Dull, weighed-down hair, reduced curl definition, waxy scalp feel",Use a clarifying or chelating shampoo once every 1-2 weeks to remove residue. Porosity-specific tip: Balanced routine works well; maintain regular deep conditioning every 1-2 weeks to preserve moisture-protein balance.,Clarifying/chelating shampoo,Every 1-2 weeks,Mild
1424,4C,"Coily - Tightest coil, most shrinkage",Medium Porosity,Dry Scalp,Dandruff,"Malassezia fungus overgrowth, dry skin, or sensitivity to hair products","White/yellow flakes on scalp and shoulders, mild itching","Use an anti-dandruff shampoo containing zinc pyrithione, ketoconazole, or selenium sulfide; avoid over-washing. Porosity-specific tip: Balanced routine works well; maintain regular deep conditioning every 1-2 weeks to preserve moisture-protein balance.",Medicated anti-dandruff shampoo,2-3 times per week,Mild-Moderate
1425,4C,"Coily - Tightest coil, most shrinkage",Medium Porosity,Dry Scalp,Dry Scalp,"Low sebum production, cold/dry weather, harsh shampoos, or dehydration","Tight, flaky, itchy scalp without excess oil","Apply a hydrating scalp oil (jojoba, argan) and switch to a sulfate-free moisturizing shampoo. Porosity-specific tip: Balanced routine works well; maintain regular deep conditioning every 1-2 weeks to preserve moisture-protein balance.",Scalp oil massage + hydrating shampoo,2 times per week,Mild
1426,4C,"Coily - Tightest coil, most shrinkage",Medium Porosity,Dry Scalp,Oily Scalp,"Overactive sebaceous glands, hormonal changes, or infrequent washing","Greasy roots, flat-looking hair, scalp odor",Use a clarifying shampoo with tea tree oil or salicylic acid; avoid heavy conditioners near the roots. Porosity-specific tip: Balanced routine works well; maintain regular deep conditioning every 1-2 weeks to preserve moisture-protein balance.,Clarifying shampoo,Every 2-3 days,Mild-Moderate
1427,4C,"Coily - Tightest coil, most shrinkage",Medium Porosity,Dry Scalp,Hair Breakage,"Excess heat styling, chemical treatments, over-brushing, or protein/moisture imbalance","Short broken strands, rough texture, visible split hairs","Reduce heat styling, use a protein-moisture balanced deep conditioner, trim damaged ends. Porosity-specific tip: Balanced routine works well; maintain regular deep conditioning every 1-2 weeks to preserve moisture-protein balance.",Protein treatment + deep conditioning mask,Weekly,Moderate
1428,4C,"Coily - Tightest coil, most shrinkage",Medium Porosity,Dry Scalp,Split Ends,"Mechanical damage, lack of trimming, friction from towels/pillowcases","Frayed, forked hair tips that look dry and dull",Regular trims every 8-10 weeks and use leave-in conditioner or hair oil to seal ends. Porosity-specific tip: Balanced routine works well; maintain regular deep conditioning every 1-2 weeks to preserve moisture-protein balance.,Leave-in conditioner + regular trims,"Bi-weekly application, trims every 2 months",Mild
1429,4C,"Coily - Tightest coil, most shrinkage",Medium Porosity,Dry Scalp,Frizz,"Humidity, lack of moisture, raised hair cuticle, or over-washing","Flyaway strands, rough and unmanageable texture","Use anti-frizz serum, microfiber towel drying, and leave-in cream with humectants like glycerin. Porosity-specific tip: Balanced routine works well; maintain regular deep conditioning every 1-2 weeks to preserve moisture-protein balance.",Anti-frizz serum/cream,Daily as needed,Mild
1430,4C,"Coily - Tightest coil, most shrinkage",Medium Porosity,Dry Scalp,Hair Thinning,"Genetics, stress, nutritional deficiency, hormonal imbalance, or postpartum changes","Reduced hair density, visible scalp, thinner ponytail","Use minoxidil-based topical treatment, biotin/iron supplementation (consult a doctor), and gentle scalp massage. Porosity-specific tip: Balanced routine works well; maintain regular deep conditioning every 1-2 weeks to preserve moisture-protein balance.",Minoxidil topical + supplements,Daily application,Moderate-Severe
1431,4C,"Coily - Tightest coil, most shrinkage",Medium Porosity,Dry Scalp,Itchy/Irritated Scalp,"Allergic reaction to products, dry skin, dandruff, or scalp psoriasis/eczema","Persistent itching, redness, occasional burning sensation","Switch to fragrance-free, sulfate-free shampoo; use a soothing scalp serum with aloe vera or tea tree oil. Porosity-specific tip: Balanced routine works well; maintain regular deep conditioning every 1-2 weeks to preserve moisture-protein balance.",Soothing scalp serum,"Daily until resolved, then 2x/week",Mild-Moderate
1432,4C,"Coily - Tightest coil, most shrinkage",Medium Porosity,Dry Scalp,Product Buildup,"Accumulation of styling products, hard water minerals, or infrequent clarifying washes","Dull, weighed-down hair, reduced curl definition, waxy scalp feel",Use a clarifying or chelating shampoo once every 1-2 weeks to remove residue. Porosity-specific tip: Balanced routine works well; maintain regular deep conditioning every 1-2 weeks to preserve moisture-protein balance.,Clarifying/chelating shampoo,Every 1-2 weeks,Mild
1433,4C,"Coily - Tightest coil, most shrinkage",Medium Porosity,Normal Scalp,Dandruff,"Malassezia fungus overgrowth, dry skin, or sensitivity to hair products","White/yellow flakes on scalp and shoulders, mild itching","Use an anti-dandruff shampoo containing zinc pyrithione, ketoconazole, or selenium sulfide; avoid over-washing. Porosity-specific tip: Balanced routine works well; maintain regular deep conditioning every 1-2 weeks to preserve moisture-protein balance.",Medicated anti-dandruff shampoo,2-3 times per week,Mild-Moderate
1434,4C,"Coily - Tightest coil, most shrinkage",Medium Porosity,Normal Scalp,Dry Scalp,"Low sebum production, cold/dry weather, harsh shampoos, or dehydration","Tight, flaky, itchy scalp without excess oil","Apply a hydrating scalp oil (jojoba, argan) and switch to a sulfate-free moisturizing shampoo. Porosity-specific tip: Balanced routine works well; maintain regular deep conditioning every 1-2 weeks to preserve moisture-protein balance.",Scalp oil massage + hydrating shampoo,2 times per week,Mild
1435,4C,"Coily - Tightest coil, most shrinkage",Medium Porosity,Normal Scalp,Oily Scalp,"Overactive sebaceous glands, hormonal changes, or infrequent washing","Greasy roots, flat-looking hair, scalp odor",Use a clarifying shampoo with tea tree oil or salicylic acid; avoid heavy conditioners near the roots. Porosity-specific tip: Balanced routine works well; maintain regular deep conditioning every 1-2 weeks to preserve moisture-protein balance.,Clarifying shampoo,Every 2-3 days,Mild-Moderate
1436,4C,"Coily - Tightest coil, most shrinkage",Medium Porosity,Normal Scalp,Hair Breakage,"Excess heat styling, chemical treatments, over-brushing, or protein/moisture imbalance","Short broken strands, rough texture, visible split hairs","Reduce heat styling, use a protein-moisture balanced deep conditioner, trim damaged ends. Porosity-specific tip: Balanced routine works well; maintain regular deep conditioning every 1-2 weeks to preserve moisture-protein balance.",Protein treatment + deep conditioning mask,Weekly,Moderate
1437,4C,"Coily - Tightest coil, most shrinkage",Medium Porosity,Normal Scalp,Split Ends,"Mechanical damage, lack of trimming, friction from towels/pillowcases","Frayed, forked hair tips that look dry and dull",Regular trims every 8-10 weeks and use leave-in conditioner or hair oil to seal ends. Porosity-specific tip: Balanced routine works well; maintain regular deep conditioning every 1-2 weeks to preserve moisture-protein balance.,Leave-in conditioner + regular trims,"Bi-weekly application, trims every 2 months",Mild
1438,4C,"Coily - Tightest coil, most shrinkage",Medium Porosity,Normal Scalp,Frizz,"Humidity, lack of moisture, raised hair cuticle, or over-washing","Flyaway strands, rough and unmanageable texture","Use anti-frizz serum, microfiber towel drying, and leave-in cream with humectants like glycerin. Porosity-specific tip: Balanced routine works well; maintain regular deep conditioning every 1-2 weeks to preserve moisture-protein balance.",Anti-frizz serum/cream,Daily as needed,Mild
1439,4C,"Coily - Tightest coil, most shrinkage",Medium Porosity,Normal Scalp,Hair Thinning,"Genetics, stress, nutritional deficiency, hormonal imbalance, or postpartum changes","Reduced hair density, visible scalp, thinner ponytail","Use minoxidil-based topical treatment, biotin/iron supplementation (consult a doctor), and gentle scalp massage. Porosity-specific tip: Balanced routine works well; maintain regular deep conditioning every 1-2 weeks to preserve moisture-protein balance.",Minoxidil topical + supplements,Daily application,Moderate-Severe
1440,4C,"Coily - Tightest coil, most shrinkage",Medium Porosity,Normal Scalp,Itchy/Irritated Scalp,"Allergic reaction to products, dry skin, dandruff, or scalp psoriasis/eczema","Persistent itching, redness, occasional burning sensation","Switch to fragrance-free, sulfate-free shampoo; use a soothing scalp serum with aloe vera or tea tree oil. Porosity-specific tip: Balanced routine works well; maintain regular deep conditioning every 1-2 weeks to preserve moisture-protein balance.",Soothing scalp serum,"Daily until resolved, then 2x/week",Mild-Moderate
1441,4C,"Coily - Tightest coil, most shrinkage",Medium Porosity,Normal Scalp,Product Buildup,"Accumulation of styling products, hard water minerals, or infrequent clarifying washes","Dull, weighed-down hair, reduced curl definition, waxy scalp feel",Use a clarifying or chelating shampoo once every 1-2 weeks to remove residue. Porosity-specific tip: Balanced routine works well; maintain regular deep conditioning every 1-2 weeks to preserve moisture-protein balance.,Clarifying/chelating shampoo,Every 1-2 weeks,Mild
1442,4C,"Coily - Tightest coil, most shrinkage",Medium Porosity,Combination Scalp,Dandruff,"Malassezia fungus overgrowth, dry skin, or sensitivity to hair products","White/yellow flakes on scalp and shoulders, mild itching","Use an anti-dandruff shampoo containing zinc pyrithione, ketoconazole, or selenium sulfide; avoid over-washing. Porosity-specific tip: Balanced routine works well; maintain regular deep conditioning every 1-2 weeks to preserve moisture-protein balance.",Medicated anti-dandruff shampoo,2-3 times per week,Mild-Moderate
1443,4C,"Coily - Tightest coil, most shrinkage",Medium Porosity,Combination Scalp,Dry Scalp,"Low sebum production, cold/dry weather, harsh shampoos, or dehydration","Tight, flaky, itchy scalp without excess oil","Apply a hydrating scalp oil (jojoba, argan) and switch to a sulfate-free moisturizing shampoo. Porosity-specific tip: Balanced routine works well; maintain regular deep conditioning every 1-2 weeks to preserve moisture-protein balance.",Scalp oil massage + hydrating shampoo,2 times per week,Mild
1444,4C,"Coily - Tightest coil, most shrinkage",Medium Porosity,Combination Scalp,Oily Scalp,"Overactive sebaceous glands, hormonal changes, or infrequent washing","Greasy roots, flat-looking hair, scalp odor",Use a clarifying shampoo with tea tree oil or salicylic acid; avoid heavy conditioners near the roots. Porosity-specific tip: Balanced routine works well; maintain regular deep conditioning every 1-2 weeks to preserve moisture-protein balance.,Clarifying shampoo,Every 2-3 days,Mild-Moderate
1445,4C,"Coily - Tightest coil, most shrinkage",Medium Porosity,Combination Scalp,Hair Breakage,"Excess heat styling, chemical treatments, over-brushing, or protein/moisture imbalance","Short broken strands, rough texture, visible split hairs","Reduce heat styling, use a protein-moisture balanced deep conditioner, trim damaged ends. Porosity-specific tip: Balanced routine works well; maintain regular deep conditioning every 1-2 weeks to preserve moisture-protein balance.",Protein treatment + deep conditioning mask,Weekly,Moderate
1446,4C,"Coily - Tightest coil, most shrinkage",Medium Porosity,Combination Scalp,Split Ends,"Mechanical damage, lack of trimming, friction from towels/pillowcases","Frayed, forked hair tips that look dry and dull",Regular trims every 8-10 weeks and use leave-in conditioner or hair oil to seal ends. Porosity-specific tip: Balanced routine works well; maintain regular deep conditioning every 1-2 weeks to preserve moisture-protein balance.,Leave-in conditioner + regular trims,"Bi-weekly application, trims every 2 months",Mild
1447,4C,"Coily - Tightest coil, most shrinkage",Medium Porosity,Combination Scalp,Frizz,"Humidity, lack of moisture, raised hair cuticle, or over-washing","Flyaway strands, rough and unmanageable texture","Use anti-frizz serum, microfiber towel drying, and leave-in cream with humectants like glycerin. Porosity-specific tip: Balanced routine works well; maintain regular deep conditioning every 1-2 weeks to preserve moisture-protein balance.",Anti-frizz serum/cream,Daily as needed,Mild
1448,4C,"Coily - Tightest coil, most shrinkage",Medium Porosity,Combination Scalp,Hair Thinning,"Genetics, stress, nutritional deficiency, hormonal imbalance, or postpartum changes","Reduced hair density, visible scalp, thinner ponytail","Use minoxidil-based topical treatment, biotin/iron supplementation (consult a doctor), and gentle scalp massage. Porosity-specific tip: Balanced routine works well; maintain regular deep conditioning every 1-2 weeks to preserve moisture-protein balance.",Minoxidil topical + supplements,Daily application,Moderate-Severe
1449,4C,"Coily - Tightest coil, most shrinkage",Medium Porosity,Combination Scalp,Itchy/Irritated Scalp,"Allergic reaction to products, dry skin, dandruff, or scalp psoriasis/eczema","Persistent itching, redness, occasional burning sensation","Switch to fragrance-free, sulfate-free shampoo; use a soothing scalp serum with aloe vera or tea tree oil. Porosity-specific tip: Balanced routine works well; maintain regular deep conditioning every 1-2 weeks to preserve moisture-protein balance.",Soothing scalp serum,"Daily until resolved, then 2x/week",Mild-Moderate
1450,4C,"Coily - Tightest coil, most shrinkage",Medium Porosity,Combination Scalp,Product Buildup,"Accumulation of styling products, hard water minerals, or infrequent clarifying washes","Dull, weighed-down hair, reduced curl definition, waxy scalp feel",Use a clarifying or chelating shampoo once every 1-2 weeks to remove residue. Porosity-specific tip: Balanced routine works well; maintain regular deep conditioning every 1-2 weeks to preserve moisture-protein balance.,Clarifying/chelating shampoo,Every 1-2 weeks,Mild
1451,4C,"Coily - Tightest coil, most shrinkage",Medium Porosity,Sensitive Scalp,Dandruff,"Malassezia fungus overgrowth, dry skin, or sensitivity to hair products","White/yellow flakes on scalp and shoulders, mild itching","Use an anti-dandruff shampoo containing zinc pyrithione, ketoconazole, or selenium sulfide; avoid over-washing. Porosity-specific tip: Balanced routine works well; maintain regular deep conditioning every 1-2 weeks to preserve moisture-protein balance.",Medicated anti-dandruff shampoo,2-3 times per week,Mild-Moderate
1452,4C,"Coily - Tightest coil, most shrinkage",Medium Porosity,Sensitive Scalp,Dry Scalp,"Low sebum production, cold/dry weather, harsh shampoos, or dehydration","Tight, flaky, itchy scalp without excess oil","Apply a hydrating scalp oil (jojoba, argan) and switch to a sulfate-free moisturizing shampoo. Porosity-specific tip: Balanced routine works well; maintain regular deep conditioning every 1-2 weeks to preserve moisture-protein balance.",Scalp oil massage + hydrating shampoo,2 times per week,Mild
1453,4C,"Coily - Tightest coil, most shrinkage",Medium Porosity,Sensitive Scalp,Oily Scalp,"Overactive sebaceous glands, hormonal changes, or infrequent washing","Greasy roots, flat-looking hair, scalp odor",Use a clarifying shampoo with tea tree oil or salicylic acid; avoid heavy conditioners near the roots. Porosity-specific tip: Balanced routine works well; maintain regular deep conditioning every 1-2 weeks to preserve moisture-protein balance.,Clarifying shampoo,Every 2-3 days,Mild-Moderate
1454,4C,"Coily - Tightest coil, most shrinkage",Medium Porosity,Sensitive Scalp,Hair Breakage,"Excess heat styling, chemical treatments, over-brushing, or protein/moisture imbalance","Short broken strands, rough texture, visible split hairs","Reduce heat styling, use a protein-moisture balanced deep conditioner, trim damaged ends. Porosity-specific tip: Balanced routine works well; maintain regular deep conditioning every 1-2 weeks to preserve moisture-protein balance.",Protein treatment + deep conditioning mask,Weekly,Moderate
1455,4C,"Coily - Tightest coil, most shrinkage",Medium Porosity,Sensitive Scalp,Split Ends,"Mechanical damage, lack of trimming, friction from towels/pillowcases","Frayed, forked hair tips that look dry and dull",Regular trims every 8-10 weeks and use leave-in conditioner or hair oil to seal ends. Porosity-specific tip: Balanced routine works well; maintain regular deep conditioning every 1-2 weeks to preserve moisture-protein balance.,Leave-in conditioner + regular trims,"Bi-weekly application, trims every 2 months",Mild
1456,4C,"Coily - Tightest coil, most shrinkage",Medium Porosity,Sensitive Scalp,Frizz,"Humidity, lack of moisture, raised hair cuticle, or over-washing","Flyaway strands, rough and unmanageable texture","Use anti-frizz serum, microfiber towel drying, and leave-in cream with humectants like glycerin. Porosity-specific tip: Balanced routine works well; maintain regular deep conditioning every 1-2 weeks to preserve moisture-protein balance.",Anti-frizz serum/cream,Daily as needed,Mild
1457,4C,"Coily - Tightest coil, most shrinkage",Medium Porosity,Sensitive Scalp,Hair Thinning,"Genetics, stress, nutritional deficiency, hormonal imbalance, or postpartum changes","Reduced hair density, visible scalp, thinner ponytail","Use minoxidil-based topical treatment, biotin/iron supplementation (consult a doctor), and gentle scalp massage. Porosity-specific tip: Balanced routine works well; maintain regular deep conditioning every 1-2 weeks to preserve moisture-protein balance.",Minoxidil topical + supplements,Daily application,Moderate-Severe
1458,4C,"Coily - Tightest coil, most shrinkage",Medium Porosity,Sensitive Scalp,Itchy/Irritated Scalp,"Allergic reaction to products, dry skin, dandruff, or scalp psoriasis/eczema","Persistent itching, redness, occasional burning sensation","Switch to fragrance-free, sulfate-free shampoo; use a soothing scalp serum with aloe vera or tea tree oil. Porosity-specific tip: Balanced routine works well; maintain regular deep conditioning every 1-2 weeks to preserve moisture-protein balance.",Soothing scalp serum,"Daily until resolved, then 2x/week",Mild-Moderate
1459,4C,"Coily - Tightest coil, most shrinkage",Medium Porosity,Sensitive Scalp,Product Buildup,"Accumulation of styling products, hard water minerals, or infrequent clarifying washes","Dull, weighed-down hair, reduced curl definition, waxy scalp feel",Use a clarifying or chelating shampoo once every 1-2 weeks to remove residue. Porosity-specific tip: Balanced routine works well; maintain regular deep conditioning every 1-2 weeks to preserve moisture-protein balance.,Clarifying/chelating shampoo,Every 1-2 weeks,Mild
1460,4C,"Coily - Tightest coil, most shrinkage",High Porosity,Oily Scalp,Dandruff,"Malassezia fungus overgrowth, dry skin, or sensitivity to hair products","White/yellow flakes on scalp and shoulders, mild itching","Use an anti-dandruff shampoo containing zinc pyrithione, ketoconazole, or selenium sulfide; avoid over-washing. Porosity-specific tip: Use rich creams, butters, and oils to seal the cuticle; do a protein treatment periodically since high porosity hair loses moisture quickly.",Medicated anti-dandruff shampoo,2-3 times per week,Mild-Moderate
1461,4C,"Coily - Tightest coil, most shrinkage",High Porosity,Oily Scalp,Dry Scalp,"Low sebum production, cold/dry weather, harsh shampoos, or dehydration","Tight, flaky, itchy scalp without excess oil","Apply a hydrating scalp oil (jojoba, argan) and switch to a sulfate-free moisturizing shampoo. Porosity-specific tip: Use rich creams, butters, and oils to seal the cuticle; do a protein treatment periodically since high porosity hair loses moisture quickly.",Scalp oil massage + hydrating shampoo,2 times per week,Mild
1462,4C,"Coily - Tightest coil, most shrinkage",High Porosity,Oily Scalp,Hair Breakage,"Excess heat styling, chemical treatments, over-brushing, or protein/moisture imbalance","Short broken strands, rough texture, visible split hairs","Reduce heat styling, use a protein-moisture balanced deep conditioner, trim damaged ends. Porosity-specific tip: Use rich creams, butters, and oils to seal the cuticle; do a protein treatment periodically since high porosity hair loses moisture quickly.",Protein treatment + deep conditioning mask,Weekly,Moderate
1463,4C,"Coily - Tightest coil, most shrinkage",High Porosity,Oily Scalp,Split Ends,"Mechanical damage, lack of trimming, friction from towels/pillowcases","Frayed, forked hair tips that look dry and dull","Regular trims every 8-10 weeks and use leave-in conditioner or hair oil to seal ends. Porosity-specific tip: Use rich creams, butters, and oils to seal the cuticle; do a protein treatment periodically since high porosity hair loses moisture quickly.",Leave-in conditioner + regular trims,"Bi-weekly application, trims every 2 months",Mild
1464,4C,"Coily - Tightest coil, most shrinkage",High Porosity,Oily Scalp,Frizz,"Humidity, lack of moisture, raised hair cuticle, or over-washing","Flyaway strands, rough and unmanageable texture","Use anti-frizz serum, microfiber towel drying, and leave-in cream with humectants like glycerin. Porosity-specific tip: Use rich creams, butters, and oils to seal the cuticle; do a protein treatment periodically since high porosity hair loses moisture quickly.",Anti-frizz serum/cream,Daily as needed,Mild
1465,4C,"Coily - Tightest coil, most shrinkage",High Porosity,Oily Scalp,Hair Thinning,"Genetics, stress, nutritional deficiency, hormonal imbalance, or postpartum changes","Reduced hair density, visible scalp, thinner ponytail","Use minoxidil-based topical treatment, biotin/iron supplementation (consult a doctor), and gentle scalp massage. Porosity-specific tip: Use rich creams, butters, and oils to seal the cuticle; do a protein treatment periodically since high porosity hair loses moisture quickly.",Minoxidil topical + supplements,Daily application,Moderate-Severe
1466,4C,"Coily - Tightest coil, most shrinkage",High Porosity,Oily Scalp,Itchy/Irritated Scalp,"Allergic reaction to products, dry skin, dandruff, or scalp psoriasis/eczema","Persistent itching, redness, occasional burning sensation","Switch to fragrance-free, sulfate-free shampoo; use a soothing scalp serum with aloe vera or tea tree oil. Porosity-specific tip: Use rich creams, butters, and oils to seal the cuticle; do a protein treatment periodically since high porosity hair loses moisture quickly.",Soothing scalp serum,"Daily until resolved, then 2x/week",Mild-Moderate
1467,4C,"Coily - Tightest coil, most shrinkage",High Porosity,Oily Scalp,Product Buildup,"Accumulation of styling products, hard water minerals, or infrequent clarifying washes","Dull, weighed-down hair, reduced curl definition, waxy scalp feel","Use a clarifying or chelating shampoo once every 1-2 weeks to remove residue. Porosity-specific tip: Use rich creams, butters, and oils to seal the cuticle; do a protein treatment periodically since high porosity hair loses moisture quickly.",Clarifying/chelating shampoo,Every 1-2 weeks,Mild
1468,4C,"Coily - Tightest coil, most shrinkage",High Porosity,Dry Scalp,Dry Scalp,"Low sebum production, cold/dry weather, harsh shampoos, or dehydration","Tight, flaky, itchy scalp without excess oil","Apply a hydrating scalp oil (jojoba, argan) and switch to a sulfate-free moisturizing shampoo. Porosity-specific tip: Use rich creams, butters, and oils to seal the cuticle; do a protein treatment periodically since high porosity hair loses moisture quickly.",Scalp oil massage + hydrating shampoo,2 times per week,Mild
1469,4C,"Coily - Tightest coil, most shrinkage",High Porosity,Dry Scalp,Oily Scalp,"Overactive sebaceous glands, hormonal changes, or infrequent washing","Greasy roots, flat-looking hair, scalp odor","Use a clarifying shampoo with tea tree oil or salicylic acid; avoid heavy conditioners near the roots. Porosity-specific tip: Use rich creams, butters, and oils to seal the cuticle; do a protein treatment periodically since high porosity hair loses moisture quickly.",Clarifying shampoo,Every 2-3 days,Mild-Moderate
1470,4C,"Coily - Tightest coil, most shrinkage",High Porosity,Dry Scalp,Hair Breakage,"Excess heat styling, chemical treatments, over-brushing, or protein/moisture imbalance","Short broken strands, rough texture, visible split hairs","Reduce heat styling, use a protein-moisture balanced deep conditioner, trim damaged ends. Porosity-specific tip: Use rich creams, butters, and oils to seal the cuticle; do a protein treatment periodically since high porosity hair loses moisture quickly.",Protein treatment + deep conditioning mask,Weekly,Moderate
1471,4C,"Coily - Tightest coil, most shrinkage",High Porosity,Dry Scalp,Split Ends,"Mechanical damage, lack of trimming, friction from towels/pillowcases","Frayed, forked hair tips that look dry and dull","Regular trims every 8-10 weeks and use leave-in conditioner or hair oil to seal ends. Porosity-specific tip: Use rich creams, butters, and oils to seal the cuticle; do a protein treatment periodically since high porosity hair loses moisture quickly.",Leave-in conditioner + regular trims,"Bi-weekly application, trims every 2 months",Mild
1472,4C,"Coily - Tightest coil, most shrinkage",High Porosity,Dry Scalp,Frizz,"Humidity, lack of moisture, raised hair cuticle, or over-washing","Flyaway strands, rough and unmanageable texture","Use anti-frizz serum, microfiber towel drying, and leave-in cream with humectants like glycerin. Porosity-specific tip: Use rich creams, butters, and oils to seal the cuticle; do a protein treatment periodically since high porosity hair loses moisture quickly.",Anti-frizz serum/cream,Daily as needed,Mild
1473,4C,"Coily - Tightest coil, most shrinkage",High Porosity,Dry Scalp,Hair Thinning,"Genetics, stress, nutritional deficiency, hormonal imbalance, or postpartum changes","Reduced hair density, visible scalp, thinner ponytail","Use minoxidil-based topical treatment, biotin/iron supplementation (consult a doctor), and gentle scalp massage. Porosity-specific tip: Use rich creams, butters, and oils to seal the cuticle; do a protein treatment periodically since high porosity hair loses moisture quickly.",Minoxidil topical + supplements,Daily application,Moderate-Severe
1474,4C,"Coily - Tightest coil, most shrinkage",High Porosity,Dry Scalp,Itchy/Irritated Scalp,"Allergic reaction to products, dry skin, dandruff, or scalp psoriasis/eczema","Persistent itching, redness, occasional burning sensation","Switch to fragrance-free, sulfate-free shampoo; use a soothing scalp serum with aloe vera or tea tree oil. Porosity-specific tip: Use rich creams, butters, and oils to seal the cuticle; do a protein treatment periodically since high porosity hair loses moisture quickly.",Soothing scalp serum,"Daily until resolved, then 2x/week",Mild-Moderate
1475,4C,"Coily - Tightest coil, most shrinkage",High Porosity,Dry Scalp,Product Buildup,"Accumulation of styling products, hard water minerals, or infrequent clarifying washes","Dull, weighed-down hair, reduced curl definition, waxy scalp feel","Use a clarifying or chelating shampoo once every 1-2 weeks to remove residue. Porosity-specific tip: Use rich creams, butters, and oils to seal the cuticle; do a protein treatment periodically since high porosity hair loses moisture quickly.",Clarifying/chelating shampoo,Every 1-2 weeks,Mild
1476,4C,"Coily - Tightest coil, most shrinkage",High Porosity,Normal Scalp,Dandruff,"Malassezia fungus overgrowth, dry skin, or sensitivity to hair products","White/yellow flakes on scalp and shoulders, mild itching","Use an anti-dandruff shampoo containing zinc pyrithione, ketoconazole, or selenium sulfide; avoid over-washing. Porosity-specific tip: Use rich creams, butters, and oils to seal the cuticle; do a protein treatment periodically since high porosity hair loses moisture quickly.",Medicated anti-dandruff shampoo,2-3 times per week,Mild-Moderate
1477,4C,"Coily - Tightest coil, most shrinkage",High Porosity,Normal Scalp,Oily Scalp,"Overactive sebaceous glands, hormonal changes, or infrequent washing","Greasy roots, flat-looking hair, scalp odor","Use a clarifying shampoo with tea tree oil or salicylic acid; avoid heavy conditioners near the roots. Porosity-specific tip: Use rich creams, butters, and oils to seal the cuticle; do a protein treatment periodically since high porosity hair loses moisture quickly.",Clarifying shampoo,Every 2-3 days,Mild-Moderate
1478,4C,"Coily - Tightest coil, most shrinkage",High Porosity,Normal Scalp,Hair Breakage,"Excess heat styling, chemical treatments, over-brushing, or protein/moisture imbalance","Short broken strands, rough texture, visible split hairs","Reduce heat styling, use a protein-moisture balanced deep conditioner, trim damaged ends. Porosity-specific tip: Use rich creams, butters, and oils to seal the cuticle; do a protein treatment periodically since high porosity hair loses moisture quickly.",Protein treatment + deep conditioning mask,Weekly,Moderate
1479,4C,"Coily - Tightest coil, most shrinkage",High Porosity,Normal Scalp,Split Ends,"Mechanical damage, lack of trimming, friction from towels/pillowcases","Frayed, forked hair tips that look dry and dull","Regular trims every 8-10 weeks and use leave-in conditioner or hair oil to seal ends. Porosity-specific tip: Use rich creams, butters, and oils to seal the cuticle; do a protein treatment periodically since high porosity hair loses moisture quickly.",Leave-in conditioner + regular trims,"Bi-weekly application, trims every 2 months",Mild
1480,4C,"Coily - Tightest coil, most shrinkage",High Porosity,Normal Scalp,Frizz,"Humidity, lack of moisture, raised hair cuticle, or over-washing","Flyaway strands, rough and unmanageable texture","Use anti-frizz serum, microfiber towel drying, and leave-in cream with humectants like glycerin. Porosity-specific tip: Use rich creams, butters, and oils to seal the cuticle; do a protein treatment periodically since high porosity hair loses moisture quickly.",Anti-frizz serum/cream,Daily as needed,Mild
1481,4C,"Coily - Tightest coil, most shrinkage",High Porosity,Normal Scalp,Hair Thinning,"Genetics, stress, nutritional deficiency, hormonal imbalance, or postpartum changes","Reduced hair density, visible scalp, thinner ponytail","Use minoxidil-based topical treatment, biotin/iron supplementation (consult a doctor), and gentle scalp massage. Porosity-specific tip: Use rich creams, butters, and oils to seal the cuticle; do a protein treatment periodically since high porosity hair loses moisture quickly.",Minoxidil topical + supplements,Daily application,Moderate-Severe
1482,4C,"Coily - Tightest coil, most shrinkage",High Porosity,Normal Scalp,Itchy/Irritated Scalp,"Allergic reaction to products, dry skin, dandruff, or scalp psoriasis/eczema","Persistent itching, redness, occasional burning sensation","Switch to fragrance-free, sulfate-free shampoo; use a soothing scalp serum with aloe vera or tea tree oil. Porosity-specific tip: Use rich creams, butters, and oils to seal the cuticle; do a protein treatment periodically since high porosity hair loses moisture quickly.",Soothing scalp serum,"Daily until resolved, then 2x/week",Mild-Moderate
1483,4C,"Coily - Tightest coil, most shrinkage",High Porosity,Normal Scalp,Product Buildup,"Accumulation of styling products, hard water minerals, or infrequent clarifying washes","Dull, weighed-down hair, reduced curl definition, waxy scalp feel","Use a clarifying or chelating shampoo once every 1-2 weeks to remove residue. Porosity-specific tip: Use rich creams, butters, and oils to seal the cuticle; do a protein treatment periodically since high porosity hair loses moisture quickly.",Clarifying/chelating shampoo,Every 1-2 weeks,Mild
1484,4C,"Coily - Tightest coil, most shrinkage",High Porosity,Combination Scalp,Dandruff,"Malassezia fungus overgrowth, dry skin, or sensitivity to hair products","White/yellow flakes on scalp and shoulders, mild itching","Use an anti-dandruff shampoo containing zinc pyrithione, ketoconazole, or selenium sulfide; avoid over-washing. Porosity-specific tip: Use rich creams, butters, and oils to seal the cuticle; do a protein treatment periodically since high porosity hair loses moisture quickly.",Medicated anti-dandruff shampoo,2-3 times per week,Mild-Moderate
1485,4C,"Coily - Tightest coil, most shrinkage",High Porosity,Combination Scalp,Dry Scalp,"Low sebum production, cold/dry weather, harsh shampoos, or dehydration","Tight, flaky, itchy scalp without excess oil","Apply a hydrating scalp oil (jojoba, argan) and switch to a sulfate-free moisturizing shampoo. Porosity-specific tip: Use rich creams, butters, and oils to seal the cuticle; do a protein treatment periodically since high porosity hair loses moisture quickly.",Scalp oil massage + hydrating shampoo,2 times per week,Mild
1486,4C,"Coily - Tightest coil, most shrinkage",High Porosity,Combination Scalp,Oily Scalp,"Overactive sebaceous glands, hormonal changes, or infrequent washing","Greasy roots, flat-looking hair, scalp odor","Use a clarifying shampoo with tea tree oil or salicylic acid; avoid heavy conditioners near the roots. Porosity-specific tip: Use rich creams, butters, and oils to seal the cuticle; do a protein treatment periodically since high porosity hair loses moisture quickly.",Clarifying shampoo,Every 2-3 days,Mild-Moderate
1487,4C,"Coily - Tightest coil, most shrinkage",High Porosity,Combination Scalp,Hair Breakage,"Excess heat styling, chemical treatments, over-brushing, or protein/moisture imbalance","Short broken strands, rough texture, visible split hairs","Reduce heat styling, use a protein-moisture balanced deep conditioner, trim damaged ends. Porosity-specific tip: Use rich creams, butters, and oils to seal the cuticle; do a protein treatment periodically since high porosity hair loses moisture quickly.",Protein treatment + deep conditioning mask,Weekly,Moderate
1488,4C,"Coily - Tightest coil, most shrinkage",High Porosity,Combination Scalp,Split Ends,"Mechanical damage, lack of trimming, friction from towels/pillowcases","Frayed, forked hair tips that look dry and dull","Regular trims every 8-10 weeks and use leave-in conditioner or hair oil to seal ends. Porosity-specific tip: Use rich creams, butters, and oils to seal the cuticle; do a protein treatment periodically since high porosity hair loses moisture quickly.",Leave-in conditioner + regular trims,"Bi-weekly application, trims every 2 months",Mild
1489,4C,"Coily - Tightest coil, most shrinkage",High Porosity,Combination Scalp,Frizz,"Humidity, lack of moisture, raised hair cuticle, or over-washing","Flyaway strands, rough and unmanageable texture","Use anti-frizz serum, microfiber towel drying, and leave-in cream with humectants like glycerin. Porosity-specific tip: Use rich creams, butters, and oils to seal the cuticle; do a protein treatment periodically since high porosity hair loses moisture quickly.",Anti-frizz serum/cream,Daily as needed,Mild
1490,4C,"Coily - Tightest coil, most shrinkage",High Porosity,Combination Scalp,Hair Thinning,"Genetics, stress, nutritional deficiency, hormonal imbalance, or postpartum changes","Reduced hair density, visible scalp, thinner ponytail","Use minoxidil-based topical treatment, biotin/iron supplementation (consult a doctor), and gentle scalp massage. Porosity-specific tip: Use rich creams, butters, and oils to seal the cuticle; do a protein treatment periodically since high porosity hair loses moisture quickly.",Minoxidil topical + supplements,Daily application,Moderate-Severe
1491,4C,"Coily - Tightest coil, most shrinkage",High Porosity,Combination Scalp,Itchy/Irritated Scalp,"Allergic reaction to products, dry skin, dandruff, or scalp psoriasis/eczema","Persistent itching, redness, occasional burning sensation","Switch to fragrance-free, sulfate-free shampoo; use a soothing scalp serum with aloe vera or tea tree oil. Porosity-specific tip: Use rich creams, butters, and oils to seal the cuticle; do a protein treatment periodically since high porosity hair loses moisture quickly.",Soothing scalp serum,"Daily until resolved, then 2x/week",Mild-Moderate
1492,4C,"Coily - Tightest coil, most shrinkage",High Porosity,Combination Scalp,Product Buildup,"Accumulation of styling products, hard water minerals, or infrequent clarifying washes","Dull, weighed-down hair, reduced curl definition, waxy scalp feel","Use a clarifying or chelating shampoo once every 1-2 weeks to remove residue. Porosity-specific tip: Use rich creams, butters, and oils to seal the cuticle; do a protein treatment periodically since high porosity hair loses moisture quickly.",Clarifying/chelating shampoo,Every 1-2 weeks,Mild
1493,4C,"Coily - Tightest coil, most shrinkage",High Porosity,Sensitive Scalp,Dandruff,"Malassezia fungus overgrowth, dry skin, or sensitivity to hair products","White/yellow flakes on scalp and shoulders, mild itching","Use an anti-dandruff shampoo containing zinc pyrithione, ketoconazole, or selenium sulfide; avoid over-washing. Porosity-specific tip: Use rich creams, butters, and oils to seal the cuticle; do a protein treatment periodically since high porosity hair loses moisture quickly.",Medicated anti-dandruff shampoo,2-3 times per week,Mild-Moderate
1494,4C,"Coily - Tightest coil, most shrinkage",High Porosity,Sensitive Scalp,Dry Scalp,"Low sebum production, cold/dry weather, harsh shampoos, or dehydration","Tight, flaky, itchy scalp without excess oil","Apply a hydrating scalp oil (jojoba, argan) and switch to a sulfate-free moisturizing shampoo. Porosity-specific tip: Use rich creams, butters, and oils to seal the cuticle; do a protein treatment periodically since high porosity hair loses moisture quickly.",Scalp oil massage + hydrating shampoo,2 times per week,Mild
1495,4C,"Coily - Tightest coil, most shrinkage",High Porosity,Sensitive Scalp,Oily Scalp,"Overactive sebaceous glands, hormonal changes, or infrequent washing","Greasy roots, flat-looking hair, scalp odor","Use a clarifying shampoo with tea tree oil or salicylic acid; avoid heavy conditioners near the roots. Porosity-specific tip: Use rich creams, butters, and oils to seal the cuticle; do a protein treatment periodically since high porosity hair loses moisture quickly.",Clarifying shampoo,Every 2-3 days,Mild-Moderate
1496,4C,"Coily - Tightest coil, most shrinkage",High Porosity,Sensitive Scalp,Hair Breakage,"Excess heat styling, chemical treatments, over-brushing, or protein/moisture imbalance","Short broken strands, rough texture, visible split hairs","Reduce heat styling, use a protein-moisture balanced deep conditioner, trim damaged ends. Porosity-specific tip: Use rich creams, butters, and oils to seal the cuticle; do a protein treatment periodically since high porosity hair loses moisture quickly.",Protein treatment + deep conditioning mask,Weekly,Moderate
1497,4C,"Coily - Tightest coil, most shrinkage",High Porosity,Sensitive Scalp,Split Ends,"Mechanical damage, lack of trimming, friction from towels/pillowcases","Frayed, forked hair tips that look dry and dull","Regular trims every 8-10 weeks and use leave-in conditioner or hair oil to seal ends. Porosity-specific tip: Use rich creams, butters, and oils to seal the cuticle; do a protein treatment periodically since high porosity hair loses moisture quickly.",Leave-in conditioner + regular trims,"Bi-weekly application, trims every 2 months",Mild
1498,4C,"Coily - Tightest coil, most shrinkage",High Porosity,Sensitive Scalp,Hair Thinning,"Genetics, stress, nutritional deficiency, hormonal imbalance, or postpartum changes","Reduced hair density, visible scalp, thinner ponytail","Use minoxidil-based topical treatment, biotin/iron supplementation (consult a doctor), and gentle scalp massage. Porosity-specific tip: Use rich creams, butters, and oils to seal the cuticle; do a protein treatment periodically since high porosity hair loses moisture quickly.",Minoxidil topical + supplements,Daily application,Moderate-Severe
1499,4C,"Coily - Tightest coil, most shrinkage",High Porosity,Sensitive Scalp,Itchy/Irritated Scalp,"Allergic reaction to products, dry skin, dandruff, or scalp psoriasis/eczema","Persistent itching, redness, occasional burning sensation","Switch to fragrance-free, sulfate-free shampoo; use a soothing scalp serum with aloe vera or tea tree oil. Porosity-specific tip: Use rich creams, butters, and oils to seal the cuticle; do a protein treatment periodically since high porosity hair loses moisture quickly.",Soothing scalp serum,"Daily until resolved, then 2x/week",Mild-Moderate
1500,4C,"Coily - Tightest coil, most shrinkage",High Porosity,Sensitive Scalp,Product Buildup,"Accumulation of styling products, hard water minerals, or infrequent clarifying washes","Dull, weighed-down hair, reduced curl definition, waxy scalp feel","Use a clarifying or chelating shampoo once every 1-2 weeks to remove residue. Porosity-specific tip: Use rich creams, butters, and oils to seal the cuticle; do a protein treatment periodically since high porosity hair loses moisture quickly.",Clarifying/chelating shampoo,Every 1-2 weeks,Mild
